{"providers":[{"file":"char/black.png","chars":[""],"height":1,"ascent":-5000,"type":"bitmap"},{"file":"char/black.png","chars":[""],"height":2,"ascent":-5000,"type":"bitmap"},{"file":"char/black.png","chars":[""],"height":3,"ascent":-5000,"type":"bitmap"},{"file":"char/black.png","chars":[""],"height":4,"ascent":-5000,"type":"bitmap"},{"file":"char/black.png","chars":[""],"height":5,"ascent":-5000,"type":"bitmap"},{"file":"char/black.png","chars":[""],"height":6,"ascent":-5000,"type":"bitmap"},{"file":"char/black.png","chars":[""],"height":7,"ascent":-5000,"type":"bitmap"},{"file":"char/black.png","chars":[""],"height":15,"ascent":-5000,"type":"bitmap"},{"file":"char/black.png","chars":[""],"height":31,"ascent":-5000,"type":"bitmap"},{"file":"char/black.png","chars":[""],"height":63,"ascent":-5000,"type":"bitmap"},{"file":"char/black.png","chars":[""],"height":127,"ascent":-5000,"type":"bitmap"},{"file":"char/black.png","chars":[""],"height":256,"ascent":-5000,"type":"bitmap"},{"file":"char/black.png","chars":[""],"height":512,"ascent":-5000,"type":"bitmap"},{"file":"char/black.png","chars":[""],"height":1024,"ascent":-5000,"type":"bitmap"},{"file":"char/black.png","chars":[""],"height":-3,"ascent":-5000,"type":"bitmap"},{"file":"char/black.png","chars":[""],"height":-4,"ascent":-5000,"type":"bitmap"},{"file":"char/black.png","chars":[""],"height":-5,"ascent":-5000,"type":"bitmap"},{"file":"char/black.png","chars":[""],"height":-6,"ascent":-5000,"type":"bitmap"},{"file":"char/black.png","chars":[""],"height":-7,"ascent":-5000,"type":"bitmap"},{"file":"char/black.png","chars":[""],"height":-8,"ascent":-5000,"type":"bitmap"},{"file":"char/black.png","chars":[""],"height":-9,"ascent":-5000,"type":"bitmap"},{"file":"char/black.png","chars":[""],"height":-10,"ascent":-5000,"type":"bitmap"},{"file":"char/black.png","chars":[""],"height":-18,"ascent":-5000,"type":"bitmap"},{"file":"char/black.png","chars":[""],"height":-34,"ascent":-5000,"type":"bitmap"},{"file":"char/black.png","chars":[""],"height":-66,"ascent":-5000,"type":"bitmap"},{"file":"char/black.png","chars":[""],"height":-130,"ascent":-5000,"type":"bitmap"},{"file":"char/black.png","chars":[""],"height":-259,"ascent":-5000,"type":"bitmap"},{"file":"char/black.png","chars":[""],"height":-515,"ascent":-5000,"type":"bitmap"},{"file":"char/black.png","chars":[""],"height":-1027,"ascent":-5000,"type":"bitmap"},{"file":"_iainternal:gui/no_recipe.png","chars":[""],"height":170,"ascent":47,"type":"bitmap"},{"file":"_iainternal:gui/crafting.png","chars":[""],"height":170,"ascent":47,"type":"bitmap"},{"file":"_iainternal:gui/cooking.png","chars":[""],"height":170,"ascent":47,"type":"bitmap"},{"file":"_iainternal:gui/blank_menu.png","chars":[""],"height":170,"ascent":47,"type":"bitmap"},{"file":"_iainternal:gui/anvil_repair.png","chars":[""],"height":170,"ascent":47,"type":"bitmap"},{"file":"_iainternal:gui/smithing.png","chars":[""],"height":170,"ascent":47,"type":"bitmap"},{"file":"mythic_ranks:member.png","chars":[""],"height":13,"ascent":9,"type":"bitmap"},{"file":"mythic_ranks:staff.png","chars":[""],"height":13,"ascent":9,"type":"bitmap"},{"file":"mythic_ranks:owner.png","chars":[""],"height":13,"ascent":9,"type":"bitmap"},{"file":"mythic_ranks:admin.png","chars":[""],"height":13,"ascent":9,"type":"bitmap"},{"file":"mythic_ranks:manager.png","chars":[""],"height":13,"ascent":9,"type":"bitmap"},{"file":"mythic_ranks:builder.png","chars":[""],"height":13,"ascent":9,"type":"bitmap"},{"file":"mythic_ranks:dev.png","chars":[""],"height":13,"ascent":9,"type":"bitmap"},{"file":"mythic_ranks:helper.png","chars":[""],"height":13,"ascent":9,"type":"bitmap"},{"file":"mythic_ranks:hero.png","chars":[""],"height":13,"ascent":9,"type":"bitmap"},{"file":"mythic_ranks:titan.png","chars":[""],"height":13,"ascent":9,"type":"bitmap"},{"file":"mythic_ranks:legend.png","chars":[""],"height":13,"ascent":9,"type":"bitmap"},{"file":"mythic_ranks:master.png","chars":[""],"height":13,"ascent":9,"type":"bitmap"},{"file":"mythic_ranks:media.png","chars":[""],"height":13,"ascent":9,"type":"bitmap"},{"file":"mythic_ranks:famous.png","chars":[""],"height":13,"ascent":9,"type":"bitmap"},{"file":"mythic_ranks:mod.png","chars":[""],"height":13,"ascent":9,"type":"bitmap"},{"file":"mythic_ranks:modplus.png","chars":[""],"height":13,"ascent":9,"type":"bitmap"},{"file":"mythic_ranks:srmod.png","chars":[""],"height":13,"ascent":9,"type":"bitmap"},{"file":"mythic_ranks:vip.png","chars":[""],"height":13,"ascent":9,"type":"bitmap"},{"file":"mythic_ranks:vipplus.png","chars":[""],"height":13,"ascent":9,"type":"bitmap"},{"file":"mythic_ranks:mvp.png","chars":[""],"height":13,"ascent":9,"type":"bitmap"},{"file":"mythic_ranks:mvpplus.png","chars":[""],"height":13,"ascent":9,"type":"bitmap"},{"file":"mythic_ranks:mvpplusplus.png","chars":[""],"height":13,"ascent":9,"type":"bitmap"},{"file":"mythic_ranks:tiktok.png","chars":[""],"height":13,"ascent":9,"type":"bitmap"},{"file":"mythic_ranks:twitch.png","chars":[""],"height":13,"ascent":9,"type":"bitmap"},{"file":"mythic_ranks:twitter.png","chars":[""],"height":13,"ascent":9,"type":"bitmap"},{"file":"mythic_ranks:youtube.png","chars":[""],"height":13,"ascent":9,"type":"bitmap"},{"file":"mythic_ranks:discord.png","chars":[""],"height":13,"ascent":11,"type":"bitmap"},{"file":"mythic_ranks:facebook.png","chars":[""],"height":13,"ascent":9,"type":"bitmap"},{"file":"mythic_ranks:instagram.png","chars":[""],"height":13,"ascent":9,"type":"bitmap"},{"file":"_iainternal:hud/small_cooldown_bar/0.png","chars":[""],"height":22,"ascent":-42,"type":"bitmap"},{"file":"_iainternal:hud/small_cooldown_bar/1.png","chars":[""],"height":22,"ascent":-42,"type":"bitmap"},{"file":"_iainternal:hud/small_cooldown_bar/2.png","chars":[""],"height":22,"ascent":-42,"type":"bitmap"},{"file":"_iainternal:hud/small_cooldown_bar/3.png","chars":[""],"height":22,"ascent":-42,"type":"bitmap"},{"file":"_iainternal:hud/small_cooldown_bar/4.png","chars":[""],"height":22,"ascent":-42,"type":"bitmap"},{"file":"_iainternal:hud/small_cooldown_bar/5.png","chars":[""],"height":22,"ascent":-42,"type":"bitmap"},{"file":"_iainternal:hud/small_cooldown_bar/6.png","chars":[""],"height":22,"ascent":-42,"type":"bitmap"},{"file":"_iainternal:hud/small_cooldown_bar/7.png","chars":[""],"height":22,"ascent":-42,"type":"bitmap"},{"file":"_iainternal:hud/small_cooldown_bar/8.png","chars":[""],"height":22,"ascent":-42,"type":"bitmap"},{"file":"_iainternal:hud/small_cooldown_bar/9.png","chars":[""],"height":22,"ascent":-42,"type":"bitmap"},{"file":"_iainternal:hud/small_cooldown_bar/10.png","chars":[""],"height":22,"ascent":-42,"type":"bitmap"},{"file":"_iainternal:hud/small_cooldown_bar/11.png","chars":[""],"height":22,"ascent":-42,"type":"bitmap"},{"file":"_iainternal:hud/small_cooldown_bar/12.png","chars":[""],"height":22,"ascent":-42,"type":"bitmap"},{"file":"_iainternal:hud/small_cooldown_bar/13.png","chars":[""],"height":22,"ascent":-42,"type":"bitmap"},{"file":"_iainternal:hud/small_cooldown_bar/14.png","chars":[""],"height":22,"ascent":-42,"type":"bitmap"},{"file":"_iainternal:hud/small_cooldown_bar/15.png","chars":[""],"height":22,"ascent":-42,"type":"bitmap"},{"file":"_iainternal:hud/small_cooldown_bar/16.png","chars":[""],"height":22,"ascent":-42,"type":"bitmap"},{"file":"_iainternal:hud/small_cooldown_bar/17.png","chars":[""],"height":22,"ascent":-42,"type":"bitmap"},{"file":"_iainternal:hud/small_cooldown_bar/18.png","chars":[""],"height":22,"ascent":-42,"type":"bitmap"},{"file":"_iainternal:hud/small_cooldown_bar/19.png","chars":[""],"height":22,"ascent":-42,"type":"bitmap"},{"file":"_iainternal:hud/small_cooldown_bar/20.png","chars":[""],"height":22,"ascent":-42,"type":"bitmap"}]}