{"credit":"Made with Blockbench","texture_size":[64,64],"textures":{"0":"elitecreatures:ifrit_animated/tex4","1":"elitecreatures:ifrit_animated/hornfire","particle":"elitecreatures:ifrit_animated/tex4"},"elements":[{"from":[7.64134,5.63103,11.10072],"to":[7.64134,19.63103,28.10072],"rotation":{"angle":-22.5,"axis":"x","origin":[7.69134,6.27172,8]},"faces":{"north":{"uv":[8.125,2,8.125,16],"rotation":180,"texture":"#1"},"east":{"uv":[16,0,0,14],"rotation":180,"texture":"#1"},"south":{"uv":[8.125,2,8.125,16],"rotation":180,"texture":"#1"},"west":{"uv":[0,0,16,14],"rotation":180,"texture":"#1"},"up":{"uv":[7.5,0,7.5,16],"texture":"#1"},"down":{"uv":[6.875,0,6.875,16],"texture":"#1"}}},{"from":[6.64134,-10,6.69134],"to":[8.64134,3,8.69134],"rotation":{"angle":0,"axis":"y","origin":[7.69134,6.27172,8]},"faces":{"north":{"uv":[10.625,5.25,10.125,8.5],"texture":"#0"},"east":{"uv":[10.625,2,10.125,5.25],"texture":"#0"},"south":{"uv":[10.125,3.5,9.625,6.75],"texture":"#0"},"west":{"uv":[10.125,6.75,9.625,10],"texture":"#0"},"up":{"uv":[9.125,8.5,9.625,8],"rotation":90,"texture":"#0"},"down":{"uv":[9.125,8.5,9.625,8],"rotation":270,"texture":"#0"}}},{"from":[6.14134,-7.72298,-6.4312],"to":[9.14134,-3.72298,-2.4312],"rotation":{"angle":-45,"axis":"x","origin":[7.69134,6.27172,8]},"faces":{"north":{"uv":[7.875,8,6.875,7.25],"rotation":90,"texture":"#0"},"east":{"uv":[9.625,7,8.625,8],"texture":"#0"},"south":{"uv":[8.625,7,7.875,8],"texture":"#0"},"west":{"uv":[8.625,8,9.625,7],"rotation":270,"texture":"#0"},"up":{"uv":[8.625,7,7.875,8],"rotation":180,"texture":"#0"},"down":{"uv":[6.875,8,7.875,7.25],"rotation":270,"texture":"#0"}}},{"from":[6.14134,0,6.19134],"to":[9.14134,1,9.19134],"rotation":{"angle":0,"axis":"y","origin":[7.69134,6.27172,8]},"faces":{"north":{"uv":[6.375,3.75,5.625,4],"texture":"#0"},"east":{"uv":[6.375,2.75,5.625,3],"texture":"#0"},"south":{"uv":[6.375,3.75,5.625,4],"texture":"#0"},"west":{"uv":[6.375,2.75,5.625,3],"texture":"#0"},"up":{"uv":[5.625,3.75,6.375,3],"rotation":90,"texture":"#0"},"down":{"uv":[5.625,4.75,6.375,4],"rotation":270,"texture":"#0"}}},{"from":[6.14134,-6,6.19134],"to":[9.14134,-5,9.19134],"rotation":{"angle":0,"axis":"y","origin":[7.69134,6.27172,8]},"faces":{"north":{"uv":[6.375,3.75,5.625,4],"texture":"#0"},"east":{"uv":[6.375,2.75,5.625,3],"texture":"#0"},"south":{"uv":[6.375,3.75,5.625,4],"texture":"#0"},"west":{"uv":[6.375,2.75,5.625,3],"texture":"#0"},"up":{"uv":[5.625,3.75,6.375,3],"rotation":90,"texture":"#0"},"down":{"uv":[5.625,4.75,6.375,4],"rotation":270,"texture":"#0"}}},{"from":[6.19134,10.28917,6.83884],"to":[9.19134,17.28917,9.33884],"rotation":{"angle":-22.5,"axis":"x","origin":[7.69134,6.27172,8]},"faces":{"north":{"uv":[1.25,3.375,2,5.125],"texture":"#0"},"east":{"uv":[2.5,3.375,4.25,2.75],"rotation":270,"texture":"#0"},"south":{"uv":[2,3.375,2.75,5.125],"rotation":180,"texture":"#0"},"west":{"uv":[4.25,3.375,2.5,2.75],"rotation":90,"texture":"#0"},"up":{"uv":[1.75,2.75,2.5,3.375],"texture":"#0"},"down":{"uv":[2.75,3.375,3.5,4],"rotation":180,"texture":"#0"}}},{"from":[6.64134,3,6.69134],"to":[8.64134,16,8.69134],"rotation":{"angle":0,"axis":"y","origin":[7.69134,6.27172,8]},"faces":{"north":{"uv":[9.625,6.75,10.125,3.5],"texture":"#0"},"east":{"uv":[10.125,5.25,10.625,2],"texture":"#0"},"south":{"uv":[10.125,8.5,10.625,5.25],"texture":"#0"},"west":{"uv":[9.625,10,10.125,6.75],"texture":"#0"},"up":{"uv":[9.625,8,9.125,8.5],"rotation":90,"texture":"#0"},"down":{"uv":[9.625,8,9.125,8.5],"rotation":270,"texture":"#0"}}},{"from":[3.69134,9,-1.30866],"to":[11.69134,17,4.69134],"rotation":{"angle":0,"axis":"y","origin":[7.69134,6.27172,8]},"faces":{"north":{"uv":[11,3.75,13,5.75],"texture":"#0"},"east":{"uv":[13,3.75,14.5,5.75],"texture":"#0"},"south":{"uv":[12.5,5.75,14.5,7.75],"texture":"#0"},"west":{"uv":[14.5,3.75,13,5.75],"texture":"#0"},"up":{"uv":[14.5,3.75,16,5.75],"rotation":270,"texture":"#0"},"down":{"uv":[14.5,5.75,16,7.75],"rotation":90,"texture":"#0"}}},{"from":[7.19134,18.33088,9.73366],"to":[8.19134,20.83088,11.23366],"rotation":{"angle":-22.5,"axis":"x","origin":[7.69134,6.27172,8]},"faces":{"north":{"uv":[2.5,7.875,2.25,8.5],"rotation":180,"texture":"#0"},"east":{"uv":[2.125,7.625,1.75,8.25],"rotation":180,"texture":"#0"},"south":{"uv":[2.5,7.25,2.25,7.875],"rotation":180,"texture":"#0"},"west":{"uv":[2.125,7.625,1.75,8.25],"rotation":180,"texture":"#0"},"up":{"uv":[2.75,7.25,2.5,7.625],"texture":"#0"},"down":{"uv":[2.75,7.625,2.5,8],"texture":"#0"}}},{"from":[6.94134,16.25,4.19134],"to":[8.44134,19.25,7.69134],"rotation":{"angle":0,"axis":"y","origin":[7.69134,6.27172,8]},"faces":{"north":{"uv":[7.625,8.375,7.125,9.125],"rotation":180,"texture":"#0"},"east":{"uv":[8.125,9.125,7.375,10],"rotation":270,"texture":"#0"},"south":{"uv":[0.5,4,0,4.75],"texture":"#0"},"west":{"uv":[7.375,9.125,8.125,10],"rotation":90,"texture":"#0"},"up":{"uv":[7.375,9.125,6.875,10],"rotation":180,"texture":"#0"},"down":{"uv":[8.125,8.25,7.625,9.125],"texture":"#0"}}},{"from":[7.69134,16.75,-2.80866],"to":[7.69134,20.25,1.19134],"rotation":{"angle":0,"axis":"y","origin":[7.69134,6.27172,8]},"faces":{"north":{"uv":[0,1.375,0,0.5],"rotation":180,"texture":"#0"},"east":{"uv":[1,1.375,0,0.5],"rotation":180,"texture":"#0"},"south":{"uv":[0,1.375,0,0.5],"rotation":180,"texture":"#0"},"west":{"uv":[0,1.375,1,0.5],"rotation":180,"texture":"#0"},"up":{"uv":[0,1.5,0,0.5],"rotation":180,"texture":"#0"},"down":{"uv":[0,0.5,0,1.5],"rotation":180,"texture":"#0"}}},{"from":[6.94134,16.75,0.69134],"to":[8.44134,18.75,4.19134],"rotation":{"angle":0,"axis":"y","origin":[7.69134,6.27172,8]},"faces":{"north":{"uv":[6,12.25,5.625,11.75],"rotation":180,"texture":"#0"},"east":{"uv":[6.875,12.25,6.375,11.375],"rotation":270,"texture":"#0"},"south":{"uv":[6.375,12.25,6,11.75],"texture":"#0"},"west":{"uv":[6.375,12.25,6.875,11.375],"rotation":90,"texture":"#0"},"up":{"uv":[5.625,10.875,6,11.75],"texture":"#0"},"down":{"uv":[6,10.875,6.375,11.75],"rotation":180,"texture":"#0"}}},{"from":[5.94134,11.25,6.69134],"to":[9.44134,14.75,11.69134],"rotation":{"angle":0,"axis":"y","origin":[7.69134,6.27172,8]},"faces":{"north":{"uv":[11.375,2.875,12.25,3.75],"texture":"#0"},"east":{"uv":[11.25,5.75,12.5,6.625],"texture":"#0"},"south":{"uv":[11.375,2.875,12.25,3.75],"texture":"#0"},"west":{"uv":[11.25,5.75,12.5,6.625],"texture":"#0"},"up":{"uv":[11.25,6.625,12.5,7.5],"rotation":270,"texture":"#0"},"down":{"uv":[11.25,6.625,12.5,7.5],"rotation":90,"texture":"#0"}}},{"from":[4.69134,10,11.69134],"to":[10.69134,16,14.69134],"rotation":{"angle":0,"axis":"y","origin":[7.69134,6.27172,8]},"faces":{"north":{"uv":[13,7.75,14.5,9.25],"texture":"#0"},"east":{"uv":[14.5,7.75,15.25,9.25],"texture":"#0"},"south":{"uv":[11.5,7.75,13,9.25],"texture":"#0"},"west":{"uv":[14.5,7.75,15.25,9.25],"texture":"#0"},"up":{"uv":[15.25,7.75,16,9.25],"rotation":270,"texture":"#0"},"down":{"uv":[10.75,7.75,11.5,9.25],"rotation":90,"texture":"#0"}}},{"from":[8.69134,10.57601,11.86779],"to":[9.69134,15.57601,16.86779],"rotation":{"angle":-45,"axis":"x","origin":[7.69134,6.27172,8]},"faces":{"north":{"uv":[5,0.75,6.25,0.5],"rotation":270,"texture":"#0"},"east":{"uv":[5.25,2,6.5,0.75],"rotation":90,"texture":"#0"},"south":{"uv":[5.25,0.75,5,2],"rotation":180,"texture":"#0"},"west":{"uv":[6.5,0.75,5.25,2],"rotation":180,"texture":"#0"},"up":{"uv":[5.25,0.75,5,2],"rotation":180,"texture":"#0"},"down":{"uv":[5,0.75,6.25,0.5],"rotation":270,"texture":"#0"}}},{"from":[6.69134,10.57601,11.86779],"to":[8.69134,15.57601,16.86779],"rotation":{"angle":-45,"axis":"x","origin":[7.69134,6.27172,8]},"faces":{"north":{"uv":[3.125,5.875,4.375,5.375],"rotation":270,"texture":"#0"},"east":{"uv":[4.375,6.625,5.625,5.375],"rotation":90,"texture":"#0"},"south":{"uv":[6.125,5.375,5.625,6.625],"rotation":180,"texture":"#0"},"west":{"uv":[5.625,5.375,4.375,6.625],"rotation":180,"texture":"#0"},"up":{"uv":[6.125,6.625,5.625,5.375],"rotation":180,"texture":"#0"},"down":{"uv":[3.125,5.875,4.375,5.375],"rotation":270,"texture":"#0"}}},{"from":[5.69134,10.57601,11.86779],"to":[6.69134,15.57601,16.86779],"rotation":{"angle":-45,"axis":"x","origin":[7.69134,6.27172,8]},"faces":{"north":{"uv":[5,0.5,6.25,0.75],"rotation":270,"texture":"#0"},"east":{"uv":[5.25,0.75,6.5,2],"rotation":180,"texture":"#0"},"south":{"uv":[5,0.75,5.25,2],"rotation":180,"texture":"#0"},"west":{"uv":[5.25,0.75,6.5,2],"rotation":90,"texture":"#0"},"up":{"uv":[5,0.75,5.25,2],"rotation":180,"texture":"#0"},"down":{"uv":[5,0.5,6.25,0.75],"rotation":270,"texture":"#0"}}},{"from":[7.19134,20.51153,7.84382],"to":[8.19134,24.51153,9.34382],"rotation":{"angle":22.5,"axis":"x","origin":[7.69134,6.27172,8]},"faces":{"north":{"uv":[4,3.375,4.25,4.375],"rotation":180,"texture":"#0"},"east":{"uv":[5.5,2.75,4.5,3.125],"rotation":90,"texture":"#0"},"south":{"uv":[4.25,3.5,4.5,4.5],"texture":"#0"},"west":{"uv":[4.5,2.75,5.5,3.125],"rotation":270,"texture":"#0"},"up":{"uv":[4.25,2.75,4.5,3.125],"texture":"#0"},"down":{"uv":[4.25,3.125,4.5,3.5],"rotation":180,"texture":"#0"}}},{"from":[6.94134,10.4753,18.67317],"to":[8.44134,12.4753,21.67317],"rotation":{"angle":-45,"axis":"x","origin":[7.69134,6.27172,8]},"faces":{"north":{"uv":[1.25,5.125,1.625,5.625],"texture":"#0"},"east":{"uv":[2.375,5.125,1.625,5.625],"texture":"#0"},"south":{"uv":[1.25,5.125,1.625,5.625],"texture":"#0"},"west":{"uv":[1.625,5.125,2.375,5.625],"texture":"#0"},"up":{"uv":[2.375,5.125,2.75,5.875],"texture":"#0"},"down":{"uv":[2.75,5.375,3.125,6.125],"texture":"#0"}}},{"from":[6.69134,14.21464,13.23115],"to":[8.69134,16.71464,16.23115],"rotation":{"angle":-22.5,"axis":"x","origin":[7.69134,6.27172,8]},"faces":{"north":{"uv":[2.75,4,3.25,4.625],"texture":"#0"},"east":{"uv":[4,4,3.25,4.625],"texture":"#0"},"south":{"uv":[3.5,3.375,4,4],"texture":"#0"},"west":{"uv":[3.25,4,4,4.625],"texture":"#0"},"up":{"uv":[2.75,4.625,3.25,5.375],"texture":"#0"},"down":{"uv":[3.25,4.625,3.75,5.375],"texture":"#0"}}},{"from":[7.44134,23.06688,0.91216],"to":[7.94134,27.06688,2.41216],"rotation":{"angle":45,"axis":"x","origin":[7.69134,6.27172,8]},"faces":{"north":{"uv":[4.5,3.625,4.625,4.625],"rotation":180,"texture":"#0"},"east":{"uv":[5.625,3.25,4.625,3.625],"rotation":90,"texture":"#0"},"south":{"uv":[4.625,3.625,4.75,4.625],"texture":"#0"},"west":{"uv":[4.625,3.25,5.625,3.625],"rotation":270,"texture":"#0"},"up":{"uv":[4.5,3.25,4.625,3.625],"texture":"#0"},"down":{"uv":[4.5,3.25,4.625,3.625],"rotation":180,"texture":"#0"}}},{"from":[7.19134,5.61197,4.79824],"to":[8.19134,9.61197,6.29824],"rotation":{"angle":-22.5,"axis":"x","origin":[7.69134,6.27172,8]},"faces":{"north":{"uv":[4.25,3.5,4.5,4.5],"rotation":180,"texture":"#0"},"east":{"uv":[5.5,2.75,4.5,3.125],"rotation":270,"texture":"#0"},"south":{"uv":[4,3.375,4.25,4.375],"texture":"#0"},"west":{"uv":[4.5,2.75,5.5,3.125],"rotation":90,"texture":"#0"},"up":{"uv":[4.25,3.125,4.5,3.5],"rotation":180,"texture":"#0"},"down":{"uv":[4.25,2.75,4.5,3.125],"texture":"#0"}}},{"from":[6.94134,8.12941,3.75948],"to":[8.44134,11.12941,5.75948],"rotation":{"angle":0,"axis":"y","origin":[7.69134,6.27172,8]},"faces":{"north":{"uv":[2.75,5.375,3.125,6.125],"rotation":180,"texture":"#0"},"east":{"uv":[2.375,5.125,1.625,5.625],"rotation":270,"texture":"#0"},"south":{"uv":[2.375,5.125,2.75,5.875],"texture":"#0"},"west":{"uv":[1.625,5.125,2.375,5.625],"rotation":90,"texture":"#0"},"up":{"uv":[1.25,5.125,1.625,5.625],"rotation":180,"texture":"#0"},"down":{"uv":[1.25,5.125,1.625,5.625],"texture":"#0"}}},{"from":[7.44134,1.00741,5.14374],"to":[7.94134,5.00741,6.64374],"rotation":{"angle":0,"axis":"y","origin":[7.69134,6.27172,8]},"faces":{"north":{"uv":[4.625,3.625,4.75,4.625],"rotation":180,"texture":"#0"},"east":{"uv":[5.625,3.25,4.625,3.625],"rotation":270,"texture":"#0"},"south":{"uv":[4.5,3.625,4.625,4.625],"texture":"#0"},"west":{"uv":[4.625,3.25,5.625,3.625],"rotation":90,"texture":"#0"},"up":{"uv":[4.5,3.25,4.625,3.625],"rotation":180,"texture":"#0"},"down":{"uv":[4.5,3.25,4.625,3.625],"texture":"#0"}}},{"from":[7.69134,2,0.34134],"to":[7.69134,15,5.84134],"rotation":{"angle":0,"axis":"y","origin":[7.69134,6.27172,8]},"faces":{"north":{"uv":[1,0,1,3.25],"rotation":180,"texture":"#0"},"east":{"uv":[4.25,0,1,1.375],"rotation":270,"texture":"#0"},"south":{"uv":[1,3.25,1,0],"texture":"#0"},"west":{"uv":[1,0,4.25,1.375],"rotation":90,"texture":"#0"},"up":{"uv":[1,0,1,1.375],"rotation":180,"texture":"#0"},"down":{"uv":[1,0,1,1.375],"texture":"#0"}}},{"from":[6.69134,9.15779,2.19819],"to":[8.69134,12.15779,4.69819],"rotation":{"angle":22.5,"axis":"x","origin":[7.69134,6.27172,8]},"faces":{"north":{"uv":[3.25,4.625,3.75,5.375],"rotation":180,"texture":"#0"},"east":{"uv":[4,4,3.25,4.625],"rotation":270,"texture":"#0"},"south":{"uv":[2.75,4.625,3.25,5.375],"texture":"#0"},"west":{"uv":[3.25,4,4,4.625],"rotation":90,"texture":"#0"},"up":{"uv":[2.75,4,3.25,4.625],"rotation":180,"texture":"#0"},"down":{"uv":[3.5,3.375,4,4],"texture":"#0"}}},{"from":[7.69134,-14.5,3.69134],"to":[7.69134,-8.5,7.69134],"rotation":{"angle":0,"axis":"y","origin":[7.69134,6.27172,8]},"faces":{"north":{"uv":[0,0,1.25,0],"rotation":270,"texture":"#0"},"east":{"uv":[9.625,7,8.125,6],"rotation":270,"texture":"#0"},"south":{"uv":[0,0,1.25,0],"rotation":270,"texture":"#0"},"west":{"uv":[8.125,7,9.625,6],"rotation":90,"texture":"#0"},"up":{"uv":[0,1,0,0],"rotation":180,"texture":"#0"},"down":{"uv":[0,1,0,0],"texture":"#0"}}},{"from":[7.69134,-14.5,7.69134],"to":[7.69134,-8.5,11.69134],"rotation":{"angle":0,"axis":"y","origin":[7.69134,6.27172,8]},"faces":{"north":{"uv":[0,0,1.25,0],"rotation":270,"texture":"#0"},"east":{"uv":[9.625,6,8.125,7],"rotation":270,"texture":"#0"},"south":{"uv":[0,0,1.25,0],"rotation":270,"texture":"#0"},"west":{"uv":[8.125,6,9.625,7],"rotation":90,"texture":"#0"},"up":{"uv":[0,0,0,1],"rotation":180,"texture":"#0"},"down":{"uv":[0,0,0,1],"texture":"#0"}}},{"from":[7.54134,11.21193,6.07825],"to":[9.04134,13.21193,8.07825],"rotation":{"angle":45,"axis":"x","origin":[7.69134,6.27172,8]},"faces":{"north":{"uv":[5.5,4.25,5.125,4.75],"texture":"#0"},"east":{"uv":[5.125,3.75,5.625,4.25],"texture":"#0"},"south":{"uv":[5.5,4.25,5.125,4.75],"texture":"#0"},"west":{"uv":[5.625,3.75,5.125,4.25],"texture":"#0"},"up":{"uv":[4.75,4.25,5.125,3.75],"texture":"#0"},"down":{"uv":[4.75,4.75,5.125,4.25],"texture":"#0"}}},{"from":[7.79134,6.86487,12.66251],"to":[8.79134,8.86487,14.16251],"rotation":{"angle":-22.5,"axis":"x","origin":[7.69134,6.27172,8]},"faces":{"north":{"uv":[2.25,5.75,2,6.25],"rotation":180,"texture":"#0"},"east":{"uv":[2,6.125,1.5,5.75],"rotation":90,"texture":"#0"},"south":{"uv":[2.75,5.875,2.5,6.375],"rotation":180,"texture":"#0"},"west":{"uv":[1.5,6.125,2,5.75],"rotation":270,"texture":"#0"},"up":{"uv":[1.25,6.125,1.5,5.75],"texture":"#0"},"down":{"uv":[1.25,6.125,1.5,5.75],"rotation":180,"texture":"#0"}}},{"from":[8.04134,7.17008,12.4561],"to":[8.54134,9.17008,13.4561],"rotation":{"angle":0,"axis":"y","origin":[7.69134,6.27172,8]},"faces":{"north":{"uv":[2.5,6.125,2.375,6.625],"texture":"#0"},"east":{"uv":[2,6.375,1.5,6.125],"rotation":90,"texture":"#0"},"south":{"uv":[2.375,5.75,2.25,6.25],"rotation":180,"texture":"#0"},"west":{"uv":[1.5,6.375,2,6.125],"rotation":270,"texture":"#0"},"up":{"uv":[2.375,6.125,2.5,5.875],"texture":"#0"},"down":{"uv":[2.375,6.125,2.5,5.875],"rotation":180,"texture":"#0"}}}],"gui_light":"front","display":{"thirdperson_righthand":{"rotation":[6,12,2],"translation":[0,7,2.25],"scale":[0.82813,0.82813,0.82813]},"thirdperson_lefthand":{"rotation":[6,12,2],"translation":[0,7,2.25],"scale":[0.82813,0.82813,0.82813]},"firstperson_righthand":{"rotation":[-9,15,3],"translation":[7.25,5.75,-5.25],"scale":[0.79102,0.79102,0.79102]},"firstperson_lefthand":{"rotation":[-9,15,3],"translation":[7.25,5.75,-5.25],"scale":[0.79102,0.79102,0.79102]},"ground":{"rotation":[0,0,90],"translation":[-1.75,0.25,0],"scale":[0.5,0.5,0.5]},"gui":{"rotation":[95,131,-95],"translation":[-0.25,0,-1.25],"scale":[0.38336,0.38336,0.38336]},"head":{"rotation":[90,-168,90],"translation":[0.25,11.75,0],"scale":[0.81586,0.81586,0.81586]},"fixed":{"rotation":[0,90,0],"translation":[3.75,5.25,-2.25],"scale":[1.49,1.49,1.49]}}}