{"sources":[{"type":"single","resource":"fairyset:crossbow_1"},{"type":"single","resource":"valerieset:armor/valerie_legging_icon"},{"type":"single","resource":"fairyset:crossbow_2"},{"type":"single","resource":"elitecreatures:armor/skeletonoverlord_chestplate"},{"type":"single","resource":"valerieset:bow_1"},{"type":"single","resource":"fairyset:greatsword"},{"type":"single","resource":"valerieset:bow_2"},{"type":"single","resource":"cosmo_pack:gravity_2"},{"type":"single","resource":"valerieset:sword"},{"type":"single","resource":"fairyset:hoe"},{"type":"single","resource":"cosmo_pack:gravity_1"},{"type":"single","resource":"slayer_set:sword"},{"type":"single","resource":"valerieset:crossbow"},{"type":"single","resource":"slayer_set:fishing_rod"},{"type":"single","resource":"slayer_set:bow_2"},{"type":"single","resource":"slayer_set:bow_1"},{"type":"single","resource":"cosmo_pack:wings-animation"},{"type":"single","resource":"fairyset:animations/animations_pickaxe"},{"type":"single","resource":"azureset:wings"},{"type":"single","resource":"elitecreatures:pink_legacy_animated_weapon_set/texture"},{"type":"single","resource":"azureset:trident"},{"type":"single","resource":"azureset:helmet"},{"type":"single","resource":"fairyset:armor/fairy_chestplate_icon"},{"type":"single","resource":"_iainternal:icons/icon_next_orange"},{"type":"single","resource":"slayer_set:spear"},{"type":"single","resource":"azureset:bow"},{"type":"single","resource":"elitecreatures:bahamut_animated_weapon_set/bahamut_chestplate"},{"type":"single","resource":"slayer_set:hoe"},{"type":"single","resource":"fairyset:trident"},{"type":"single","resource":"azureset:shield"},{"type":"single","resource":"elitecreatures:pink_legacy_animated_weapon_set/eff_01"},{"type":"single","resource":"elitecreatures:pink_legacy_animated_weapon_set/eff_02"},{"type":"single","resource":"draculaset:armor/dracula_boots_icon"},{"type":"single","resource":"elitecreatures:pink_legacy_animated_weapon_set/eff_03"},{"type":"single","resource":"elitecreatures:pink_legacy_animated_weapon_set/eff_04"},{"type":"single","resource":"azureset:crossbow_firework"},{"type":"single","resource":"elitecreatures:pink_legacy_animated_weapon_set/eff_05"},{"type":"single","resource":"valerieset:spear"},{"type":"single","resource":"azureset:chest"},{"type":"single","resource":"valerieset:scythe"},{"type":"single","resource":"valerieset:shield"},{"type":"single","resource":"slayer_set:helmet"},{"type":"single","resource":"fairyset:bow_1"},{"type":"single","resource":"fairyset:chest"},{"type":"single","resource":"azureset:crossbow"},{"type":"single","resource":"_iainternal:icons/icon_cancel"},{"type":"single","resource":"slayer_set:key"},{"type":"single","resource":"slayer_set:hammer"},{"type":"single","resource":"fairyset:spear"},{"type":"single","resource":"fairyset:bow_2"},{"type":"single","resource":"valerieset:armor/valerie_chestplate_icon"},{"type":"single","resource":"_iainternal:icons/icon_arrow_chest"},{"type":"single","resource":"starlight:armor/starlight_helmet_icon"},{"type":"single","resource":"elitecreatures:ifrit_animated/fire"},{"type":"single","resource":"valerieset:axe"},{"type":"single","resource":"draculaset:fishing"},{"type":"single","resource":"fairyset:key"},{"type":"single","resource":"elitecreatures:pink_legacy_animated_weapon_set/pink_legacy_leggings"},{"type":"single","resource":"slayer_set:chest"},{"type":"single","resource":"fairyset:sword"},{"type":"single","resource":"elitecreatures:ifrit_animated/hornfire"},{"type":"single","resource":"elitecreatures:armor/skeletonoverlord_boots"},{"type":"single","resource":"slayer_set:shield"},{"type":"single","resource":"draculaset:shield"},{"type":"single","resource":"fairyset:armor/fairy_helmet_icon"},{"type":"single","resource":"starlight:texture"},{"type":"single","resource":"azureset:greatsword"},{"type":"single","resource":"draculaset:crystal"},{"type":"single","resource":"fairyset:fishing_rod_cast"},{"type":"single","resource":"fairyset:bow"},{"type":"single","resource":"cosmo_pack:lighting_small"},{"type":"single","resource":"azureset:fishing_rod"},{"type":"single","resource":"cosmo_pack:lighting"},{"type":"single","resource":"azureset:hammer"},{"type":"single","resource":"starlight:mini_wings"},{"type":"single","resource":"elitecreatures:pink_legacy_animated_weapon_set/pink_legacy_boots"},{"type":"single","resource":"cosmo_pack:light_3"},{"type":"single","resource":"cosmo_pack:light_1"},{"type":"single","resource":"elitecreatures:skeletonoverlord_texture_01"},{"type":"single","resource":"slayer_set:bow"},{"type":"single","resource":"starlight:add_on"},{"type":"single","resource":"fairyset:shield"},{"type":"single","resource":"azureset:scythe"},{"type":"single","resource":"azureset:key"},{"type":"single","resource":"starlight:wings"},{"type":"single","resource":"azureset:armor/azure_chestplate_icon"},{"type":"single","resource":"elitecreatures:ifrit_animated/armor/leggings_icon"},{"type":"single","resource":"slayer_set:wings"},{"type":"single","resource":"valerieset:fishing_rod_cast"},{"type":"single","resource":"valerieset:animations/animation_1"},{"type":"single","resource":"valerieset:animations/animation_2"},{"type":"single","resource":"cosmo_pack:armor/cosmo_pack_boots_icon"},{"type":"single","resource":"azureset:hoe"},{"type":"single","resource":"draculaset:sleep"},{"type":"single","resource":"elitecreatures:bahamut_animated_weapon_set/bahamut_boots"},{"type":"single","resource":"fairyset:helmet"},{"type":"single","resource":"valerieset:hammer"},{"type":"single","resource":"elitecreatures:ifrit_animated/armor/helmet_icon"},{"type":"single","resource":"fairyset:scythe"},{"type":"single","resource":"draculaset:armor/dracula_chestplate_icon"},{"type":"single","resource":"valerieset:armor/valerie_helmet_icon"},{"type":"single","resource":"azureset:armor/azure_leggings_icon"},{"type":"single","resource":"_iainternal:icons/icon_search"},{"type":"single","resource":"fairyset:hammer"},{"type":"single","resource":"elitecreatures:pink_legacy_animated_weapon_set/texture2"},{"type":"single","resource":"elitecreatures:bahamut_animated_weapon_set/bahamut_helmet"},{"type":"single","resource":"elitecreatures:pink_legacy_animated_weapon_set/texture1"},{"type":"single","resource":"slayer_set:claymore"},{"type":"single","resource":"azureset:staff"},{"type":"single","resource":"elitecreatures:pink_legacy_animated_weapon_set/pink_legacy_helmet"},{"type":"single","resource":"elitecreatures:pink_legacy_animated_weapon_set/shield"},{"type":"single","resource":"azureset:animations/animations_3"},{"type":"single","resource":"fairyset:animations/animations_04"},{"type":"single","resource":"azureset:animations/animations_1"},{"type":"single","resource":"fairyset:animations/animations_03"},{"type":"single","resource":"fairyset:animations/animations_axe"},{"type":"single","resource":"azureset:animations/animations_2"},{"type":"single","resource":"valerieset:shovel"},{"type":"single","resource":"slayer_set:shovel"},{"type":"single","resource":"slayer_set:pickaxe"},{"type":"single","resource":"elitecreatures:ifrit_animated/tex2"},{"type":"single","resource":"draculaset:wings_sheet"},{"type":"single","resource":"elitecreatures:ifrit_animated/tex1"},{"type":"single","resource":"_iainternal:icons/icon_left_blue"},{"type":"single","resource":"fairyset:armor/fairy_boots_icon"},{"type":"single","resource":"cosmo_pack:chest"},{"type":"single","resource":"draculaset:armor/dracula_leggings_icon"},{"type":"single","resource":"slayer_set:staff"},{"type":"single","resource":"elitecreatures:ifrit_animated/tex4"},{"type":"single","resource":"elitecreatures:ifrit_animated/tex3"},{"type":"single","resource":"valerieset:staff"},{"type":"single","resource":"cosmo_pack:sword"},{"type":"single","resource":"valerieset:key"},{"type":"single","resource":"elitecreatures:bahamut_animated_weapon_set/bahamut_leggings"},{"type":"single","resource":"fairyset:armor/fairy_leggings_icon"},{"type":"single","resource":"cosmo_pack:armor/cosmo_pack_chestplate_icon"},{"type":"single","resource":"fairyset:animations/animations_02"},{"type":"single","resource":"fairyset:axe"},{"type":"single","resource":"fairyset:animations/animations_01"},{"type":"single","resource":"starlight:armor/starlight_chestplate_icon"},{"type":"single","resource":"draculaset:demon_eye"},{"type":"single","resource":"fairyset:staff"},{"type":"single","resource":"elitecreatures:ifrit_animated/armor/boots_icon"},{"type":"single","resource":"draculaset:smoke"},{"type":"single","resource":"valerieset:hoe"},{"type":"single","resource":"slayer_set:animation_2"},{"type":"single","resource":"starlight:chest"},{"type":"single","resource":"slayer_set:animation_1"},{"type":"single","resource":"valerieset:armor/valerie_boots_icon"},{"type":"single","resource":"cosmo_pack:light"},{"type":"single","resource":"valerieset:pickaxe"},{"type":"single","resource":"valerieset:trident"},{"type":"single","resource":"elitecreatures:skeletonoverlord_animation_01"},{"type":"single","resource":"elitecreatures:skeletonoverlord_animation_02"},{"type":"single","resource":"elitecreatures:skeletonoverlord_animation_03"},{"type":"single","resource":"elitecreatures:skeletonoverlord_animation_04"},{"type":"single","resource":"fairyset:wings"},{"type":"single","resource":"slayer_set:knife"},{"type":"single","resource":"valerieset:fishing_rod"},{"type":"single","resource":"slayer_set:fishing_rod_cast"},{"type":"single","resource":"elitecreatures:armor/skeletonoverlord_leggings"},{"type":"single","resource":"azureset:crossbow_2"},{"type":"single","resource":"draculaset:armor/dracula_helmet_icon"},{"type":"single","resource":"azureset:crossbow_1"},{"type":"single","resource":"cosmo_pack:armor/cosmo_pack_leggings_icon"},{"type":"single","resource":"elitecreatures:bahamut_animated_weapon_set/bahamut_animation_02"},{"type":"single","resource":"elitecreatures:bahamut_animated_weapon_set/bahamut_animation_03"},{"type":"single","resource":"fairyset:pickaxe"},{"type":"single","resource":"fairyset:shovel"},{"type":"single","resource":"draculaset:string"},{"type":"single","resource":"starlight:armor/starlight_leggings_icon"},{"type":"single","resource":"starlight:armor/starlight_boots_icon"},{"type":"single","resource":"fairyset:crossbow_firework"},{"type":"single","resource":"fairyset:fishing_rod"},{"type":"single","resource":"elitecreatures:armor/skeletonoverlord_helmet"},{"type":"single","resource":"azureset:fishing_rod_cast"},{"type":"single","resource":"starlight:spark"},{"type":"single","resource":"valerieset:bow"},{"type":"single","resource":"cosmo_pack:armor/cosmo_pack_helmet_icon"},{"type":"single","resource":"cosmo_pack:ring"},{"type":"single","resource":"azureset:pickaxe"},{"type":"single","resource":"elitecreatures:bahamut_animated_weapon_set/bahamut_texture_01"},{"type":"single","resource":"elitecreatures:bahamut_animated_weapon_set/bahamut_animation_01"},{"type":"single","resource":"azureset:armor/azure_helmet_icon"},{"type":"single","resource":"starlight:wings_animated"},{"type":"single","resource":"draculaset:paralyzed"},{"type":"single","resource":"azureset:bow_2"},{"type":"single","resource":"azureset:bow_1"},{"type":"single","resource":"draculaset:chest"},{"type":"single","resource":"valerieset:crossbow_2"},{"type":"single","resource":"valerieset:crossbow_1"},{"type":"single","resource":"azureset:armor/azure_boots_icon"},{"type":"single","resource":"valerieset:greatsword"},{"type":"single","resource":"_iainternal:icons/icon_back_orange"},{"type":"single","resource":"elitecreatures:ifrit_animated/armor/chestplate_icon"},{"type":"single","resource":"azureset:sword"},{"type":"single","resource":"slayer_set:axe"},{"type":"single","resource":"valerieset:wings"},{"type":"single","resource":"_iainternal:icons/icon_right_blue"},{"type":"single","resource":"starlight:wings_texture"},{"type":"single","resource":"azureset:shovel"},{"type":"single","resource":"fairyset:crossbow"},{"type":"single","resource":"azureset:axe"},{"type":"single","resource":"valerieset:chest"},{"type":"single","resource":"azureset:spear"},{"type":"single","resource":"draculaset:sword"},{"type":"single","resource":"elitecreatures:pink_legacy_animated_weapon_set/pink_legacy_chestplate"},{"type":"single","resource":"starlight:light"}]}