{"credit":"MadewithBlockbench","texture_size":[128,128],"textures":{"0":"elitecreatures:bahamut_animated_weapon_set/bahamut_texture_01","2":"elitecreatures:bahamut_animated_weapon_set/bahamut_animation_02","4":"elitecreatures:bahamut_animated_weapon_set/bahamut_animation_03","particle":"elitecreatures:bahamut_animated_weapon_set/bahamut_texture_01"},"elements":[{"from":[6.25,-3.22473,-0.55372],"to":[7.75,2.77527,0.94628],"rotation":{"angle":0,"axis":"y","origin":[7,-0.48567,0.74947]},"faces":{"north":{"uv":[5.25,1.4375,5.5,2.1875],"rotation":180,"texture":"#0"},"east":{"uv":[5,1.4375,5.25,2.1875],"rotation":180,"texture":"#0"},"south":{"uv":[5.5,1.4375,5.75,2.1875],"rotation":180,"texture":"#0"},"west":{"uv":[5.25,1.4375,5,2.1875],"rotation":180,"texture":"#0"},"up":{"uv":[4.75,2.1875,5,2.4375],"texture":"#0"},"down":{"uv":[4.75,2.1875,5,2.4375],"texture":"#0"}}},{"from":[6.25,6.67527,-3.85372],"to":[7.75,12.67527,-2.35372],"rotation":{"angle":22.5,"axis":"x","origin":[7,-0.48567,0.74947]},"faces":{"north":{"uv":[5.25,1.4375,5.5,2.1875],"rotation":180,"texture":"#0"},"east":{"uv":[5,1.4375,5.25,2.1875],"rotation":180,"texture":"#0"},"south":{"uv":[5.5,1.4375,5.75,2.1875],"rotation":180,"texture":"#0"},"west":{"uv":[5.25,1.4375,5,2.1875],"rotation":180,"texture":"#0"},"up":{"uv":[4.75,2.1875,5,2.4375],"texture":"#0"},"down":{"uv":[4.75,2.1875,5,2.4375],"texture":"#0"}}},{"from":[6.4,-8.55979,-1.25354],"to":[7.4,-2.55979,-0.25354],"rotation":{"angle":-22.5,"axis":"x","origin":[7,-0.48567,0.74947]},"faces":{"north":{"uv":[5.25,1.4375,5.375,2.1875],"rotation":180,"texture":"#0"},"east":{"uv":[5,1.4375,5.125,2.1875],"rotation":180,"texture":"#0"},"south":{"uv":[5.5,1.4375,5.625,2.1875],"rotation":180,"texture":"#0"},"west":{"uv":[5.125,1.4375,5,2.1875],"rotation":180,"texture":"#0"},"up":{"uv":[4.75,2.1875,4.875,2.3125],"texture":"#0"},"down":{"uv":[4.75,2.1875,4.875,2.3125],"texture":"#0"}}},{"from":[7.43105,6.83105,5.5],"to":[11.93105,12.83105,10.5],"rotation":{"angle":0,"axis":"y","origin":[9.63105,8.7,8]},"faces":{"north":{"uv":[0.5625,0.75,0,0],"texture":"#0"},"east":{"uv":[0.5625,0.75,1.1875,0],"texture":"#0"},"south":{"uv":[0,0.75,0.5625,0],"texture":"#0"},"west":{"uv":[0.5625,0.75,1.1875,0],"texture":"#0"},"up":{"uv":[0,1.375,0.5625,0.75],"texture":"#0"},"down":{"uv":[0,1.375,0.5625,0.75],"texture":"#0"}}},{"from":[7.43105,2.8,5.75],"to":[9.93105,6.8,10.25],"rotation":{"angle":22.5,"axis":"z","origin":[7.38105,6.83105,8]},"faces":{"north":{"uv":[0.875,1.25,1.1875,0.75],"texture":"#0"},"east":{"uv":[1.1875,0.5,1.75,0],"texture":"#0"},"south":{"uv":[0.875,1.25,1.1875,0.75],"texture":"#0"},"west":{"uv":[1.1875,1,1.75,0.5],"texture":"#0"},"up":{"uv":[0.5625,1.3125,0.875,0.75],"texture":"#0"},"down":{"uv":[0.5625,1.3125,0.875,0.75],"texture":"#0"}}},{"from":[5.93105,6.83105,6.25],"to":[7.43105,12.83105,9.75],"rotation":{"angle":0,"axis":"y","origin":[9.63105,12.7,8]},"faces":{"north":{"uv":[2.5625,1.3125,2.375,0.5625],"texture":"#0"},"east":{"uv":[1.9375,1.3125,2.375,0.5625],"texture":"#0"},"south":{"uv":[2.375,1.3125,2.5625,0.5625],"texture":"#0"},"west":{"uv":[1.9375,1.3125,2.375,0.5625],"texture":"#0"},"up":{"uv":[1.75,1.375,1.9375,0.9375],"texture":"#0"},"down":{"uv":[1.75,1.375,1.9375,0.9375],"texture":"#0"}}},{"from":[6.03105,3,6.5],"to":[7.53105,7.5,9.5],"rotation":{"angle":0,"axis":"y","origin":[6.93105,6.83105,8]},"faces":{"north":{"uv":[1.9375,0.5625,1.75,0],"texture":"#0"},"east":{"uv":[2.3125,0.5625,2.6875,0],"texture":"#0"},"south":{"uv":[1.75,0.5625,1.9375,0],"texture":"#0"},"west":{"uv":[1.9375,0.5625,2.3125,0],"texture":"#0"},"up":{"uv":[1.75,0.9375,1.9375,0.5625],"texture":"#0"},"down":{"uv":[1.75,0.9375,1.9375,0.5625],"texture":"#0"}}},{"from":[5.79509,7.83105,5.8028],"to":[8.29509,12.83105,7.8028],"rotation":{"angle":-22.5,"axis":"y","origin":[9.63105,8.7,7.5]},"faces":{"north":{"uv":[2.6875,0.625,3,0],"rotation":180,"texture":"#0"},"east":{"uv":[3,0.625,3.25,0],"texture":"#0"},"south":{"uv":[2.6875,0.625,3,0],"rotation":180,"texture":"#0"},"west":{"uv":[3,0.625,3.25,0],"texture":"#0"},"up":{"uv":[1.1875,1.25,1.5,1],"texture":"#0"},"down":{"uv":[1.1875,1.25,1.5,1],"texture":"#0"}}},{"from":[10.52153,7.09769,5],"to":[12.52153,11.09769,7.5],"rotation":{"angle":-22.5,"axis":"z","origin":[9.63105,8.7,8]},"faces":{"north":{"uv":[2.875,1.125,3.125,0.625],"rotation":180,"texture":"#0"},"east":{"uv":[2.5625,1.125,2.875,0.625],"texture":"#0"},"south":{"uv":[2.875,1.125,3.125,0.625],"rotation":180,"texture":"#0"},"west":{"uv":[2.5625,1.125,2.875,0.625],"texture":"#0"},"up":{"uv":[1.5,1.5,1.75,1.1875],"texture":"#0"},"down":{"uv":[1.5,1.5,1.75,1.1875],"texture":"#0"}}},{"from":[6.43105,12.83105,6],"to":[10.93105,13.83105,10],"rotation":{"angle":0,"axis":"y","origin":[9.63105,8.7,8]},"faces":{"north":{"uv":[0.25,1.75,0.8125,1.625],"texture":"#0"},"east":{"uv":[0.25,1.75,0.75,1.625],"texture":"#0"},"south":{"uv":[0.25,1.75,0.8125,1.625],"texture":"#0"},"west":{"uv":[0.25,1.75,0.75,1.625],"texture":"#0"},"up":{"uv":[0.9375,1.75,1.5,1.25],"texture":"#0"},"down":{"uv":[0.9375,1.75,1.5,1.25],"texture":"#0"}}},{"from":[11.33105,9.93105,5.5],"to":[13.33105,12.93105,7.5],"rotation":{"angle":-22.5,"axis":"x","origin":[9.63105,8.7,8]},"faces":{"north":{"uv":[2,1.6875,2.25,1.3125],"texture":"#0"},"east":{"uv":[1.75,1.75,2,1.375],"texture":"#0"},"south":{"uv":[2,1.6875,2.25,1.3125],"texture":"#0"},"west":{"uv":[1.75,1.75,2,1.375],"texture":"#0"},"up":{"uv":[1.5,1.75,1.75,1.5],"texture":"#0"},"down":{"uv":[1.5,1.75,1.75,1.5],"texture":"#0"}}},{"from":[8.33105,11.06466,6.52284],"to":[10.33105,14.56466,8.52284],"rotation":{"angle":-45,"axis":"x","origin":[9.63105,8.7,8]},"faces":{"north":{"uv":[0.25,1.8125,0,1.375],"rotation":180,"texture":"#0"},"east":{"uv":[0.25,1.8125,0,1.375],"rotation":180,"texture":"#0"},"south":{"uv":[0.25,1.8125,0,1.375],"rotation":180,"texture":"#0"},"west":{"uv":[0.25,1.8125,0,1.375],"rotation":180,"texture":"#0"},"up":{"uv":[0.5,1.625,0.25,1.375],"rotation":180,"texture":"#0"},"down":{"uv":[0.5,1.625,0.25,1.375],"rotation":180,"texture":"#0"}}},{"from":[8.73105,12,2.05397],"to":[10.23105,13.5,4.55397],"rotation":{"angle":22.5,"axis":"x","origin":[9.48105,14.24858,2.80397]},"faces":{"north":{"uv":[1.6875,1.1875,1.5,1],"rotation":270,"texture":"#0"},"east":{"uv":[0.75,1.625,0.5625,1.3125],"rotation":90,"texture":"#0"},"south":{"uv":[1.6875,1.1875,1.5,1],"rotation":270,"texture":"#0"},"west":{"uv":[0.75,1.625,0.5625,1.3125],"rotation":90,"texture":"#0"},"up":{"uv":[0.75,1.3125,0.9375,1.625],"texture":"#0"},"down":{"uv":[0.75,1.3125,0.9375,1.625],"texture":"#0"}}},{"from":[8.73105,12,11.44603],"to":[10.23105,13.5,13.94603],"rotation":{"angle":-22.5,"axis":"x","origin":[9.48105,14.24858,13.19603]},"faces":{"north":{"uv":[1.6875,1,1.5,1.1875],"rotation":270,"texture":"#0"},"east":{"uv":[0.75,1.3125,0.5625,1.625],"rotation":90,"texture":"#0"},"south":{"uv":[1.6875,1,1.5,1.1875],"rotation":270,"texture":"#0"},"west":{"uv":[0.75,1.3125,0.5625,1.625],"rotation":90,"texture":"#0"},"up":{"uv":[0.75,1.625,0.9375,1.3125],"texture":"#0"},"down":{"uv":[0.75,1.625,0.9375,1.3125],"texture":"#0"}}},{"from":[8.33105,11.06466,7.47716],"to":[10.33105,14.56466,9.47716],"rotation":{"angle":45,"axis":"x","origin":[9.63105,8.7,8]},"faces":{"north":{"uv":[0,1.8125,0.25,1.375],"rotation":180,"texture":"#0"},"east":{"uv":[0,1.8125,0.25,1.375],"rotation":180,"texture":"#0"},"south":{"uv":[0,1.8125,0.25,1.375],"rotation":180,"texture":"#0"},"west":{"uv":[0,1.8125,0.25,1.375],"rotation":180,"texture":"#0"},"up":{"uv":[0.5,1.375,0.25,1.625],"rotation":180,"texture":"#0"},"down":{"uv":[0.5,1.375,0.25,1.625],"rotation":180,"texture":"#0"}}},{"from":[5.79509,7.83105,8.1972],"to":[8.29509,12.83105,10.1972],"rotation":{"angle":22.5,"axis":"y","origin":[9.63105,8.7,8.5]},"faces":{"north":{"uv":[3,0.625,2.6875,0],"rotation":180,"texture":"#0"},"east":{"uv":[3.25,0.625,3,0],"texture":"#0"},"south":{"uv":[3,0.625,2.6875,0],"rotation":180,"texture":"#0"},"west":{"uv":[3.25,0.625,3,0],"texture":"#0"},"up":{"uv":[1.1875,1,1.5,1.25],"texture":"#0"},"down":{"uv":[1.1875,1,1.5,1.25],"texture":"#0"}}},{"from":[11.33105,9.93105,8.5],"to":[13.33105,12.93105,10.5],"rotation":{"angle":22.5,"axis":"x","origin":[9.63105,8.7,8]},"faces":{"north":{"uv":[2.25,1.6875,2,1.3125],"texture":"#0"},"east":{"uv":[2,1.75,1.75,1.375],"texture":"#0"},"south":{"uv":[2.25,1.6875,2,1.3125],"texture":"#0"},"west":{"uv":[2,1.75,1.75,1.375],"texture":"#0"},"up":{"uv":[1.5,1.5,1.75,1.75],"texture":"#0"},"down":{"uv":[1.5,1.5,1.75,1.75],"texture":"#0"}}},{"from":[10.52153,7.09769,8.5],"to":[12.52153,11.09769,11],"rotation":{"angle":-22.5,"axis":"z","origin":[9.63105,8.7,8]},"faces":{"north":{"uv":[3.125,1.125,2.875,0.625],"rotation":180,"texture":"#0"},"east":{"uv":[2.875,1.125,2.5625,0.625],"texture":"#0"},"south":{"uv":[3.125,1.125,2.875,0.625],"rotation":180,"texture":"#0"},"west":{"uv":[2.875,1.125,2.5625,0.625],"texture":"#0"},"up":{"uv":[1.5,1.1875,1.75,1.5],"texture":"#0"},"down":{"uv":[1.5,1.1875,1.75,1.5],"texture":"#0"}}},{"from":[12.5,9.93105,9.5],"to":[15.5,17.93105,9.5],"rotation":{"angle":22.5,"axis":"x","origin":[9.63105,8.7,8]},"faces":{"north":{"uv":[4.4375,1.3125,4.8125,0.3125],"texture":"#0"},"east":{"uv":[1.75,2.375,1.75,1.375],"texture":"#0"},"south":{"uv":[4.8125,1.3125,4.4375,0.3125],"texture":"#0"},"west":{"uv":[2,1.75,1.75,1.375],"texture":"#0"},"up":{"uv":[1.5,1.5,1.75,1.75],"texture":"#0"},"down":{"uv":[1.5,1.5,1.75,1.75],"texture":"#0"}}},{"from":[12.5,9.93105,6.5],"to":[15.5,17.93105,6.5],"rotation":{"angle":-22.5,"axis":"x","origin":[9.63105,8.7,8]},"faces":{"north":{"uv":[4.4375,1.3125,4.8125,0.3125],"texture":"#0"},"east":{"uv":[1.75,2.375,1.75,1.375],"texture":"#0"},"south":{"uv":[4.8125,1.3125,4.4375,0.3125],"texture":"#0"},"west":{"uv":[1.75,1.75,2,1.375],"texture":"#0"},"up":{"uv":[1.5,1.75,1.75,1.5],"texture":"#0"},"down":{"uv":[1.5,1.75,1.75,1.5],"texture":"#0"}}},{"from":[11.5,10.93105,8],"to":[14.5,18.93105,8],"rotation":{"angle":0,"axis":"y","origin":[9.63105,8.7,8]},"faces":{"north":{"uv":[4.4375,1.3125,4.8125,0.3125],"texture":"#0"},"east":{"uv":[1.75,2.375,1.75,1.375],"texture":"#0"},"south":{"uv":[4.8125,1.3125,4.4375,0.3125],"texture":"#0"},"west":{"uv":[1.75,1.75,2,1.375],"texture":"#0"},"up":{"uv":[1.5,1.75,1.75,1.5],"texture":"#0"},"down":{"uv":[1.5,1.75,1.75,1.5],"texture":"#0"}}},{"from":[8.5,8.93105,1.5],"to":[8.5,16.93105,4.5],"rotation":{"angle":22.5,"axis":"x","origin":[14,13.93105,6.5]},"faces":{"north":{"uv":[1.75,1.75,2,1.375],"texture":"#0"},"east":{"uv":[4.8125,1.3125,4.4375,0.3125],"texture":"#0"},"south":{"uv":[1.75,2.375,1.75,1.375],"texture":"#0"},"west":{"uv":[4.4375,1.3125,4.8125,0.3125],"texture":"#0"},"up":{"uv":[1.75,1.5,1.5,1.75],"rotation":270,"texture":"#0"},"down":{"uv":[1.75,1.5,1.5,1.75],"rotation":90,"texture":"#0"}}},{"from":[8.5,8.93105,11.5],"to":[8.5,16.93105,14.5],"rotation":{"angle":-22.5,"axis":"x","origin":[14,13.93105,9.5]},"faces":{"north":{"uv":[1.75,2.375,1.75,1.375],"texture":"#0"},"east":{"uv":[4.4375,1.3125,4.8125,0.3125],"texture":"#0"},"south":{"uv":[2,1.75,1.75,1.375],"texture":"#0"},"west":{"uv":[4.8125,1.3125,4.4375,0.3125],"texture":"#0"},"up":{"uv":[1.5,1.5,1.75,1.75],"rotation":270,"texture":"#0"},"down":{"uv":[1.5,1.5,1.75,1.75],"rotation":90,"texture":"#0"}}},{"from":[7,-11.93105,3],"to":[7,-3.93105,6],"rotation":{"angle":-45,"axis":"x","origin":[12.5,-9.93105,6.5]},"faces":{"north":{"uv":[1.75,1.375,2,1.75],"texture":"#0"},"east":{"uv":[4.8125,0.3125,4.4375,1.3125],"texture":"#0"},"south":{"uv":[1.75,1.375,1.75,2.375],"texture":"#0"},"west":{"uv":[4.4375,0.3125,4.8125,1.3125],"texture":"#0"},"up":{"uv":[1.5,1.5,1.75,1.75],"rotation":90,"texture":"#0"},"down":{"uv":[1.5,1.5,1.75,1.75],"rotation":270,"texture":"#0"}}},{"from":[7.5,0.06895,-3],"to":[7.5,8.06895,0],"rotation":{"angle":45,"axis":"y","origin":[7.5,4.06895,-0.5]},"faces":{"north":{"uv":[1.75,1.375,2,1.75],"texture":"#0"},"east":{"uv":[4.8125,1.3125,4.4375,0.3125],"texture":"#0"},"south":{"uv":[1.75,1.375,1.75,2.375],"texture":"#0"},"west":{"uv":[4.4375,1.3125,4.8125,0.3125],"texture":"#0"},"up":{"uv":[1.5,1.5,1.75,1.75],"rotation":90,"texture":"#0"},"down":{"uv":[1.5,1.5,1.75,1.75],"rotation":270,"texture":"#0"}}},{"from":[7.5,0.06895,16],"to":[7.5,8.06895,19],"rotation":{"angle":-45,"axis":"y","origin":[7.5,4.06895,16.5]},"faces":{"north":{"uv":[1.75,1.375,1.75,2.375],"texture":"#0"},"east":{"uv":[4.4375,1.3125,4.8125,0.3125],"texture":"#0"},"south":{"uv":[2,1.375,1.75,1.75],"texture":"#0"},"west":{"uv":[4.8125,1.3125,4.4375,0.3125],"texture":"#0"},"up":{"uv":[1.75,1.5,1.5,1.75],"rotation":90,"texture":"#0"},"down":{"uv":[1.75,1.5,1.5,1.75],"rotation":270,"texture":"#0"}}},{"from":[7,-11.93105,10],"to":[7,-3.93105,13],"rotation":{"angle":45,"axis":"x","origin":[12.5,-9.93105,9.5]},"faces":{"north":{"uv":[1.75,1.375,1.75,2.375],"texture":"#0"},"east":{"uv":[4.4375,0.3125,4.8125,1.3125],"texture":"#0"},"south":{"uv":[2,1.375,1.75,1.75],"texture":"#0"},"west":{"uv":[4.8125,0.3125,4.4375,1.3125],"texture":"#0"},"up":{"uv":[1.75,1.5,1.5,1.75],"rotation":90,"texture":"#0"},"down":{"uv":[1.75,1.5,1.5,1.75],"rotation":270,"texture":"#0"}}},{"from":[6.56895,3.8,6.4],"to":[7.56895,6.8,6.4],"rotation":{"angle":22.5,"axis":"z","origin":[8.61895,6.83105,8]},"faces":{"north":{"uv":[4.875,0.375,5,0],"texture":"#0"},"east":{"uv":[1.75,1,1.1875,0.5],"texture":"#0"},"south":{"uv":[5,0.375,4.875,0],"texture":"#0"},"west":{"uv":[1.75,0.5,1.1875,0],"texture":"#0"},"up":{"uv":[0.875,1.3125,0.5625,0.75],"texture":"#0"},"down":{"uv":[0.875,1.3125,0.5625,0.75],"texture":"#0"}}},{"from":[6.56895,3.8,9.6],"to":[7.56895,6.8,9.6],"rotation":{"angle":22.5,"axis":"z","origin":[8.61895,6.83105,8]},"faces":{"north":{"uv":[4.875,0.375,5,0],"texture":"#0"},"east":{"uv":[1.1875,1,1.75,0.5],"texture":"#0"},"south":{"uv":[5,0.375,4.875,0],"texture":"#0"},"west":{"uv":[1.1875,0.5,1.75,0],"texture":"#0"},"up":{"uv":[0.875,0.75,0.5625,1.3125],"texture":"#0"},"down":{"uv":[0.875,0.75,0.5625,1.3125],"texture":"#0"}}},{"from":[7.05,8.81569,11.73636],"to":[9.95,11.81569,15.73636],"rotation":{"angle":-22.5,"axis":"x","origin":[8.5,5.18501,8]},"faces":{"north":{"uv":[2.5,1.6875,2.8125,2.0625],"texture":"#0"},"east":{"uv":[2.25,1.3125,2.75,1.6875],"texture":"#0"},"south":{"uv":[2.5,1.6875,2.8125,2.0625],"texture":"#0"},"west":{"uv":[2.75,1.3125,2.25,1.6875],"texture":"#0"},"up":{"uv":[2,2,2.5,1.6875],"rotation":90,"texture":"#0"},"down":{"uv":[2.5,2,2,1.6875],"rotation":90,"texture":"#0"}}},{"from":[9.5,-11,0],"to":[9.5,11,8],"rotation":{"angle":22.5,"axis":"y","origin":[9.5,3,8]},"faces":{"north":{"uv":[0,0,0,7],"texture":"#missing"},"east":{"uv":[10.8125,2.0625,11.8125,4.8125],"texture":"#0"},"south":{"uv":[0,0,0,7],"texture":"#missing"},"west":{"uv":[11.8125,2.0625,10.8125,4.8125],"texture":"#0"},"up":{"uv":[0,0,0,3.5],"texture":"#missing"},"down":{"uv":[0,0,0,3.5],"texture":"#missing"}}},{"from":[9.6,-3,-0.5],"to":[9.6,11,7.5],"rotation":{"angle":22.5,"axis":"y","origin":[9.5,3,8]},"faces":{"north":{"uv":[0,0,0,7],"texture":"#missing"},"east":{"uv":[9.8125,4.8125,10.8125,3.0625],"texture":"#0"},"south":{"uv":[0,0,0,7],"texture":"#missing"},"west":{"uv":[10.8125,4.8125,9.8125,3.0625],"texture":"#0"},"up":{"uv":[0,0,0,3.5],"texture":"#missing"},"down":{"uv":[0,0,0,3.5],"texture":"#missing"}}},{"from":[9.6,-3,8.5],"to":[9.6,11,16.5],"rotation":{"angle":-22.5,"axis":"y","origin":[9.5,3,8]},"faces":{"north":{"uv":[0,0,0,7],"texture":"#missing"},"east":{"uv":[10.8125,4.8125,9.8125,3.0625],"texture":"#0"},"south":{"uv":[0,0,0,7],"texture":"#missing"},"west":{"uv":[9.8125,4.8125,10.8125,3.0625],"texture":"#0"},"up":{"uv":[0,3.5,0,0],"texture":"#missing"},"down":{"uv":[0,3.5,0,0],"texture":"#missing"}}},{"from":[9.5,-11,8],"to":[9.5,11,16],"rotation":{"angle":-22.5,"axis":"y","origin":[9.5,3,8]},"faces":{"north":{"uv":[0,0,0,7],"texture":"#missing"},"east":{"uv":[11.8125,2.0625,10.8125,4.8125],"texture":"#0"},"south":{"uv":[0,0,0,7],"texture":"#missing"},"west":{"uv":[10.8125,2.0625,11.8125,4.8125],"texture":"#0"},"up":{"uv":[0,3.5,0,0],"texture":"#missing"},"down":{"uv":[0,3.5,0,0],"texture":"#missing"}}},{"from":[6,2.4,-0.81041],"to":[8,8.4,1.18959],"rotation":{"angle":0,"axis":"y","origin":[8,14.01751,12.98959]},"faces":{"north":{"uv":[5.25,2.1875,5.5,1.4375],"rotation":180,"texture":"#0"},"east":{"uv":[5,2.1875,5.25,1.4375],"rotation":180,"texture":"#0"},"south":{"uv":[5.5,2.1875,5.75,1.4375],"rotation":180,"texture":"#0"},"west":{"uv":[5.25,2.1875,5,1.4375],"rotation":180,"texture":"#0"},"up":{"uv":[5,2.4375,4.75,2.1875],"rotation":180,"texture":"#0"},"down":{"uv":[5,2.1875,4.75,2.4375],"rotation":180,"texture":"#0"}}},{"from":[7.05,8.81569,0.26364],"to":[9.95,11.81569,4.26364],"rotation":{"angle":22.5,"axis":"x","origin":[8.5,5.18501,8]},"faces":{"north":{"uv":[2.8125,1.6875,2.5,2.0625],"texture":"#0"},"east":{"uv":[2.75,1.3125,2.25,1.6875],"texture":"#0"},"south":{"uv":[2.8125,1.6875,2.5,2.0625],"texture":"#0"},"west":{"uv":[2.25,1.3125,2.75,1.6875],"texture":"#0"},"up":{"uv":[2.5,2,2,1.6875],"rotation":90,"texture":"#0"},"down":{"uv":[2,2,2.5,1.6875],"rotation":90,"texture":"#0"}}},{"from":[7.25,12.29651,4.20776],"to":[9.75,15.29651,7.20776],"rotation":{"angle":-22.5,"axis":"x","origin":[8.5,5.18501,8]},"faces":{"north":{"uv":[3.9375,0.375,3.625,0],"texture":"#0"},"east":{"uv":[3.625,0.375,3.25,0],"texture":"#0"},"south":{"uv":[3.9375,0.375,3.625,0],"texture":"#0"},"west":{"uv":[3.25,0.375,3.625,0],"texture":"#0"},"up":{"uv":[3.625,0.375,3.25,0.6875],"rotation":90,"texture":"#0"},"down":{"uv":[3.25,0.375,3.625,0.6875],"rotation":90,"texture":"#0"}}},{"from":[7.45,9.38172,-0.23169],"to":[9.55,12.38172,2.26831],"rotation":{"angle":22.5,"axis":"x","origin":[8.5,9.58361,2.36475]},"faces":{"north":{"uv":[0.375,2.5,0,2.7625],"rotation":270,"texture":"#0"},"east":{"uv":[0.375,2.1875,0,2.5],"rotation":270,"texture":"#0"},"south":{"uv":[0.375,2.5,0,2.7625],"rotation":270,"texture":"#0"},"west":{"uv":[0.375,2.5,0,2.1875],"rotation":270,"texture":"#0"},"up":{"uv":[1.625,2.0125,1.9375,1.75],"rotation":270,"texture":"#0"},"down":{"uv":[1.625,2.0125,1.9375,1.75],"rotation":270,"texture":"#0"}}},{"from":[7.55,8.32997,0.52231],"to":[9.45,11.32997,2.52231],"rotation":{"angle":-22.5,"axis":"x","origin":[8.5,9.58361,2.36475]},"faces":{"north":{"uv":[1.3,1.75,1.0625,2.125],"texture":"#0"},"east":{"uv":[1,1.75,0.625,2],"rotation":270,"texture":"#0"},"south":{"uv":[1.3,1.75,1.0625,2.125],"texture":"#0"},"west":{"uv":[0.625,1.75,1,2],"rotation":90,"texture":"#0"},"up":{"uv":[1.375,2,1.6125,1.75],"texture":"#0"},"down":{"uv":[1.375,2,1.6125,1.75],"rotation":180,"texture":"#0"}}},{"from":[7.75,5.61917,0.9756],"to":[9.25,9.11917,2.4756],"rotation":{"angle":22.5,"axis":"x","origin":[8.5,7.86917,1.4256]},"faces":{"north":{"uv":[0.4375,2.1875,0,2],"rotation":90,"texture":"#0"},"east":{"uv":[0.4375,2,0,1.8125],"rotation":270,"texture":"#0"},"south":{"uv":[0.4375,2.1875,0,2],"rotation":270,"texture":"#0"},"west":{"uv":[0.4375,2,0,1.8125],"rotation":90,"texture":"#0"},"up":{"uv":[0.4375,1.8125,0.625,2],"rotation":180,"texture":"#0"},"down":{"uv":[0.4375,1.8125,0.625,2],"texture":"#0"}}},{"from":[6.25,6.67527,18.35372],"to":[7.75,12.67527,19.85372],"rotation":{"angle":-22.5,"axis":"x","origin":[7,-0.48567,15.25053]},"faces":{"north":{"uv":[5.75,1.4375,5.5,2.1875],"rotation":180,"texture":"#0"},"east":{"uv":[5.25,1.4375,5,2.1875],"rotation":180,"texture":"#0"},"south":{"uv":[5.5,1.4375,5.25,2.1875],"rotation":180,"texture":"#0"},"west":{"uv":[5,1.4375,5.25,2.1875],"rotation":180,"texture":"#0"},"up":{"uv":[4.75,2.4375,5,2.1875],"texture":"#0"},"down":{"uv":[4.75,2.4375,5,2.1875],"texture":"#0"}}},{"from":[6,2.4,14.81041],"to":[8,8.4,16.81041],"rotation":{"angle":0,"axis":"y","origin":[8,14.01751,3.01041]},"faces":{"north":{"uv":[5.75,2.1875,5.5,1.4375],"rotation":180,"texture":"#0"},"east":{"uv":[5.25,2.1875,5,1.4375],"rotation":180,"texture":"#0"},"south":{"uv":[5.5,2.1875,5.25,1.4375],"rotation":180,"texture":"#0"},"west":{"uv":[5,2.1875,5.25,1.4375],"rotation":180,"texture":"#0"},"up":{"uv":[5,2.1875,4.75,2.4375],"rotation":180,"texture":"#0"},"down":{"uv":[5,2.4375,4.75,2.1875],"rotation":180,"texture":"#0"}}},{"from":[6.25,-3.22473,15.05372],"to":[7.75,2.77527,16.55372],"rotation":{"angle":0,"axis":"y","origin":[7,-0.48567,15.25053]},"faces":{"north":{"uv":[5.75,1.4375,5.5,2.1875],"rotation":180,"texture":"#0"},"east":{"uv":[5.25,1.4375,5,2.1875],"rotation":180,"texture":"#0"},"south":{"uv":[5.5,1.4375,5.25,2.1875],"rotation":180,"texture":"#0"},"west":{"uv":[5,1.4375,5.25,2.1875],"rotation":180,"texture":"#0"},"up":{"uv":[4.75,2.4375,5,2.1875],"texture":"#0"},"down":{"uv":[4.75,2.4375,5,2.1875],"texture":"#0"}}},{"from":[6.4,-8.55979,16.25354],"to":[7.4,-2.55979,17.25354],"rotation":{"angle":22.5,"axis":"x","origin":[7,-0.48567,15.25053]},"faces":{"north":{"uv":[5.625,1.4375,5.5,2.1875],"rotation":180,"texture":"#0"},"east":{"uv":[5.125,1.4375,5,2.1875],"rotation":180,"texture":"#0"},"south":{"uv":[5.375,1.4375,5.25,2.1875],"rotation":180,"texture":"#0"},"west":{"uv":[5,1.4375,5.125,2.1875],"rotation":180,"texture":"#0"},"up":{"uv":[4.75,2.3125,4.875,2.1875],"texture":"#0"},"down":{"uv":[4.75,2.3125,4.875,2.1875],"texture":"#0"}}},{"from":[5.9,11.16231,0.90203],"to":[7.9,13.66231,1.90203],"rotation":{"angle":-45,"axis":"x","origin":[6.9,13.19175,-0.95421]},"faces":{"north":{"uv":[3.625,0.875,3.9375,1.125],"rotation":90,"texture":"#0"},"east":{"uv":[3.625,1.125,3.9375,1.25],"rotation":270,"texture":"#0"},"south":{"uv":[3.625,0.875,3.9375,1.125],"rotation":270,"texture":"#0"},"west":{"uv":[3.625,1.125,3.9375,1.25],"rotation":90,"texture":"#0"},"up":{"uv":[3.9375,0.75,4.1875,0.875],"rotation":180,"texture":"#0"},"down":{"uv":[3.9375,0.75,4.1875,0.875],"texture":"#0"}}},{"from":[5.65,10.66231,-0.59797],"to":[8.15,14.66231,0.90203],"rotation":{"angle":-45,"axis":"x","origin":[6.9,13.19175,-0.95421]},"faces":{"north":{"uv":[3.125,0.875,3.625,1.1875],"rotation":90,"texture":"#0"},"east":{"uv":[3.125,0.6875,3.625,0.875],"rotation":270,"texture":"#0"},"south":{"uv":[3.125,0.875,3.625,1.1875],"rotation":270,"texture":"#0"},"west":{"uv":[3.125,0.6875,3.625,0.875],"rotation":90,"texture":"#0"},"up":{"uv":[3.625,0.6875,3.9375,0.875],"rotation":180,"texture":"#0"},"down":{"uv":[3.625,0.6875,3.9375,0.875],"texture":"#0"}}},{"from":[6.9,9.83755,-2.14596],"to":[6.9,11.83755,0.95404],"rotation":{"angle":-22.5,"axis":"x","origin":[6.9,10.83755,-0.59596]},"faces":{"north":{"uv":[3.25,1.3125,3.125,1.1875],"texture":"#0"},"east":{"uv":[4.4375,0.25,4.825,0],"rotation":180,"texture":"#0"},"south":{"uv":[3.25,1.3125,3.125,1.1875],"rotation":180,"texture":"#0"},"west":{"uv":[4.4375,0,4.825,0.25],"texture":"#0"},"up":{"uv":[3.9375,0.875,4.1875,1],"rotation":270,"texture":"#0"},"down":{"uv":[4.375,0,4.7625,0],"rotation":90,"texture":"#0"}}},{"from":[8.2,14.23755,-3.84596],"to":[8.2,16.23755,-0.74596],"rotation":{"angle":-22.5,"axis":"y","origin":[8.2,15.23755,-2.29596]},"faces":{"north":{"uv":[3.125,1.1875,3.25,1.3125],"texture":"#0"},"east":{"uv":[4.4375,0,4.825,0.25],"rotation":180,"texture":"#0"},"south":{"uv":[3.125,1.1875,3.25,1.3125],"rotation":180,"texture":"#0"},"west":{"uv":[4.4375,0.25,4.825,0],"texture":"#0"},"up":{"uv":[4.375,0,4.7625,0],"rotation":270,"texture":"#0"},"down":{"uv":[3.9375,0.875,4.1875,1],"rotation":90,"texture":"#0"}}},{"from":[8.5,10.07251,-2.79621],"to":[8.5,20.07251,5.20379],"rotation":{"angle":22.5,"axis":"x","origin":[8.5,23.07251,-8.79621]},"faces":{"east":{"uv":[8,10,0,0],"rotation":180,"texture":"#4"},"west":{"uv":[8,0,0,10],"texture":"#4"}}},{"from":[8.5,10.07251,10.79621],"to":[8.5,20.07251,18.79621],"rotation":{"angle":-22.5,"axis":"x","origin":[8.5,23.07251,24.79621]},"faces":{"east":{"uv":[0,10,8,0],"rotation":180,"texture":"#4"},"west":{"uv":[0,0,8,10],"texture":"#4"}}},{"from":[7.5,14.02322,-3.04596],"to":[8.3,15.02322,-1.04596],"rotation":{"angle":22.5,"axis":"x","origin":[6.9,13.19175,-0.95421]},"faces":{"north":{"uv":[3.125,1.1875,3.25,1.3125],"texture":"#0"},"east":{"uv":[3.9375,1,4.1875,1.125],"rotation":180,"texture":"#0"},"south":{"uv":[3.125,1.1875,3.25,1.3125],"rotation":180,"texture":"#0"},"west":{"uv":[3.9375,1,4.1875,1.125],"texture":"#0"},"up":{"uv":[3.9375,0.875,4.1875,1],"rotation":270,"texture":"#0"},"down":{"uv":[3.9375,0.875,4.1875,1],"rotation":90,"texture":"#0"}}},{"from":[6.9,14.63755,-4.14596],"to":[6.9,16.63755,-1.04596],"rotation":{"angle":0,"axis":"y","origin":[6.9,13.19175,-0.95421]},"faces":{"north":{"uv":[3.25,1.1875,3.125,1.3125],"texture":"#0"},"east":{"uv":[4.4375,0,4.825,0.25],"rotation":180,"texture":"#0"},"south":{"uv":[3.25,1.1875,3.125,1.3125],"rotation":180,"texture":"#0"},"west":{"uv":[4.4375,0.25,4.825,0],"texture":"#0"},"up":{"uv":[4.375,0,4.7625,0],"rotation":270,"texture":"#0"},"down":{"uv":[3.9375,1,4.1875,0.875],"rotation":90,"texture":"#0"}}},{"from":[6.5,14.22322,-3.44596],"to":[7.3,15.22322,-1.44596],"rotation":{"angle":22.5,"axis":"x","origin":[6.9,13.19175,-0.95421]},"faces":{"north":{"uv":[3.125,1.1875,3.25,1.3125],"texture":"#0"},"east":{"uv":[3.9375,1,4.1875,1.125],"rotation":180,"texture":"#0"},"south":{"uv":[3.125,1.1875,3.25,1.3125],"rotation":180,"texture":"#0"},"west":{"uv":[3.9375,1,4.1875,1.125],"texture":"#0"},"up":{"uv":[3.9375,0.875,4.1875,1],"rotation":270,"texture":"#0"},"down":{"uv":[3.9375,0.875,4.1875,1],"rotation":90,"texture":"#0"}}},{"from":[5.6,14.23755,-3.84596],"to":[5.6,16.23755,-0.74596],"rotation":{"angle":22.5,"axis":"y","origin":[5.6,15.23755,-2.29596]},"faces":{"north":{"uv":[3.25,1.1875,3.125,1.3125],"texture":"#0"},"east":{"uv":[4.4375,0,4.825,0.25],"rotation":180,"texture":"#0"},"south":{"uv":[3.25,1.1875,3.125,1.3125],"rotation":180,"texture":"#0"},"west":{"uv":[4.4375,0.25,4.825,0],"texture":"#0"},"up":{"uv":[4.375,0,4.7625,0],"rotation":270,"texture":"#0"},"down":{"uv":[3.9375,1,4.1875,0.875],"rotation":90,"texture":"#0"}}},{"from":[5.5,14.02322,-3.04596],"to":[6.3,15.02322,-1.04596],"rotation":{"angle":22.5,"axis":"x","origin":[6.9,13.19175,-0.95421]},"faces":{"north":{"uv":[3.125,1.1875,3.25,1.3125],"texture":"#0"},"east":{"uv":[3.9375,1,4.1875,1.125],"rotation":180,"texture":"#0"},"south":{"uv":[3.125,1.1875,3.25,1.3125],"rotation":180,"texture":"#0"},"west":{"uv":[3.9375,1,4.1875,1.125],"texture":"#0"},"up":{"uv":[3.9375,0.875,4.1875,1],"rotation":270,"texture":"#0"},"down":{"uv":[3.9375,0.875,4.1875,1],"rotation":90,"texture":"#0"}}},{"from":[6.15,11.73755,0.65404],"to":[7.65,13.23755,1.65404],"rotation":{"angle":22.5,"axis":"x","origin":[6.9,13.19175,-0.85421]},"faces":{"north":{"uv":[2.75,1.4375,2.9375,1.25],"rotation":270,"texture":"#0"},"east":{"uv":[2.75,1.5625,2.9375,1.4375],"rotation":270,"texture":"#0"},"south":{"uv":[2.75,1.4375,2.9375,1.25],"rotation":90,"texture":"#0"},"west":{"uv":[2.75,1.5625,2.9375,1.4375],"rotation":90,"texture":"#0"},"up":{"uv":[2.75,1.25,2.9375,1.125],"texture":"#0"},"down":{"uv":[2.75,1.25,2.9375,1.125],"rotation":180,"texture":"#0"}}},{"from":[6.4,10.73755,-1.34596],"to":[7.4,11.73755,0.15404],"rotation":{"angle":-22.5,"axis":"x","origin":[6.9,13.19175,-0.85421]},"faces":{"north":{"uv":[2.75,1.6875,2.875,1.5625],"texture":"#0"},"east":{"uv":[2.9375,1.25,3.125,1.125],"rotation":180,"texture":"#0"},"south":{"uv":[2.75,1.6875,2.875,1.5625],"rotation":180,"texture":"#0"},"west":{"uv":[2.9375,1.125,3.125,1.25],"texture":"#0"},"up":{"uv":[2.9375,1.375,3.125,1.25],"rotation":270,"texture":"#0"},"down":{"uv":[2.9375,1.375,3.125,1.25],"rotation":90,"texture":"#0"}}},{"from":[5.9,11.16231,14.09797],"to":[7.9,13.66231,15.09797],"rotation":{"angle":45,"axis":"x","origin":[6.9,13.19175,16.95421]},"faces":{"north":{"uv":[3.625,1.125,3.9375,0.875],"rotation":270,"texture":"#0"},"east":{"uv":[3.625,1.25,3.9375,1.125],"rotation":270,"texture":"#0"},"south":{"uv":[3.625,1.125,3.9375,0.875],"rotation":90,"texture":"#0"},"west":{"uv":[3.625,1.25,3.9375,1.125],"rotation":90,"texture":"#0"},"up":{"uv":[3.9375,0.875,4.1875,0.75],"rotation":180,"texture":"#0"},"down":{"uv":[3.9375,0.875,4.1875,0.75],"texture":"#0"}}},{"from":[5.65,10.66231,15.09797],"to":[8.15,14.66231,16.59797],"rotation":{"angle":45,"axis":"x","origin":[6.9,13.19175,16.95421]},"faces":{"north":{"uv":[3.125,1.1875,3.625,0.875],"rotation":270,"texture":"#0"},"east":{"uv":[3.125,0.875,3.625,0.6875],"rotation":270,"texture":"#0"},"south":{"uv":[3.125,1.1875,3.625,0.875],"rotation":90,"texture":"#0"},"west":{"uv":[3.125,0.875,3.625,0.6875],"rotation":90,"texture":"#0"},"up":{"uv":[3.625,0.875,3.9375,0.6875],"rotation":180,"texture":"#0"},"down":{"uv":[3.625,0.875,3.9375,0.6875],"texture":"#0"}}},{"from":[6.9,9.83755,15.04596],"to":[6.9,11.83755,18.14596],"rotation":{"angle":22.5,"axis":"x","origin":[6.9,10.83755,16.59596]},"faces":{"north":{"uv":[3.125,1.3125,3.25,1.1875],"rotation":180,"texture":"#0"},"east":{"uv":[4.825,0.25,4.4375,0],"rotation":180,"texture":"#0"},"south":{"uv":[3.125,1.3125,3.25,1.1875],"texture":"#0"},"west":{"uv":[4.825,0,4.4375,0.25],"texture":"#0"},"up":{"uv":[4.1875,0.875,3.9375,1],"rotation":270,"texture":"#0"},"down":{"uv":[4.7625,0,4.375,0],"rotation":90,"texture":"#0"}}},{"from":[8.2,14.23755,16.74596],"to":[8.2,16.23755,19.84596],"rotation":{"angle":22.5,"axis":"y","origin":[8.2,15.23755,18.29596]},"faces":{"north":{"uv":[3.25,1.1875,3.125,1.3125],"rotation":180,"texture":"#0"},"east":{"uv":[4.825,0,4.4375,0.25],"rotation":180,"texture":"#0"},"south":{"uv":[3.25,1.1875,3.125,1.3125],"texture":"#0"},"west":{"uv":[4.825,0.25,4.4375,0],"texture":"#0"},"up":{"uv":[4.7625,0,4.375,0],"rotation":270,"texture":"#0"},"down":{"uv":[4.1875,0.875,3.9375,1],"rotation":90,"texture":"#0"}}},{"from":[7.5,14.02322,17.04596],"to":[8.3,15.02322,19.04596],"rotation":{"angle":-22.5,"axis":"x","origin":[6.9,13.19175,16.95421]},"faces":{"north":{"uv":[3.25,1.1875,3.125,1.3125],"rotation":180,"texture":"#0"},"east":{"uv":[4.1875,1,3.9375,1.125],"rotation":180,"texture":"#0"},"south":{"uv":[3.25,1.1875,3.125,1.3125],"texture":"#0"},"west":{"uv":[4.1875,1,3.9375,1.125],"texture":"#0"},"up":{"uv":[4.1875,0.875,3.9375,1],"rotation":270,"texture":"#0"},"down":{"uv":[4.1875,0.875,3.9375,1],"rotation":90,"texture":"#0"}}},{"from":[6.9,14.63755,17.04596],"to":[6.9,16.63755,20.14596],"rotation":{"angle":0,"axis":"y","origin":[6.9,13.19175,16.95421]},"faces":{"north":{"uv":[3.125,1.1875,3.25,1.3125],"rotation":180,"texture":"#0"},"east":{"uv":[4.825,0,4.4375,0.25],"rotation":180,"texture":"#0"},"south":{"uv":[3.125,1.1875,3.25,1.3125],"texture":"#0"},"west":{"uv":[4.825,0.25,4.4375,0],"texture":"#0"},"up":{"uv":[4.7625,0,4.375,0],"rotation":270,"texture":"#0"},"down":{"uv":[4.1875,1,3.9375,0.875],"rotation":90,"texture":"#0"}}},{"from":[6.5,14.22322,17.44596],"to":[7.3,15.22322,19.44596],"rotation":{"angle":-22.5,"axis":"x","origin":[6.9,13.19175,16.95421]},"faces":{"north":{"uv":[3.25,1.1875,3.125,1.3125],"rotation":180,"texture":"#0"},"east":{"uv":[4.1875,1,3.9375,1.125],"rotation":180,"texture":"#0"},"south":{"uv":[3.25,1.1875,3.125,1.3125],"texture":"#0"},"west":{"uv":[4.1875,1,3.9375,1.125],"texture":"#0"},"up":{"uv":[4.1875,0.875,3.9375,1],"rotation":270,"texture":"#0"},"down":{"uv":[4.1875,0.875,3.9375,1],"rotation":90,"texture":"#0"}}},{"from":[5.6,14.23755,16.74596],"to":[5.6,16.23755,19.84596],"rotation":{"angle":-22.5,"axis":"y","origin":[5.6,15.23755,18.29596]},"faces":{"north":{"uv":[3.125,1.1875,3.25,1.3125],"rotation":180,"texture":"#0"},"east":{"uv":[4.825,0,4.4375,0.25],"rotation":180,"texture":"#0"},"south":{"uv":[3.125,1.1875,3.25,1.3125],"texture":"#0"},"west":{"uv":[4.825,0.25,4.4375,0],"texture":"#0"},"up":{"uv":[4.7625,0,4.375,0],"rotation":270,"texture":"#0"},"down":{"uv":[4.1875,1,3.9375,0.875],"rotation":90,"texture":"#0"}}},{"from":[5.5,14.02322,17.04596],"to":[6.3,15.02322,19.04596],"rotation":{"angle":-22.5,"axis":"x","origin":[6.9,13.19175,16.95421]},"faces":{"north":{"uv":[3.25,1.1875,3.125,1.3125],"rotation":180,"texture":"#0"},"east":{"uv":[4.1875,1,3.9375,1.125],"rotation":180,"texture":"#0"},"south":{"uv":[3.25,1.1875,3.125,1.3125],"texture":"#0"},"west":{"uv":[4.1875,1,3.9375,1.125],"texture":"#0"},"up":{"uv":[4.1875,0.875,3.9375,1],"rotation":270,"texture":"#0"},"down":{"uv":[4.1875,0.875,3.9375,1],"rotation":90,"texture":"#0"}}},{"from":[6.15,11.73755,14.34596],"to":[7.65,13.23755,15.34596],"rotation":{"angle":-22.5,"axis":"x","origin":[6.9,13.19175,16.85421]},"faces":{"north":{"uv":[2.75,1.25,2.9375,1.4375],"rotation":90,"texture":"#0"},"east":{"uv":[2.75,1.4375,2.9375,1.5625],"rotation":270,"texture":"#0"},"south":{"uv":[2.75,1.25,2.9375,1.4375],"rotation":270,"texture":"#0"},"west":{"uv":[2.75,1.4375,2.9375,1.5625],"rotation":90,"texture":"#0"},"up":{"uv":[2.75,1.125,2.9375,1.25],"texture":"#0"},"down":{"uv":[2.75,1.125,2.9375,1.25],"rotation":180,"texture":"#0"}}},{"from":[6.4,10.73755,15.84596],"to":[7.4,11.73755,17.34596],"rotation":{"angle":22.5,"axis":"x","origin":[6.9,13.19175,16.85421]},"faces":{"north":{"uv":[2.875,1.6875,2.75,1.5625],"rotation":180,"texture":"#0"},"east":{"uv":[3.125,1.25,2.9375,1.125],"rotation":180,"texture":"#0"},"south":{"uv":[2.875,1.6875,2.75,1.5625],"texture":"#0"},"west":{"uv":[3.125,1.125,2.9375,1.25],"texture":"#0"},"up":{"uv":[3.125,1.375,2.9375,1.25],"rotation":270,"texture":"#0"},"down":{"uv":[3.125,1.375,2.9375,1.25],"rotation":90,"texture":"#0"}}},{"from":[9.5,-4.5,0],"to":[9.5,4.5,5],"rotation":{"angle":22.5,"axis":"x","origin":[9.3,0,2.5]},"faces":{"north":{"uv":[0,9,0,0],"texture":"#2"},"east":{"uv":[5,9,0,0],"texture":"#2"},"south":{"uv":[0,9,0,0],"texture":"#2"},"west":{"uv":[0,9,5,0],"texture":"#2"},"up":{"uv":[0,5,0,0],"texture":"#2"},"down":{"uv":[0,0,0,5],"texture":"#2"}}},{"from":[9.5,-4.5,11],"to":[9.5,4.5,16],"rotation":{"angle":-22.5,"axis":"x","origin":[9.3,0,13.5]},"faces":{"north":{"uv":[0,9,0,0],"texture":"#2"},"east":{"uv":[0,9,5,0],"texture":"#2"},"south":{"uv":[0,9,0,0],"texture":"#2"},"west":{"uv":[5,9,0,0],"texture":"#2"},"up":{"uv":[0,0,0,5],"texture":"#2"},"down":{"uv":[0,5,0,0],"texture":"#2"}}},{"from":[7.75,5.61917,13.5244],"to":[9.25,9.11917,15.0244],"rotation":{"angle":-22.5,"axis":"x","origin":[8.5,7.86917,14.5744]},"faces":{"north":{"uv":[0.4375,2,0,2.1875],"rotation":270,"texture":"#0"},"east":{"uv":[0.4375,1.8125,0,2],"rotation":270,"texture":"#0"},"south":{"uv":[0.4375,2,0,2.1875],"rotation":90,"texture":"#0"},"west":{"uv":[0.4375,1.8125,0,2],"rotation":90,"texture":"#0"},"up":{"uv":[0.4375,2,0.625,1.8125],"rotation":180,"texture":"#0"},"down":{"uv":[0.4375,2,0.625,1.8125],"texture":"#0"}}},{"from":[7.55,8.32997,13.47769],"to":[9.45,11.32997,15.47769],"rotation":{"angle":22.5,"axis":"x","origin":[8.5,9.58361,13.63525]},"faces":{"north":{"uv":[1.0625,1.75,1.3,2.125],"texture":"#0"},"east":{"uv":[1,2,0.625,1.75],"rotation":270,"texture":"#0"},"south":{"uv":[1.0625,1.75,1.3,2.125],"texture":"#0"},"west":{"uv":[0.625,2,1,1.75],"rotation":90,"texture":"#0"},"up":{"uv":[1.375,1.75,1.6125,2],"texture":"#0"},"down":{"uv":[1.375,1.75,1.6125,2],"rotation":180,"texture":"#0"}}},{"from":[7.45,9.38172,13.73169],"to":[9.55,12.38172,16.23169],"rotation":{"angle":-22.5,"axis":"x","origin":[8.5,9.58361,13.63525]},"faces":{"north":{"uv":[0.375,2.7625,0,2.5],"rotation":270,"texture":"#0"},"east":{"uv":[0.375,2.5,0,2.1875],"rotation":270,"texture":"#0"},"south":{"uv":[0.375,2.7625,0,2.5],"rotation":270,"texture":"#0"},"west":{"uv":[0.375,2.1875,0,2.5],"rotation":270,"texture":"#0"},"up":{"uv":[1.9375,2.0125,1.625,1.75],"rotation":270,"texture":"#0"},"down":{"uv":[1.9375,2.0125,1.625,1.75],"rotation":270,"texture":"#0"}}},{"from":[7.25,12.29651,8.79224],"to":[9.75,15.29651,11.79224],"rotation":{"angle":22.5,"axis":"x","origin":[8.5,5.18501,8]},"faces":{"north":{"uv":[3.625,0.375,3.9375,0],"texture":"#0"},"east":{"uv":[3.25,0.375,3.625,0],"texture":"#0"},"south":{"uv":[3.625,0.375,3.9375,0],"texture":"#0"},"west":{"uv":[3.625,0.375,3.25,0],"texture":"#0"},"up":{"uv":[3.25,0.375,3.625,0.6875],"rotation":90,"texture":"#0"},"down":{"uv":[3.625,0.375,3.25,0.6875],"rotation":90,"texture":"#0"}}},{"from":[4,5.5,7],"to":[6,11.5,9],"rotation":{"angle":-45,"axis":"z","origin":[5,8.5,8]},"faces":{"north":{"uv":[3.9375,0,4.1875,0.75],"texture":"#0"},"east":{"uv":[3.9375,0,4.1875,0.75],"texture":"#0"},"south":{"uv":[3.9375,0,4.1875,0.75],"texture":"#0"},"west":{"uv":[3.9375,0,4.1875,0.75],"texture":"#0"},"up":{"uv":[3.6875,0.375,3.9375,0.625],"texture":"#0"},"down":{"uv":[3.6875,0.375,3.9375,0.625],"texture":"#0"}}},{"from":[2.5,-2,7.25],"to":[4,7,8.75],"rotation":{"angle":0,"axis":"y","origin":[0,-6,-9]},"faces":{"north":{"uv":[4.1875,0,4.375,1.125],"texture":"#0"},"east":{"uv":[4.1875,0,4.375,1.125],"texture":"#0"},"south":{"uv":[4.1875,0,4.375,1.125],"texture":"#0"},"west":{"uv":[4.1875,0,4.375,1.125],"texture":"#0"},"up":{"uv":[2.5625,1.125,2.75,1.3125],"texture":"#0"},"down":{"uv":[2.5625,1.125,2.75,1.3125],"texture":"#0"}}},{"from":[7.5,11.8,7.25],"to":[9,14.8,8.75],"rotation":{"angle":0,"axis":"y","origin":[0,22,-9]},"faces":{"north":{"uv":[4.1875,0.875,4.375,0.5],"texture":"#0"},"east":{"uv":[4.1875,0.875,4.375,0.5],"texture":"#0"},"south":{"uv":[4.1875,0.875,4.375,0.5],"texture":"#0"},"west":{"uv":[4.1875,0.875,4.375,0.5],"texture":"#0"},"up":{"uv":[2.5625,1.3125,2.75,1.125],"texture":"#0"},"down":{"uv":[2.5625,1.3125,2.75,1.125],"texture":"#0"}}},{"from":[6.8,9.25,15.75],"to":[6.8,14.25,21.25],"rotation":{"angle":22.5,"axis":"x","origin":[6.8,11.75,18.5]},"faces":{"north":{"uv":[0,0,0,5],"rotation":180,"texture":"#2"},"east":{"uv":[5,7.5,0,2],"rotation":90,"texture":"#2"},"south":{"uv":[0,5,0,0],"texture":"#2"},"west":{"uv":[0,7.5,5,2],"rotation":270,"texture":"#2"},"up":{"uv":[0,9,0,0],"texture":"#2"},"down":{"uv":[0,9,0,0],"rotation":180,"texture":"#2"}}},{"from":[6.8,9.25,-5.25],"to":[6.8,14.25,0.25],"rotation":{"angle":-22.5,"axis":"x","origin":[6.8,11.75,-2.5]},"faces":{"north":{"uv":[0,5,0,0],"texture":"#2"},"east":{"uv":[5,2,0,7.5],"rotation":90,"texture":"#2"},"south":{"uv":[0,0,0,5],"rotation":180,"texture":"#2"},"west":{"uv":[0,2,5,7.5],"rotation":270,"texture":"#2"},"up":{"uv":[0,0,0,9],"texture":"#2"},"down":{"uv":[0,0,0,9],"rotation":180,"texture":"#2"}}}],"gui_light":"front","display":{"thirdperson_righthand":{"translation":[3,1,1.5],"scale":[0.7,0.7,0.7]},"thirdperson_lefthand":{"rotation":[0,180,0],"translation":[3,1,1.5],"scale":[0.7,0.7,0.7]},"firstperson_righthand":{"rotation":[0,90,0],"translation":[-2.5,5.5,1.75],"scale":[0.35977,0.35977,0.35977]},"firstperson_lefthand":{"rotation":[0,-90,0],"translation":[-2.5,5.5,1.75],"scale":[0.35977,0.35977,0.35977]},"ground":{"translation":[0,11,0],"scale":[0.6,0.6,0.6]},"gui":{"rotation":[-90,-90,-90],"translation":[0,2.75,-1.5],"scale":[0.5,0.5,0.5]},"head":{"scale":[0,0,0]},"fixed":{"rotation":[0,90,0],"translation":[0,8.25,-3.25],"scale":[1.6207,1.6207,1.6207]}}}