{"credit":"MadewithBlockbench","texture_size":[128,128],"textures":{"0":"elitecreatures:skeletonoverlord_texture_01","1":"elitecreatures:skeletonoverlord_animation_01","2":"elitecreatures:skeletonoverlord_animation_02","3":"elitecreatures:skeletonoverlord_animation_03","4":"elitecreatures:skeletonoverlord_animation_04","particle":"elitecreatures:skeletonoverlord_texture_01"},"elements":[{"from":[7.25,-12,7.25],"to":[8.75,-5,8.75],"rotation":{"angle":0,"axis":"y","origin":[8,5.81499,8]},"faces":{"north":{"uv":[1.25,0,1.4375,0.875],"texture":"#0"},"east":{"uv":[1.25,0,1.4375,0.875],"texture":"#0"},"south":{"uv":[1.25,0,1.4375,0.875],"texture":"#0"},"west":{"uv":[1.25,0,1.4375,0.875],"texture":"#0"},"up":{"uv":[1.25,0.6875,1.4375,0.875],"texture":"#0"},"down":{"uv":[1.25,0.6875,1.4375,0.875],"texture":"#0"}}},{"from":[7.5,-14,8],"to":[8.5,-12.5,10],"rotation":{"angle":22.5,"axis":"x","origin":[8,-13.975,9.575]},"faces":{"north":{"uv":[0.5,1.4375,0.625,1.625],"texture":"#0"},"east":{"uv":[0.875,1.375,0.625,1.5625],"texture":"#0"},"south":{"uv":[0.5,1.4375,0.625,1.625],"texture":"#0"},"west":{"uv":[0.625,1.375,0.875,1.5625],"texture":"#0"},"up":{"uv":[0.875,1.375,1.125,1.5],"rotation":90,"texture":"#0"},"down":{"uv":[0.875,1.375,1.125,1.5],"rotation":90,"texture":"#0"}}},{"from":[7.6,-14.88188,9.52574],"to":[8.4,-13.38188,10.52574],"rotation":{"angle":-22.5,"axis":"x","origin":[8,-13.975,9.575]},"faces":{"north":{"uv":[1.25,1,1.4375,1.1],"rotation":270,"texture":"#0"},"east":{"uv":[1.4375,0.875,1.25,1],"rotation":270,"texture":"#0"},"south":{"uv":[1.25,1,1.4375,1.1],"rotation":90,"texture":"#0"},"west":{"uv":[1.25,0.875,1.4375,1],"rotation":90,"texture":"#0"},"up":{"uv":[1.2125,1.125,1.3125,1.25],"rotation":180,"texture":"#0"},"down":{"uv":[1.2125,1.125,1.3125,1.25],"texture":"#0"}}},{"from":[7.75,-15.2,9.9],"to":[8.25,-14.2,10.4],"rotation":{"angle":22.5,"axis":"x","origin":[8,-13.975,9.575]},"faces":{"north":{"uv":[1.125,1.25,1.25,1.3125],"rotation":90,"texture":"#0"},"east":{"uv":[1.125,1.25,1.25,1.3125],"rotation":90,"texture":"#0"},"south":{"uv":[1.125,1.25,1.25,1.3125],"rotation":90,"texture":"#0"},"west":{"uv":[1.125,1.25,1.25,1.3125],"rotation":90,"texture":"#0"},"up":{"uv":[1.25,1.25,1.3125,1.3125],"texture":"#0"},"down":{"uv":[1.25,1.25,1.3125,1.3125],"texture":"#0"}}},{"from":[7.6,-13.47574,9.68188],"to":[8.4,-12.47574,11.18188],"rotation":{"angle":-22.5,"axis":"x","origin":[8,-12.525,10.275]},"faces":{"north":{"uv":[1.2125,1.25,1.3125,1.125],"texture":"#0"},"east":{"uv":[1.25,0.875,1.4375,1],"rotation":180,"texture":"#0"},"south":{"uv":[1.2125,1.25,1.3125,1.125],"texture":"#0"},"west":{"uv":[1.4375,0.875,1.25,1],"rotation":180,"texture":"#0"},"up":{"uv":[1.25,1,1.4375,1.1],"rotation":90,"texture":"#0"},"down":{"uv":[1.4375,1,1.25,1.1],"rotation":90,"texture":"#0"}}},{"from":[7.75,-12.3,10.6],"to":[8.25,-11.3,11.1],"rotation":{"angle":22.5,"axis":"x","origin":[8,-12.525,10.275]},"faces":{"north":{"uv":[1.25,1.25,1.125,1.3125],"rotation":90,"texture":"#0"},"east":{"uv":[1.25,1.25,1.125,1.3125],"rotation":90,"texture":"#0"},"south":{"uv":[1.25,1.25,1.125,1.3125],"rotation":90,"texture":"#0"},"west":{"uv":[1.25,1.25,1.125,1.3125],"rotation":90,"texture":"#0"},"up":{"uv":[1.25,1.3125,1.3125,1.25],"texture":"#0"},"down":{"uv":[1.25,1.3125,1.3125,1.25],"texture":"#0"}}},{"from":[7.75,-12.3,4.9],"to":[8.25,-11.3,5.4],"rotation":{"angle":-22.5,"axis":"x","origin":[8,-12.525,5.725]},"faces":{"north":{"uv":[1.25,1.3125,1.125,1.25],"rotation":90,"texture":"#0"},"east":{"uv":[1.25,1.3125,1.125,1.25],"rotation":90,"texture":"#0"},"south":{"uv":[1.25,1.3125,1.125,1.25],"rotation":90,"texture":"#0"},"west":{"uv":[1.25,1.3125,1.125,1.25],"rotation":90,"texture":"#0"},"up":{"uv":[1.25,1.25,1.3125,1.3125],"texture":"#0"},"down":{"uv":[1.25,1.25,1.3125,1.3125],"texture":"#0"}}},{"from":[7.6,-13.47574,4.81812],"to":[8.4,-12.47574,6.31812],"rotation":{"angle":22.5,"axis":"x","origin":[8,-12.525,5.725]},"faces":{"north":{"uv":[1.3125,1.25,1.2125,1.125],"texture":"#0"},"east":{"uv":[1.4375,0.875,1.25,1],"rotation":180,"texture":"#0"},"south":{"uv":[1.3125,1.25,1.2125,1.125],"texture":"#0"},"west":{"uv":[1.25,0.875,1.4375,1],"rotation":180,"texture":"#0"},"up":{"uv":[1.4375,1,1.25,1.1],"rotation":90,"texture":"#0"},"down":{"uv":[1.25,1,1.4375,1.1],"rotation":90,"texture":"#0"}}},{"from":[7.5,-14,6],"to":[8.5,-12.5,8],"rotation":{"angle":-22.5,"axis":"x","origin":[8,-13.975,6.425]},"faces":{"north":{"uv":[0.625,1.4375,0.5,1.625],"texture":"#0"},"east":{"uv":[0.625,1.375,0.875,1.5625],"texture":"#0"},"south":{"uv":[0.625,1.4375,0.5,1.625],"texture":"#0"},"west":{"uv":[0.875,1.375,0.625,1.5625],"texture":"#0"},"up":{"uv":[1.125,1.375,0.875,1.5],"rotation":90,"texture":"#0"},"down":{"uv":[1.125,1.375,0.875,1.5],"rotation":90,"texture":"#0"}}},{"from":[7.6,-14.88188,5.47426],"to":[8.4,-13.38188,6.47426],"rotation":{"angle":22.5,"axis":"x","origin":[8,-13.975,6.425]},"faces":{"north":{"uv":[1.25,1.1,1.4375,1],"rotation":90,"texture":"#0"},"east":{"uv":[1.4375,1,1.25,0.875],"rotation":270,"texture":"#0"},"south":{"uv":[1.25,1.1,1.4375,1],"rotation":270,"texture":"#0"},"west":{"uv":[1.25,1,1.4375,0.875],"rotation":90,"texture":"#0"},"up":{"uv":[1.2125,1.25,1.3125,1.125],"rotation":180,"texture":"#0"},"down":{"uv":[1.2125,1.25,1.3125,1.125],"texture":"#0"}}},{"from":[7.75,-15.2,5.6],"to":[8.25,-14.2,6.1],"rotation":{"angle":-22.5,"axis":"x","origin":[8,-13.975,6.425]},"faces":{"north":{"uv":[1.125,1.3125,1.25,1.25],"rotation":90,"texture":"#0"},"east":{"uv":[1.125,1.3125,1.25,1.25],"rotation":90,"texture":"#0"},"south":{"uv":[1.125,1.3125,1.25,1.25],"rotation":90,"texture":"#0"},"west":{"uv":[1.125,1.3125,1.25,1.25],"rotation":90,"texture":"#0"},"up":{"uv":[1.25,1.3125,1.3125,1.25],"texture":"#0"},"down":{"uv":[1.25,1.3125,1.3125,1.25],"texture":"#0"}}},{"from":[6,-2.5,5.25],"to":[10,1.5,10.75],"rotation":{"angle":0,"axis":"y","origin":[8,-6.81499,8]},"faces":{"north":{"uv":[2.375,0,2.875,0.5],"texture":"#0"},"east":{"uv":[1.6875,0,2.375,0.5],"texture":"#0"},"south":{"uv":[2.375,0,2.875,0.5],"texture":"#0"},"west":{"uv":[1.6875,0,2.375,0.5],"texture":"#0"},"up":{"uv":[1.6875,0.5,2.1875,1.1875],"texture":"#0"},"down":{"uv":[1.6875,0.5,2.1875,1.1875],"texture":"#0"}}},{"from":[5.9,-1.5,5.25],"to":[5.9,0.5,10.75],"rotation":{"angle":0,"axis":"y","origin":[8,-6.81499,8]},"faces":{"north":{"uv":[0,0,0,4],"texture":"#2"},"south":{"uv":[0,0,0,4],"texture":"#2"},"west":{"uv":[0,0,11,4],"texture":"#2"},"up":{"uv":[0,11,0,0],"texture":"#2"},"down":{"uv":[0,0,0,11],"texture":"#2"}}},{"from":[10.1,-1.5,5.25],"to":[10.1,0.5,10.75],"rotation":{"angle":0,"axis":"y","origin":[8,-6.81499,8]},"faces":{"north":{"uv":[0,0,0,4],"texture":"#2"},"east":{"uv":[11,0,0,4],"texture":"#2"},"south":{"uv":[0,0,0,4],"texture":"#2"},"up":{"uv":[0,11,0,0],"texture":"#2"},"down":{"uv":[0,0,0,11],"texture":"#2"}}},{"from":[10.2,-0.5,3],"to":[10.2,8.5,8],"rotation":{"angle":0,"axis":"y","origin":[16,0,0]},"faces":{"north":{"uv":[0,0,0,9],"texture":"#1"},"east":{"uv":[5,0,0,9],"texture":"#1"},"south":{"uv":[0,0,0,9],"texture":"#1"},"west":{"uv":[0,0,5,9],"texture":"#1"},"up":{"uv":[0,5,0,0],"texture":"#1"},"down":{"uv":[0,0,0,5],"texture":"#1"}}},{"from":[4.6,-7,4.7],"to":[4.6,2,9.7],"rotation":{"angle":22.5,"axis":"z","origin":[0,0,0]},"faces":{"north":{"uv":[0,0,0,9],"texture":"#1"},"east":{"uv":[5,0,0,9],"texture":"#1"},"south":{"uv":[0,0,0,9],"texture":"#1"},"west":{"uv":[0,0,5,9],"texture":"#1"},"up":{"uv":[0,5,0,0],"texture":"#1"},"down":{"uv":[0,0,0,5],"texture":"#1"}}},{"from":[11.4,-7,4.7],"to":[11.4,2,9.7],"rotation":{"angle":-22.5,"axis":"z","origin":[16,0,0]},"faces":{"north":{"uv":[0,0,0,9],"texture":"#1"},"east":{"uv":[5,0,0,9],"texture":"#1"},"south":{"uv":[0,0,0,9],"texture":"#1"},"west":{"uv":[0,0,5,9],"texture":"#1"},"up":{"uv":[0,5,0,0],"texture":"#1"},"down":{"uv":[0,0,0,5],"texture":"#1"}}},{"from":[8,21.5,11],"to":[8,30.5,16],"rotation":{"angle":22.5,"axis":"x","origin":[8,27,11.5]},"faces":{"north":{"uv":[0,0,0,9],"texture":"#1"},"east":{"uv":[0,0,5,9],"texture":"#1"},"south":{"uv":[0,0,0,9],"texture":"#1"},"west":{"uv":[5,0,0,9],"texture":"#1"},"up":{"uv":[0,5,0,0],"texture":"#1"},"down":{"uv":[0,0,0,5],"texture":"#1"}}},{"from":[8,4,-1],"to":[8,9,3],"faces":{"north":{"uv":[0,0,0,8],"texture":"#4"},"east":{"uv":[8,0,0,10],"texture":"#4"},"south":{"uv":[0,0,0,8],"texture":"#4"},"west":{"uv":[0,0,8,10],"texture":"#4"},"up":{"uv":[0,8,0,0],"texture":"#4"},"down":{"uv":[0,0,0,8],"texture":"#4"}}},{"from":[8,6,12],"to":[8,11,16],"rotation":{"angle":0,"axis":"y","origin":[0,0,16]},"faces":{"north":{"uv":[0,0,0,8],"texture":"#4"},"east":{"uv":[0,0,8,10],"texture":"#4"},"south":{"uv":[0,0,0,8],"texture":"#4"},"west":{"uv":[8,0,0,10],"texture":"#4"},"up":{"uv":[0,0,0,8],"texture":"#4"},"down":{"uv":[0,8,0,0],"texture":"#4"}}},{"from":[9,1,5.5],"to":[9,5,10.5],"rotation":{"angle":0,"axis":"y","origin":[8,-6.81499,8]},"faces":{"north":{"uv":[2.875,0.75,2.5625,0.5],"texture":"#0"},"east":{"uv":[16,4.3125,15.375,3.8125],"texture":"#0"},"south":{"uv":[2.875,0.75,2.5625,0.5],"texture":"#0"},"west":{"uv":[16,4.3125,15.375,3.8125],"texture":"#0"},"up":{"uv":[2.5625,0.8125,2.1875,0.5],"rotation":270,"texture":"#0"},"down":{"uv":[2.5625,0.8125,2.1875,0.5],"rotation":270,"texture":"#0"}}},{"from":[7,1,5.5],"to":[7,5,10.5],"rotation":{"angle":0,"axis":"y","origin":[8,-6.81499,8]},"faces":{"north":{"uv":[2.5625,0.75,2.875,0.5],"texture":"#0"},"east":{"uv":[15.375,4.3125,16,3.8125],"texture":"#0"},"south":{"uv":[2.5625,0.75,2.875,0.5],"texture":"#0"},"west":{"uv":[15.375,4.3125,16,3.8125],"texture":"#0"},"up":{"uv":[2.5625,0.5,2.1875,0.8125],"rotation":270,"texture":"#0"},"down":{"uv":[2.5625,0.5,2.1875,0.8125],"rotation":270,"texture":"#0"}}},{"from":[7.9,0.5,-1.5],"to":[7.9,32,13.5],"rotation":{"angle":0,"axis":"y","origin":[8,-6.81499,8]},"faces":{"north":{"uv":[3,9,6,7],"texture":"#missing"},"east":{"uv":[13.3125,3.9375,11.4375,0],"texture":"#0"},"south":{"uv":[3,9,6,7],"texture":"#missing"},"west":{"uv":[11.4375,3.9375,13.3125,0],"texture":"#0"},"up":{"uv":[8,4.15,5,6.85],"rotation":270,"texture":"#missing"},"down":{"uv":[8,4.15,5,6.85],"rotation":90,"texture":"#missing"}}},{"from":[7.8,0.5,3.5],"to":[7.8,14,12.5],"rotation":{"angle":0,"axis":"y","origin":[8,-6.81499,8]},"faces":{"north":{"uv":[3,9,6,7],"texture":"#missing"},"east":{"uv":[13.25,1.6875,14.375,0],"texture":"#0"},"south":{"uv":[3,9,6,7],"texture":"#missing"},"west":{"uv":[14.375,1.6875,13.25,0],"texture":"#0"},"up":{"uv":[8,4.15,5,6.85],"rotation":270,"texture":"#missing"},"down":{"uv":[8,4.15,5,6.85],"rotation":90,"texture":"#missing"}}},{"from":[8.2,0.5,3.5],"to":[8.2,14,12.5],"rotation":{"angle":0,"axis":"y","origin":[8,-6.81499,8]},"faces":{"north":{"uv":[6,9,3,7],"texture":"#missing"},"east":{"uv":[13.25,1.6875,14.375,0],"texture":"#0"},"south":{"uv":[6,9,3,7],"texture":"#missing"},"west":{"uv":[14.375,1.6875,13.25,0],"texture":"#0"},"up":{"uv":[8,6.85,5,4.15],"rotation":270,"texture":"#missing"},"down":{"uv":[8,6.85,5,4.15],"rotation":90,"texture":"#missing"}}},{"from":[8.1,0.5,-1.5],"to":[8.1,32,13.5],"rotation":{"angle":0,"axis":"y","origin":[8,-6.81499,8]},"faces":{"north":{"uv":[6,9,3,7],"texture":"#missing"},"east":{"uv":[13.3125,3.9375,11.4375,0],"texture":"#0"},"south":{"uv":[6,9,3,7],"texture":"#missing"},"west":{"uv":[11.4375,3.9375,13.3125,0],"texture":"#0"},"up":{"uv":[8,6.85,5,4.15],"rotation":270,"texture":"#missing"},"down":{"uv":[8,6.85,5,4.15],"rotation":90,"texture":"#missing"}}},{"from":[7.75,2.46415,4.31952],"to":[8.25,3.46415,4.81952],"rotation":{"angle":22.5,"axis":"x","origin":[8,2.03431,5.08968]},"faces":{"north":{"uv":[1.5,1.5625,1.375,1.5],"rotation":90,"texture":"#0"},"east":{"uv":[1.5,1.5625,1.375,1.5],"rotation":270,"texture":"#0"},"south":{"uv":[1.5,1.5625,1.375,1.5],"rotation":270,"texture":"#0"},"west":{"uv":[1.5,1.5625,1.375,1.5],"rotation":90,"texture":"#0"},"up":{"uv":[1.3625,1.5625,1.3,1.5],"rotation":180,"texture":"#0"},"down":{"uv":[1.3625,1.5625,1.3,1.5],"texture":"#0"}}},{"from":[7.6,1.4,4.3],"to":[8.4,2.9,5.3],"rotation":{"angle":-22.5,"axis":"x","origin":[8,2.03431,5.08968]},"faces":{"north":{"uv":[1.5,1.4375,1.6875,1.5375],"rotation":270,"texture":"#0"},"east":{"uv":[1.5,1.3125,1.6875,1.4375],"rotation":270,"texture":"#0"},"south":{"uv":[1.5,1.4375,1.6875,1.5375],"rotation":270,"texture":"#0"},"west":{"uv":[1.5,1.3125,1.6875,1.4375],"rotation":270,"texture":"#0"},"up":{"uv":[1.5875,1.1875,1.6875,1.3125],"texture":"#0"},"down":{"uv":[1.5875,1.1875,1.6875,1.3125],"texture":"#0"}}},{"from":[7.5,0.66415,4.91952],"to":[8.5,2.16415,6.91952],"rotation":{"angle":22.5,"axis":"x","origin":[8,2.03431,5.08968]},"faces":{"north":{"uv":[1.5,1.5,1.375,1.3125],"texture":"#0"},"east":{"uv":[1.375,1.5,1.125,1.3125],"rotation":180,"texture":"#0"},"south":{"uv":[1.5,1.5,1.375,1.3125],"rotation":180,"texture":"#0"},"west":{"uv":[1.375,1.5,1.125,1.3125],"texture":"#0"},"up":{"uv":[1.5625,1.3125,1.3125,1.1875],"rotation":90,"texture":"#0"},"down":{"uv":[1.5625,1.3125,1.3125,1.1875],"rotation":270,"texture":"#0"}}},{"from":[7.6,22.00865,8.13976],"to":[8.4,23.50865,9.13976],"rotation":{"angle":0,"axis":"y","origin":[8,23.49536,9.62293]},"faces":{"north":{"uv":[1.5,1.5375,1.6875,1.4375],"rotation":90,"texture":"#0"},"east":{"uv":[1.5,1.4375,1.6875,1.3125],"rotation":90,"texture":"#0"},"south":{"uv":[1.5,1.5375,1.6875,1.4375],"rotation":90,"texture":"#0"},"west":{"uv":[1.5,1.4375,1.6875,1.3125],"rotation":90,"texture":"#0"},"up":{"uv":[1.6875,1.1875,1.5875,1.3125],"rotation":180,"texture":"#0"},"down":{"uv":[1.6875,1.1875,1.5875,1.3125],"rotation":180,"texture":"#0"}}},{"from":[7.75,21.72888,8.06984],"to":[8.25,22.72888,8.56984],"rotation":{"angle":-22.5,"axis":"x","origin":[8,23.49536,9.62293]},"faces":{"north":{"uv":[1.375,1.5625,1.5,1.5],"rotation":90,"texture":"#0"},"east":{"uv":[1.375,1.5625,1.5,1.5],"rotation":270,"texture":"#0"},"south":{"uv":[1.375,1.5625,1.5,1.5],"rotation":270,"texture":"#0"},"west":{"uv":[1.375,1.5625,1.5,1.5],"rotation":90,"texture":"#0"},"up":{"uv":[1.3625,1.5,1.3,1.5625],"texture":"#0"},"down":{"uv":[1.3625,1.5,1.3,1.5625],"rotation":180,"texture":"#0"}}},{"from":[7.5,23.41677,8.52326],"to":[8.5,24.91677,10.52326],"rotation":{"angle":-45,"axis":"x","origin":[8,23.49536,9.62293]},"faces":{"north":{"uv":[1.5,1.3125,1.375,1.5],"texture":"#0"},"east":{"uv":[1.375,1.3125,1.125,1.5],"rotation":180,"texture":"#0"},"south":{"uv":[1.5,1.3125,1.375,1.5],"rotation":180,"texture":"#0"},"west":{"uv":[1.375,1.3125,1.125,1.5],"texture":"#0"},"up":{"uv":[1.3125,1.3125,1.5625,1.1875],"rotation":270,"texture":"#0"},"down":{"uv":[1.3125,1.3125,1.5625,1.1875],"rotation":90,"texture":"#0"}}},{"from":[7.75,8.74846,8.45645],"to":[8.25,9.24846,9.45645],"rotation":{"angle":22.5,"axis":"x","origin":[8,7.69536,10.22293]},"faces":{"north":{"uv":[1.3625,1.5,1.3,1.5625],"texture":"#0"},"east":{"uv":[1.375,1.5625,1.5,1.5],"rotation":180,"texture":"#0"},"south":{"uv":[1.3625,1.5,1.3,1.5625],"texture":"#0"},"west":{"uv":[1.375,1.5625,1.5,1.5],"rotation":180,"texture":"#0"},"up":{"uv":[1.375,1.5625,1.5,1.5],"rotation":270,"texture":"#0"},"down":{"uv":[1.375,1.5625,1.5,1.5],"rotation":270,"texture":"#0"}}},{"from":[7.6,8.17854,8.73622],"to":[8.4,9.17854,10.23622],"rotation":{"angle":45,"axis":"x","origin":[8,7.69536,10.22293]},"faces":{"north":{"uv":[1.6875,1.1875,1.5875,1.3125],"texture":"#0"},"east":{"uv":[1.5,1.4375,1.6875,1.3125],"texture":"#0"},"south":{"uv":[1.6875,1.1875,1.5875,1.3125],"rotation":180,"texture":"#0"},"west":{"uv":[1.5,1.4375,1.6875,1.3125],"rotation":180,"texture":"#0"},"up":{"uv":[1.5,1.5375,1.6875,1.4375],"rotation":270,"texture":"#0"},"down":{"uv":[1.5,1.5375,1.6875,1.4375],"rotation":90,"texture":"#0"}}},{"from":[7.5,6.79503,10.14434],"to":[8.5,8.79503,11.64434],"rotation":{"angle":0,"axis":"y","origin":[8,7.69536,10.22293]},"faces":{"north":{"uv":[1.3125,1.3125,1.5625,1.1875],"rotation":270,"texture":"#0"},"east":{"uv":[1.375,1.3125,1.125,1.5],"rotation":90,"texture":"#0"},"south":{"uv":[1.3125,1.3125,1.5625,1.1875],"rotation":270,"texture":"#0"},"west":{"uv":[1.375,1.3125,1.125,1.5],"rotation":90,"texture":"#0"},"up":{"uv":[1.5,1.3125,1.375,1.5],"rotation":180,"texture":"#0"},"down":{"uv":[1.5,1.3125,1.375,1.5],"rotation":180,"texture":"#0"}}},{"from":[7.5,6.41677,8.52326],"to":[8.5,7.91677,10.52326],"rotation":{"angle":22.5,"axis":"x","origin":[8,6.49536,9.62293]},"faces":{"north":{"uv":[1.5,1.3125,1.375,1.5],"texture":"#0"},"east":{"uv":[1.375,1.3125,1.125,1.5],"rotation":180,"texture":"#0"},"south":{"uv":[1.5,1.3125,1.375,1.5],"rotation":180,"texture":"#0"},"west":{"uv":[1.375,1.3125,1.125,1.5],"texture":"#0"},"up":{"uv":[1.3125,1.3125,1.5625,1.1875],"rotation":270,"texture":"#0"},"down":{"uv":[1.3125,1.3125,1.5625,1.1875],"rotation":90,"texture":"#0"}}},{"from":[7.6,6.97854,8.13622],"to":[8.4,7.97854,9.63622],"rotation":{"angle":-22.5,"axis":"x","origin":[8,6.49536,9.62293]},"faces":{"north":{"uv":[1.6875,1.1875,1.5875,1.3125],"texture":"#0"},"east":{"uv":[1.5,1.4375,1.6875,1.3125],"texture":"#0"},"south":{"uv":[1.6875,1.1875,1.5875,1.3125],"rotation":180,"texture":"#0"},"west":{"uv":[1.5,1.4375,1.6875,1.3125],"rotation":180,"texture":"#0"},"up":{"uv":[1.5,1.5375,1.6875,1.4375],"rotation":270,"texture":"#0"},"down":{"uv":[1.5,1.5375,1.6875,1.4375],"rotation":90,"texture":"#0"}}},{"from":[7.75,4.72888,8.06984],"to":[8.25,5.72888,8.56984],"rotation":{"angle":45,"axis":"x","origin":[8,6.49536,9.62293]},"faces":{"north":{"uv":[1.375,1.5625,1.5,1.5],"rotation":90,"texture":"#0"},"east":{"uv":[1.375,1.5625,1.5,1.5],"rotation":270,"texture":"#0"},"south":{"uv":[1.375,1.5625,1.5,1.5],"rotation":270,"texture":"#0"},"west":{"uv":[1.375,1.5625,1.5,1.5],"rotation":90,"texture":"#0"},"up":{"uv":[1.3625,1.5,1.3,1.5625],"texture":"#0"},"down":{"uv":[1.3625,1.5,1.3,1.5625],"rotation":180,"texture":"#0"}}},{"from":[7.6,17.56557,7.71417],"to":[8.4,19.06557,8.71417],"rotation":{"angle":0,"axis":"y","origin":[8,18.7601,9.94499]},"faces":{"north":{"uv":[1.5,1.5375,1.6875,1.4375],"rotation":90,"texture":"#0"},"east":{"uv":[1.5,1.4375,1.6875,1.3125],"rotation":90,"texture":"#0"},"south":{"uv":[1.5,1.5375,1.6875,1.4375],"rotation":90,"texture":"#0"},"west":{"uv":[1.5,1.4375,1.6875,1.3125],"rotation":90,"texture":"#0"},"up":{"uv":[1.6875,1.1875,1.5875,1.3125],"rotation":180,"texture":"#0"},"down":{"uv":[1.6875,1.1875,1.5875,1.3125],"rotation":180,"texture":"#0"}}},{"from":[7.75,18.11677,7.92326],"to":[8.25,19.11677,8.42326],"rotation":{"angle":-45,"axis":"x","origin":[8,18.7601,9.94499]},"faces":{"north":{"uv":[1.375,1.5625,1.5,1.5],"rotation":90,"texture":"#0"},"east":{"uv":[1.375,1.5625,1.5,1.5],"rotation":270,"texture":"#0"},"south":{"uv":[1.375,1.5625,1.5,1.5],"rotation":270,"texture":"#0"},"west":{"uv":[1.375,1.5625,1.5,1.5],"rotation":90,"texture":"#0"},"up":{"uv":[1.3625,1.5,1.3,1.5625],"texture":"#0"},"down":{"uv":[1.3625,1.5,1.3,1.5625],"rotation":180,"texture":"#0"}}},{"from":[7.5,19.41677,8.52326],"to":[8.5,20.91677,10.52326],"rotation":{"angle":-45,"axis":"x","origin":[8,18.7601,9.94499]},"faces":{"north":{"uv":[1.5,1.3125,1.375,1.5],"texture":"#0"},"east":{"uv":[1.375,1.3125,1.125,1.5],"rotation":180,"texture":"#0"},"south":{"uv":[1.5,1.3125,1.375,1.5],"rotation":180,"texture":"#0"},"west":{"uv":[1.375,1.3125,1.125,1.5],"texture":"#0"},"up":{"uv":[1.3125,1.3125,1.5625,1.1875],"rotation":270,"texture":"#0"},"down":{"uv":[1.3125,1.3125,1.5625,1.1875],"rotation":90,"texture":"#0"}}},{"from":[7.65,2.15574,6.48807],"to":[8.15,3.15574,6.98807],"rotation":{"angle":45,"axis":"x","origin":[7.9,3.49742,8.54138]},"faces":{"north":{"uv":[1.375,1.5625,1.5,1.5],"rotation":90,"texture":"#0"},"east":{"uv":[1.375,1.5625,1.5,1.5],"rotation":270,"texture":"#0"},"south":{"uv":[1.375,1.5625,1.5,1.5],"rotation":270,"texture":"#0"},"west":{"uv":[1.375,1.5625,1.5,1.5],"rotation":90,"texture":"#0"},"up":{"uv":[1.3625,1.5,1.3,1.5625],"texture":"#0"},"down":{"uv":[1.3625,1.5,1.3,1.5625],"rotation":180,"texture":"#0"}}},{"from":[7.5,4.25676,6.83071],"to":[8.3,5.25676,8.33071],"rotation":{"angle":0,"axis":"y","origin":[7.9,3.49742,8.54138]},"faces":{"north":{"uv":[1.6875,1.1875,1.5875,1.3125],"texture":"#0"},"east":{"uv":[1.5,1.4375,1.6875,1.3125],"texture":"#0"},"south":{"uv":[1.6875,1.1875,1.5875,1.3125],"rotation":180,"texture":"#0"},"west":{"uv":[1.5,1.4375,1.6875,1.3125],"rotation":180,"texture":"#0"},"up":{"uv":[1.5,1.5375,1.6875,1.4375],"rotation":270,"texture":"#0"},"down":{"uv":[1.5,1.5375,1.6875,1.4375],"rotation":90,"texture":"#0"}}},{"from":[7.4,3.7716,7.44937],"to":[8.4,5.2716,9.44937],"rotation":{"angle":22.5,"axis":"x","origin":[7.9,3.49742,8.54138]},"faces":{"north":{"uv":[1.5,1.3125,1.375,1.5],"texture":"#0"},"east":{"uv":[1.375,1.3125,1.125,1.5],"rotation":180,"texture":"#0"},"south":{"uv":[1.5,1.3125,1.375,1.5],"rotation":180,"texture":"#0"},"west":{"uv":[1.375,1.3125,1.125,1.5],"texture":"#0"},"up":{"uv":[1.3125,1.3125,1.5625,1.1875],"rotation":270,"texture":"#0"},"down":{"uv":[1.3125,1.3125,1.5625,1.1875],"rotation":90,"texture":"#0"}}},{"from":[6.6,-6.8,6.5],"to":[9.6,-3.8,9.5],"rotation":{"angle":0,"axis":"y","origin":[8,-6.81499,8]},"faces":{"north":{"uv":[2.4375,1.5625,2.0625,1.1875],"texture":"#0"},"east":{"uv":[2.0625,1.5625,1.6875,1.1875],"texture":"#0"},"south":{"uv":[2.4375,1.5625,2.0625,1.1875],"texture":"#0"},"west":{"uv":[2.0625,1.5625,1.6875,1.1875],"texture":"#0"},"up":{"uv":[2.4375,1.5625,2.8125,1.1875],"rotation":90,"texture":"#0"},"down":{"uv":[2.4375,1.5625,2.8125,1.1875],"rotation":90,"texture":"#0"}}},{"from":[7.1,-4,5.75],"to":[9.1,-2,10.25],"rotation":{"angle":0,"axis":"y","origin":[8,-6.81499,8]},"faces":{"north":{"uv":[3.6875,0.25,3.4375,0],"texture":"#0"},"east":{"uv":[3.4375,0.25,2.875,0],"texture":"#0"},"south":{"uv":[3.6875,0.25,3.4375,0],"texture":"#0"},"west":{"uv":[3.4375,0.25,2.875,0],"texture":"#0"},"up":{"uv":[2.875,0.5,3.4375,0.25],"rotation":90,"texture":"#0"},"down":{"uv":[2.875,0.5,3.4375,0.25],"rotation":90,"texture":"#0"}}},{"from":[6.75,-0.99751,7.44744],"to":[9.25,2.00249,11.44744],"rotation":{"angle":-22.5,"axis":"x","origin":[8,3.93417,10.594]},"faces":{"north":{"uv":[0.5,0.375,0.8125,0],"texture":"#0"},"east":{"uv":[0,0.375,0.5,0],"texture":"#0"},"south":{"uv":[0.5,0.375,0.8125,0],"texture":"#0"},"west":{"uv":[0.5,0.375,0,0],"texture":"#0"},"up":{"uv":[0.5,0.6875,0,0.375],"rotation":90,"texture":"#0"},"down":{"uv":[0,0.6875,0.5,0.375],"rotation":90,"texture":"#0"}}},{"from":[6.85,1.17297,11.92504],"to":[9.15,4.17297,14.42504],"rotation":{"angle":22.5,"axis":"x","origin":[8,3.93417,10.594]},"faces":{"north":{"uv":[0.375,1,0,1.2875],"rotation":270,"texture":"#0"},"east":{"uv":[0,0.6875,0.375,1],"rotation":90,"texture":"#0"},"south":{"uv":[0,1,0.375,1.2875],"rotation":90,"texture":"#0"},"west":{"uv":[0.375,0.6875,0,1],"rotation":270,"texture":"#0"},"up":{"uv":[0.525,0.375,0.8125,0.6875],"texture":"#0"},"down":{"uv":[0.525,0.375,0.8125,0.6875],"rotation":180,"texture":"#0"}}},{"from":[7,1.34846,11.40862],"to":[9,4.34846,13.40862],"rotation":{"angle":-22.5,"axis":"x","origin":[8,3.93417,10.594]},"faces":{"north":{"uv":[0.375,0.9375,0.75,1.1875],"rotation":270,"texture":"#0"},"east":{"uv":[0.375,0.6875,0.75,0.9375],"rotation":270,"texture":"#0"},"south":{"uv":[0.375,0.9375,0.75,1.1875],"rotation":270,"texture":"#0"},"west":{"uv":[0.375,0.9375,0.75,0.6875],"rotation":270,"texture":"#0"},"up":{"uv":[0.375,1.1875,0.625,1.4375],"texture":"#0"},"down":{"uv":[0.375,1.1875,0.625,1.4375],"texture":"#0"}}},{"from":[7.25,3.10939,12.25001],"to":[8.75,6.10939,13.75001],"rotation":{"angle":22.5,"axis":"x","origin":[8,5.62974,13.7821]},"faces":{"north":{"uv":[0.8125,0.375,1.1875,0.1875],"rotation":270,"texture":"#0"},"east":{"uv":[1.1875,0.1875,0.8125,0],"rotation":90,"texture":"#0"},"south":{"uv":[0.8125,0.375,1.1875,0.1875],"rotation":270,"texture":"#0"},"west":{"uv":[1.1875,0.1875,0.8125,0],"rotation":90,"texture":"#0"},"up":{"uv":[0,1.5,0.1875,1.3125],"texture":"#0"},"down":{"uv":[0,1.5,0.1875,1.3125],"texture":"#0"}}},{"from":[7.5,5.9601,13.05586],"to":[8.5,6.9601,14.55586],"rotation":{"angle":-22.5,"axis":"x","origin":[8,5.62974,13.7821]},"faces":{"north":{"uv":[0.9375,0.6875,0.8125,0.5625],"rotation":270,"texture":"#0"},"east":{"uv":[1.0625,0.5625,0.9375,0.375],"rotation":90,"texture":"#0"},"south":{"uv":[0.9375,0.6875,0.8125,0.5625],"rotation":90,"texture":"#0"},"west":{"uv":[0.9375,0.5625,1.0625,0.375],"rotation":270,"texture":"#0"},"up":{"uv":[0.9375,0.5625,0.8125,0.375],"rotation":180,"texture":"#0"},"down":{"uv":[0.9375,0.5625,0.8125,0.375],"texture":"#0"}}},{"from":[7.55,6.30009,13.3988],"to":[8.45,7.00009,14.5988],"rotation":{"angle":22.5,"axis":"x","origin":[8,5.62974,13.7821]},"faces":{"north":{"uv":[0.9625,0.5625,1.05,0.675],"rotation":270,"texture":"#0"},"east":{"uv":[0.8625,0.6875,0.775,0.8375],"rotation":270,"texture":"#0"},"south":{"uv":[0.9625,0.5625,1.05,0.675],"rotation":270,"texture":"#0"},"west":{"uv":[0.775,0.8375,0.8625,0.6875],"rotation":270,"texture":"#0"},"up":{"uv":[1.175,0.525,1.0625,0.375],"texture":"#0"},"down":{"uv":[1.0625,0.375,1.175,0.525],"texture":"#0"}}},{"from":[7.65,5.4465,14.50983],"to":[8.35,6.4465,15.00983],"rotation":{"angle":0,"axis":"y","origin":[8,5.62974,13.7821]},"faces":{"north":{"uv":[0.875,0.75,1,0.8375],"rotation":270,"texture":"#0"},"east":{"uv":[1,0.6875,0.875,0.75],"rotation":270,"texture":"#0"},"south":{"uv":[0.875,0.75,1,0.8375],"rotation":270,"texture":"#0"},"west":{"uv":[0.875,0.6875,1,0.75],"rotation":270,"texture":"#0"},"up":{"uv":[1.1,0.5625,1.1875,0.625],"rotation":180,"texture":"#0"},"down":{"uv":[1.1,0.5625,1.1875,0.625],"rotation":180,"texture":"#0"}}},{"from":[7.65,1.61032,-0.24011],"to":[8.35,2.61032,0.25989],"rotation":{"angle":45,"axis":"x","origin":[8,1.93417,3.406]},"faces":{"north":{"uv":[0.875,0.8375,1,0.75],"rotation":270,"texture":"#0"},"east":{"uv":[1,0.75,0.875,0.6875],"rotation":270,"texture":"#0"},"south":{"uv":[0.875,0.8375,1,0.75],"rotation":270,"texture":"#0"},"west":{"uv":[0.875,0.75,1,0.6875],"rotation":270,"texture":"#0"},"up":{"uv":[1.1,0.625,1.1875,0.5625],"rotation":180,"texture":"#0"},"down":{"uv":[1.1,0.625,1.1875,0.5625],"rotation":180,"texture":"#0"}}},{"from":[8,-8.1,12.5],"to":[8,-5.1,15.5],"rotation":{"angle":0,"axis":"y","origin":[0,2,16.4]},"faces":{"north":{"uv":[0,0,0,0.375],"texture":"#missing"},"east":{"uv":[14.125,2.5625,13.75,2.9375],"texture":"#0"},"south":{"uv":[0,0,0,0.375],"texture":"#missing"},"west":{"uv":[14.125,2.5625,13.75,2.9375],"texture":"#0"},"up":{"uv":[0,0.375,0,0],"texture":"#missing"},"down":{"uv":[0,0.375,0,0],"texture":"#missing"}}},{"from":[8,-11.1,0.9],"to":[8,-8.1,3.9],"rotation":{"angle":0,"axis":"y","origin":[0,2,16.4]},"faces":{"north":{"uv":[0,0,0,0.375],"texture":"#missing"},"east":{"uv":[14.125,2.5625,13.75,2.9375],"texture":"#0"},"south":{"uv":[0,0,0,0.375],"texture":"#missing"},"west":{"uv":[14.125,2.5625,13.75,2.9375],"texture":"#0"},"up":{"uv":[0,0.375,0,0],"texture":"#missing"},"down":{"uv":[0,0.375,0,0],"texture":"#missing"}}},{"from":[7.5,3.38842,2.68098],"to":[8.5,4.88842,3.68098],"rotation":{"angle":-22.5,"axis":"x","origin":[8,1.93417,3.406]},"faces":{"north":{"uv":[0.8125,0.5625,0.9375,0.375],"texture":"#0"},"east":{"uv":[0.9375,0.5625,1.0625,0.375],"rotation":180,"texture":"#0"},"south":{"uv":[0.8125,0.5625,0.9375,0.375],"texture":"#0"},"west":{"uv":[1.0625,0.5625,0.9375,0.375],"rotation":180,"texture":"#0"},"up":{"uv":[0.8125,0.6875,0.9375,0.5625],"rotation":90,"texture":"#0"},"down":{"uv":[0.8125,0.6875,0.9375,0.5625],"rotation":90,"texture":"#0"}}},{"from":[7.55,3.40009,0.3012],"to":[8.45,4.10009,1.5012],"rotation":{"angle":22.5,"axis":"x","origin":[8,1.93417,3.406]},"faces":{"north":{"uv":[0.9625,0.675,1.05,0.5625],"rotation":270,"texture":"#0"},"east":{"uv":[0.8625,0.8375,0.775,0.6875],"rotation":270,"texture":"#0"},"south":{"uv":[0.9625,0.675,1.05,0.5625],"rotation":270,"texture":"#0"},"west":{"uv":[0.775,0.6875,0.8625,0.8375],"rotation":270,"texture":"#0"},"up":{"uv":[1.0625,0.525,1.175,0.375],"texture":"#0"},"down":{"uv":[1.0625,0.525,1.175,0.375],"texture":"#0"}}},{"from":[7.25,0.20939,1.14999],"to":[8.75,3.20939,2.64999],"rotation":{"angle":22.5,"axis":"x","origin":[8,1.93417,3.406]},"faces":{"north":{"uv":[0.8125,0.1875,1.1875,0.375],"rotation":270,"texture":"#0"},"east":{"uv":[1.1875,0,0.8125,0.1875],"rotation":90,"texture":"#0"},"south":{"uv":[0.8125,0.1875,1.1875,0.375],"rotation":270,"texture":"#0"},"west":{"uv":[1.1875,0,0.8125,0.1875],"rotation":90,"texture":"#0"},"up":{"uv":[0,1.3125,0.1875,1.5],"texture":"#0"},"down":{"uv":[0,1.3125,0.1875,1.5],"texture":"#0"}}},{"from":[7,-0.65154,0.59138],"to":[9,2.34846,2.59138],"rotation":{"angle":-22.5,"axis":"x","origin":[8,1.93417,3.406]},"faces":{"north":{"uv":[0.375,1.1875,0.75,0.9375],"rotation":270,"texture":"#0"},"east":{"uv":[0.375,0.9375,0.75,0.6875],"rotation":270,"texture":"#0"},"south":{"uv":[0.375,1.1875,0.75,0.9375],"rotation":270,"texture":"#0"},"west":{"uv":[0.375,0.6875,0.75,0.9375],"rotation":270,"texture":"#0"},"up":{"uv":[0.375,1.4375,0.625,1.1875],"texture":"#0"},"down":{"uv":[0.375,1.4375,0.625,1.1875],"texture":"#0"}}},{"from":[6.85,-1.89686,3.16721],"to":[9.15,0.60314,6.16721],"rotation":{"angle":22.5,"axis":"x","origin":[8,1.93417,3.406]},"faces":{"north":{"uv":[0.8125,0.375,0.525,0.6875],"texture":"#0"},"east":{"uv":[0.375,0.6875,0,1],"texture":"#0"},"south":{"uv":[0.8125,0.375,0.525,0.6875],"texture":"#0"},"west":{"uv":[0,0.6875,0.375,1],"texture":"#0"},"up":{"uv":[0,1,0.375,1.2875],"rotation":90,"texture":"#0"},"down":{"uv":[0.375,1,0,1.2875],"rotation":90,"texture":"#0"}}},{"from":[6.75,-2.99751,2.55256],"to":[9.25,0.00249,6.55256],"rotation":{"angle":-22.5,"axis":"x","origin":[8,1.93417,3.406]},"faces":{"north":{"uv":[0.8125,0.375,0.5,0],"texture":"#0"},"east":{"uv":[0.5,0.375,0,0],"texture":"#0"},"south":{"uv":[0.8125,0.375,0.5,0],"texture":"#0"},"west":{"uv":[0,0.375,0.5,0],"texture":"#0"},"up":{"uv":[0,0.6875,0.5,0.375],"rotation":90,"texture":"#0"},"down":{"uv":[0.5,0.6875,0,0.375],"rotation":90,"texture":"#0"}}},{"from":[7,-3.28896,4.96541],"to":[9,-1.78896,6.96541],"rotation":{"angle":0,"axis":"y","origin":[8,-3.46436,4.78664]},"faces":{"north":{"uv":[1.25,1.125,1,0.9375],"texture":"#0"},"east":{"uv":[1,1.0625,0.75,0.875],"texture":"#0"},"south":{"uv":[1.25,1.125,1,0.9375],"texture":"#0"},"west":{"uv":[1,1.0625,0.75,0.875],"texture":"#0"},"up":{"uv":[1,0.6875,1.25,0.9375],"rotation":90,"texture":"#0"},"down":{"uv":[1,0.6875,1.25,0.9375],"rotation":90,"texture":"#0"}}},{"from":[7.25,-3.59935,10.79225],"to":[8.75,-2.09935,12.29225],"rotation":{"angle":-45,"axis":"x","origin":[8,-3.46436,11.21336]},"faces":{"north":{"uv":[0.375,1.3125,0.1875,1.5],"rotation":270,"texture":"#0"},"east":{"uv":[1,1.25,0.8125,1.0625],"rotation":270,"texture":"#0"},"south":{"uv":[0.375,1.3125,0.1875,1.5],"rotation":270,"texture":"#0"},"west":{"uv":[1,1.0625,0.8125,1.25],"rotation":270,"texture":"#0"},"up":{"uv":[0.625,1.375,0.8125,1.1875],"texture":"#0"},"down":{"uv":[0.625,1.375,0.8125,1.1875],"texture":"#0"}}},{"from":[7.5,-5.09935,3.85775],"to":[8.5,-3.59935,4.85775],"rotation":{"angle":45,"axis":"x","origin":[8,-3.46436,4.78664]},"faces":{"north":{"uv":[1.1875,1.25,1,1.125],"rotation":270,"texture":"#0"},"east":{"uv":[1,1.25,0.8125,1.375],"rotation":270,"texture":"#0"},"south":{"uv":[1.1875,1.25,1,1.125],"rotation":270,"texture":"#0"},"west":{"uv":[1,1.375,0.8125,1.25],"rotation":270,"texture":"#0"},"up":{"uv":[1,1.25,1.125,1.375],"texture":"#0"},"down":{"uv":[1,1.25,1.125,1.375],"texture":"#0"}}},{"from":[7.6,-5,4.8],"to":[8.4,-4.5,5.8],"rotation":{"angle":45,"axis":"x","origin":[8,-3.46436,4.78664]},"faces":{"north":{"uv":[0.25,1.5,0.1875,1.625],"rotation":270,"texture":"#0"},"east":{"uv":[0,1.625,0.0625,1.5],"rotation":270,"texture":"#0"},"south":{"uv":[0.25,1.5,0.1875,1.625],"rotation":270,"texture":"#0"},"west":{"uv":[0.0625,1.625,0,1.5],"rotation":270,"texture":"#0"},"up":{"uv":[0.0625,1.625,0.1875,1.5],"rotation":180,"texture":"#0"},"down":{"uv":[0.0625,1.5,0.1875,1.625],"rotation":180,"texture":"#0"}}},{"from":[7.65,-4.97301,3.8542],"to":[8.35,-4.47301,4.8542],"rotation":{"angle":-22.5,"axis":"x","origin":[8,-3.46436,4.78664]},"faces":{"north":{"uv":[0.5,1.5,0.4125,1.5625],"texture":"#0"},"east":{"uv":[0.375,1.5,0.5,1.4375],"rotation":180,"texture":"#0"},"south":{"uv":[0.5,1.5,0.4125,1.5625],"texture":"#0"},"west":{"uv":[0.375,1.5,0.5,1.4375],"rotation":180,"texture":"#0"},"up":{"uv":[0.25,1.5875,0.375,1.5],"rotation":90,"texture":"#0"},"down":{"uv":[0.25,1.5875,0.375,1.5],"rotation":90,"texture":"#0"}}},{"from":[7,-3.28896,9.03459],"to":[9,-1.78896,11.03459],"rotation":{"angle":0,"axis":"y","origin":[8,-3.46436,11.21336]},"faces":{"north":{"uv":[1,1.125,1.25,0.9375],"texture":"#0"},"east":{"uv":[0.75,1.0625,1,0.875],"texture":"#0"},"south":{"uv":[1,1.125,1.25,0.9375],"texture":"#0"},"west":{"uv":[0.75,1.0625,1,0.875],"texture":"#0"},"up":{"uv":[1.25,0.6875,1,0.9375],"rotation":90,"texture":"#0"},"down":{"uv":[1.25,0.6875,1,0.9375],"rotation":90,"texture":"#0"}}},{"from":[7.5,-5.09935,11.14225],"to":[8.5,-3.59935,12.14225],"rotation":{"angle":-45,"axis":"x","origin":[8,-3.46436,11.21336]},"faces":{"north":{"uv":[1.1875,1.125,1,1.25],"rotation":270,"texture":"#0"},"east":{"uv":[1,1.375,0.8125,1.25],"rotation":270,"texture":"#0"},"south":{"uv":[1.1875,1.125,1,1.25],"rotation":270,"texture":"#0"},"west":{"uv":[1,1.25,0.8125,1.375],"rotation":270,"texture":"#0"},"up":{"uv":[1,1.375,1.125,1.25],"texture":"#0"},"down":{"uv":[1,1.375,1.125,1.25],"texture":"#0"}}},{"from":[7.6,-5,10.2],"to":[8.4,-4.5,11.2],"rotation":{"angle":-45,"axis":"x","origin":[8,-3.46436,11.21336]},"faces":{"north":{"uv":[0.25,1.625,0.1875,1.5],"rotation":270,"texture":"#0"},"east":{"uv":[0,1.5,0.0625,1.625],"rotation":270,"texture":"#0"},"south":{"uv":[0.25,1.625,0.1875,1.5],"rotation":270,"texture":"#0"},"west":{"uv":[0.0625,1.5,0,1.625],"rotation":270,"texture":"#0"},"up":{"uv":[0.0625,1.5,0.1875,1.625],"rotation":180,"texture":"#0"},"down":{"uv":[0.0625,1.625,0.1875,1.5],"rotation":180,"texture":"#0"}}},{"from":[7.65,-4.97301,11.1458],"to":[8.35,-4.47301,12.1458],"rotation":{"angle":22.5,"axis":"x","origin":[8,-3.46436,11.21336]},"faces":{"north":{"uv":[0.4125,1.5,0.5,1.5625],"texture":"#0"},"east":{"uv":[0.5,1.5,0.375,1.4375],"rotation":180,"texture":"#0"},"south":{"uv":[0.4125,1.5,0.5,1.5625],"texture":"#0"},"west":{"uv":[0.5,1.5,0.375,1.4375],"rotation":180,"texture":"#0"},"up":{"uv":[0.375,1.5875,0.25,1.5],"rotation":90,"texture":"#0"},"down":{"uv":[0.375,1.5875,0.25,1.5],"rotation":90,"texture":"#0"}}},{"from":[7.5,2.28896,13.48807],"to":[8.5,3.28896,14.98807],"rotation":{"angle":0,"axis":"y","origin":[8,3.39672,14.49276]},"faces":{"north":{"uv":[1,1.25,1.125,1.375],"rotation":180,"texture":"#0"},"east":{"uv":[0.8125,1.375,1,1.25],"rotation":180,"texture":"#0"},"south":{"uv":[1,1.25,1.125,1.375],"texture":"#0"},"west":{"uv":[0.8125,1.25,1,1.375],"texture":"#0"},"up":{"uv":[1,1.125,1.1875,1.25],"rotation":90,"texture":"#0"},"down":{"uv":[1,1.125,1.1875,1.25],"rotation":270,"texture":"#0"}}},{"from":[7.6,3.01272,14.54194],"to":[8.4,4.01272,15.04194],"rotation":{"angle":22.5,"axis":"x","origin":[8,3.39672,14.49276]},"faces":{"north":{"uv":[0.0625,1.625,0.1875,1.5],"texture":"#0"},"east":{"uv":[0.0625,1.5,0,1.625],"rotation":180,"texture":"#0"},"south":{"uv":[0.0625,1.5,0.1875,1.625],"rotation":180,"texture":"#0"},"west":{"uv":[0,1.5,0.0625,1.625],"texture":"#0"},"up":{"uv":[0.1875,1.625,0.25,1.5],"rotation":90,"texture":"#0"},"down":{"uv":[0.1875,1.625,0.25,1.5],"rotation":270,"texture":"#0"}}},{"from":[7.65,3.36075,14.71064],"to":[8.35,4.36075,15.21064],"rotation":{"angle":-22.5,"axis":"x","origin":[8,3.39672,14.49276]},"faces":{"north":{"uv":[0.25,1.5875,0.375,1.5],"rotation":270,"texture":"#0"},"east":{"uv":[0.5,1.4375,0.375,1.5],"rotation":90,"texture":"#0"},"south":{"uv":[0.25,1.5875,0.375,1.5],"rotation":90,"texture":"#0"},"west":{"uv":[0.5,1.4375,0.375,1.5],"rotation":270,"texture":"#0"},"up":{"uv":[0.4125,1.5625,0.5,1.5],"rotation":180,"texture":"#0"},"down":{"uv":[0.4125,1.5625,0.5,1.5],"texture":"#0"}}},{"from":[6.75,-9.48922,-5.80421],"to":[9.25,-7.48922,-3.80421],"rotation":{"angle":-45,"axis":"x","origin":[8,4.31499,8]},"faces":{"north":{"uv":[1.6875,0.5,1.4375,0.25],"texture":"#0"},"east":{"uv":[1.6875,0,1.4375,0.25],"texture":"#0"},"south":{"uv":[1.6875,0.5,1.4375,0.75],"texture":"#0"},"west":{"uv":[1.6875,0,1.4375,0.25],"texture":"#0"},"up":{"uv":[1.6875,0.25,1.4375,0.5],"texture":"#0"},"down":{"uv":[1.6875,0.5,1.4375,0.75],"texture":"#0"}}},{"from":[6.75,-3.51078,-5.80421],"to":[9.25,-1.51078,-3.80421],"rotation":{"angle":45,"axis":"x","origin":[8,-15.31499,8]},"faces":{"north":{"uv":[1.6875,0.25,1.4375,0.5],"texture":"#0"},"east":{"uv":[1.6875,0.25,1.4375,0],"texture":"#0"},"south":{"uv":[1.6875,0.75,1.4375,0.5],"texture":"#0"},"west":{"uv":[1.6875,0.25,1.4375,0],"texture":"#0"},"up":{"uv":[1.6875,0.75,1.4375,0.5],"texture":"#0"},"down":{"uv":[1.6875,0.5,1.4375,0.25],"texture":"#0"}}},{"from":[7.5,1.8,8],"to":[8.5,3.3,10],"rotation":{"angle":-22.5,"axis":"x","origin":[8,3.275,9.575]},"faces":{"north":{"uv":[0.5,1.625,0.625,1.4375],"texture":"#0"},"east":{"uv":[0.875,1.5625,0.625,1.375],"texture":"#0"},"south":{"uv":[0.5,1.625,0.625,1.4375],"texture":"#0"},"west":{"uv":[0.625,1.5625,0.875,1.375],"texture":"#0"},"up":{"uv":[1.125,1.375,0.875,1.5],"rotation":90,"texture":"#0"},"down":{"uv":[1.125,1.375,0.875,1.5],"rotation":90,"texture":"#0"}}},{"from":[7.6,2.68188,9.52574],"to":[8.4,4.18188,10.52574],"rotation":{"angle":22.5,"axis":"x","origin":[8,3.275,9.575]},"faces":{"north":{"uv":[1.4375,1,1.25,1.1],"rotation":270,"texture":"#0"},"east":{"uv":[1.25,0.875,1.4375,1],"rotation":270,"texture":"#0"},"south":{"uv":[1.4375,1,1.25,1.1],"rotation":90,"texture":"#0"},"west":{"uv":[1.4375,0.875,1.25,1],"rotation":90,"texture":"#0"},"up":{"uv":[1.2125,1.25,1.3125,1.125],"texture":"#0"},"down":{"uv":[1.2125,1.25,1.3125,1.125],"rotation":180,"texture":"#0"}}},{"from":[7.75,3.5,9.9],"to":[8.25,4.5,10.4],"rotation":{"angle":-22.5,"axis":"x","origin":[8,3.275,9.575]},"faces":{"north":{"uv":[1.25,1.25,1.125,1.3125],"rotation":90,"texture":"#0"},"east":{"uv":[1.25,1.25,1.125,1.3125],"rotation":90,"texture":"#0"},"south":{"uv":[1.25,1.25,1.125,1.3125],"rotation":90,"texture":"#0"},"west":{"uv":[1.25,1.25,1.125,1.3125],"rotation":90,"texture":"#0"},"up":{"uv":[1.25,1.3125,1.3125,1.25],"texture":"#0"},"down":{"uv":[1.25,1.3125,1.3125,1.25],"texture":"#0"}}},{"from":[7.5,1.8,6],"to":[8.5,3.3,8],"rotation":{"angle":22.5,"axis":"x","origin":[8,3.275,6.425]},"faces":{"north":{"uv":[0.625,1.625,0.5,1.4375],"texture":"#0"},"east":{"uv":[0.625,1.5625,0.875,1.375],"texture":"#0"},"south":{"uv":[0.625,1.625,0.5,1.4375],"texture":"#0"},"west":{"uv":[0.875,1.5625,0.625,1.375],"texture":"#0"},"up":{"uv":[0.875,1.375,1.125,1.5],"rotation":90,"texture":"#0"},"down":{"uv":[0.875,1.375,1.125,1.5],"rotation":90,"texture":"#0"}}},{"from":[7.6,2.68188,5.47426],"to":[8.4,4.18188,6.47426],"rotation":{"angle":-22.5,"axis":"x","origin":[8,3.275,6.425]},"faces":{"north":{"uv":[1.4375,1.1,1.25,1],"rotation":90,"texture":"#0"},"east":{"uv":[1.25,1,1.4375,0.875],"rotation":270,"texture":"#0"},"south":{"uv":[1.4375,1.1,1.25,1],"rotation":270,"texture":"#0"},"west":{"uv":[1.4375,1,1.25,0.875],"rotation":90,"texture":"#0"},"up":{"uv":[1.2125,1.125,1.3125,1.25],"texture":"#0"},"down":{"uv":[1.2125,1.125,1.3125,1.25],"rotation":180,"texture":"#0"}}},{"from":[7.75,3.5,5.6],"to":[8.25,4.5,6.1],"rotation":{"angle":22.5,"axis":"x","origin":[8,3.275,6.425]},"faces":{"north":{"uv":[1.25,1.3125,1.125,1.25],"rotation":90,"texture":"#0"},"east":{"uv":[1.25,1.3125,1.125,1.25],"rotation":90,"texture":"#0"},"south":{"uv":[1.25,1.3125,1.125,1.25],"rotation":90,"texture":"#0"},"west":{"uv":[1.25,1.3125,1.125,1.25],"rotation":90,"texture":"#0"},"up":{"uv":[1.25,1.25,1.3125,1.3125],"texture":"#0"},"down":{"uv":[1.25,1.25,1.3125,1.3125],"texture":"#0"}}},{"from":[7,-13.5,7],"to":[9,-12,9],"rotation":{"angle":0,"axis":"y","origin":[8,4.31499,8]},"faces":{"north":{"uv":[1.4375,0.75,1.6875,0.9375],"texture":"#0"},"east":{"uv":[1.4375,0.75,1.6875,0.9375],"texture":"#0"},"south":{"uv":[1.4375,0.75,1.6875,0.9375],"texture":"#0"},"west":{"uv":[1.4375,0.75,1.6875,0.9375],"texture":"#0"},"up":{"uv":[1.4375,0.9375,1.6875,1.1875],"texture":"#0"},"down":{"uv":[1.4375,0.9375,1.6875,1.1875],"texture":"#0"}}},{"from":[7,-11,7],"to":[9,-9.5,9],"rotation":{"angle":0,"axis":"y","origin":[8,4.31499,8]},"faces":{"north":{"uv":[1.4375,0.75,1.6875,0.9375],"texture":"#0"},"east":{"uv":[1.4375,0.75,1.6875,0.9375],"texture":"#0"},"south":{"uv":[1.4375,0.75,1.6875,0.9375],"texture":"#0"},"west":{"uv":[1.4375,0.75,1.6875,0.9375],"texture":"#0"},"up":{"uv":[1.4375,0.9375,1.6875,1.1875],"texture":"#0"},"down":{"uv":[1.4375,0.9375,1.6875,1.1875],"texture":"#0"}}},{"from":[7,-9,7],"to":[9,-7.5,9],"rotation":{"angle":0,"axis":"y","origin":[8,4.31499,8]},"faces":{"north":{"uv":[1.4375,0.75,1.6875,0.9375],"texture":"#0"},"east":{"uv":[1.4375,0.75,1.6875,0.9375],"texture":"#0"},"south":{"uv":[1.4375,0.75,1.6875,0.9375],"texture":"#0"},"west":{"uv":[1.4375,0.75,1.6875,0.9375],"texture":"#0"},"up":{"uv":[1.4375,0.9375,1.6875,1.1875],"texture":"#0"},"down":{"uv":[1.4375,0.9375,1.6875,1.1875],"texture":"#0"}}},{"from":[7,-7,7],"to":[9,-5.5,9],"rotation":{"angle":0,"axis":"y","origin":[8,4.31499,8]},"faces":{"north":{"uv":[1.4375,0.75,1.6875,0.9375],"texture":"#0"},"east":{"uv":[1.4375,0.75,1.6875,0.9375],"texture":"#0"},"south":{"uv":[1.4375,0.75,1.6875,0.9375],"texture":"#0"},"west":{"uv":[1.4375,0.75,1.6875,0.9375],"texture":"#0"},"up":{"uv":[1.4375,0.9375,1.6875,1.1875],"texture":"#0"},"down":{"uv":[1.4375,0.9375,1.6875,1.1875],"texture":"#0"}}},{"from":[7.25,-1.6,11.01029],"to":[8.75,-0.6,13.01029],"rotation":{"angle":45,"axis":"x","origin":[8,-2.50135,14.14379]},"faces":{"north":{"uv":[0.25,1.625,0.4375,1.75],"texture":"#0"},"east":{"uv":[0,1.625,0.25,1.75],"texture":"#0"},"south":{"uv":[0.25,1.625,0.4375,1.75],"texture":"#0"},"west":{"uv":[0,1.625,0.25,1.75],"texture":"#0"},"up":{"uv":[0,1.75,0.1875,2],"texture":"#0"},"down":{"uv":[0,1.75,0.1875,2],"texture":"#0"}}},{"from":[7.5,-2.06786,13.33155],"to":[8.5,-0.06786,14.83155],"rotation":{"angle":0,"axis":"y","origin":[8,-0.36786,15.38155]},"faces":{"north":{"uv":[0,1.625,0.25,1.75],"rotation":270,"texture":"#0"},"east":{"uv":[0,1.75,0.1875,2],"texture":"#0"},"south":{"uv":[0,1.625,0.25,1.75],"rotation":90,"texture":"#0"},"west":{"uv":[0,1.75,0.1875,2],"rotation":180,"texture":"#0"},"up":{"uv":[0.25,1.625,0.4375,1.75],"rotation":90,"texture":"#0"},"down":{"uv":[0.25,1.625,0.4375,1.75],"rotation":90,"texture":"#0"}}},{"from":[7.5,-4.76786,13.33155],"to":[8.5,-2.76786,14.83155],"rotation":{"angle":0,"axis":"y","origin":[8,-0.36786,15.38155]},"faces":{"north":{"uv":[0.375,1.75,0.625,1.875],"rotation":90,"texture":"#0"},"east":{"uv":[0,1.75,0.1875,2],"texture":"#0"},"south":{"uv":[0.375,1.75,0.625,1.875],"rotation":90,"texture":"#0"},"west":{"uv":[0,1.75,0.1875,2],"rotation":180,"texture":"#0"},"up":{"uv":[0.25,1.625,0.4375,1.75],"rotation":90,"texture":"#0"},"down":{"uv":[0.25,1.625,0.4375,1.75],"rotation":90,"texture":"#0"}}},{"from":[7.25,-3.4,13.58155],"to":[8.75,-1.4,14.58155],"rotation":{"angle":0,"axis":"y","origin":[8,-3.06786,14.08155]},"faces":{"north":{"uv":[0,1.75,0.1875,2],"texture":"#0"},"east":{"uv":[0.375,1.75,0.625,1.875],"rotation":270,"texture":"#0"},"south":{"uv":[0,1.75,0.1875,2],"rotation":180,"texture":"#0"},"west":{"uv":[0.375,1.75,0.625,1.875],"rotation":270,"texture":"#0"},"up":{"uv":[0.25,1.625,0.4375,1.75],"texture":"#0"},"down":{"uv":[0.25,1.625,0.4375,1.75],"rotation":180,"texture":"#0"}}},{"from":[7.25,-6.1,13.58155],"to":[8.75,-4.1,14.58155],"rotation":{"angle":0,"axis":"y","origin":[8,-3.06786,14.08155]},"faces":{"north":{"uv":[0.1875,1.75,0.375,2],"rotation":180,"texture":"#0"},"east":{"uv":[0.4375,1.625,0.6875,1.75],"rotation":270,"texture":"#0"},"south":{"uv":[0.1875,1.75,0.375,2],"rotation":180,"texture":"#0"},"west":{"uv":[0.4375,1.625,0.6875,1.75],"rotation":270,"texture":"#0"},"up":{"uv":[0.25,1.625,0.4375,1.75],"rotation":180,"texture":"#0"},"down":{"uv":[0.6875,1.625,0.875,1.75],"rotation":180,"texture":"#0"}}},{"from":[7.5,24.15324,9.63646],"to":[8.5,25.65324,11.63646],"rotation":{"angle":22.5,"axis":"x","origin":[8,23.49536,9.62293]},"faces":{"north":{"uv":[3.3125,0.6875,3.4375,0.5],"texture":"#0"},"east":{"uv":[3.0625,0.5,3.3125,0.6875],"texture":"#0"},"south":{"uv":[3.3125,0.6875,3.4375,0.5],"rotation":180,"texture":"#0"},"west":{"uv":[3.0625,0.6875,3.3125,0.5],"rotation":180,"texture":"#0"},"up":{"uv":[3.0625,0.81875,3.3125,0.69375],"rotation":270,"texture":"#0"},"down":{"uv":[3.0625,0.81875,3.3125,0.69375],"rotation":90,"texture":"#0"}}},{"from":[7.25,23.18719,8.99573],"to":[8.75,25.18719,11.49573],"rotation":{"angle":-22.5,"axis":"x","origin":[8,23.49536,9.62293]},"faces":{"north":{"uv":[3.0625,0.5,2.875,0.75],"texture":"#0"},"east":{"uv":[2.875,0.75,2.5625,1],"texture":"#0"},"south":{"uv":[3.0625,0.5,2.875,0.75],"texture":"#0"},"west":{"uv":[2.875,0.75,2.5625,1],"texture":"#0"},"up":{"uv":[2.875,1,2.5625,1.1875],"rotation":90,"texture":"#0"},"down":{"uv":[2.875,1,2.5625,1.1875],"rotation":90,"texture":"#0"}}},{"from":[7.5,4.28184,10.28081],"to":[8.5,6.28184,11.78081],"rotation":{"angle":0,"axis":"y","origin":[8,6.49536,9.62293]},"faces":{"north":{"uv":[3.0625,0.81875,3.3125,0.69375],"rotation":270,"texture":"#0"},"east":{"uv":[3.0625,0.5,3.3125,0.6875],"rotation":270,"texture":"#0"},"south":{"uv":[3.0625,0.81875,3.3125,0.69375],"rotation":270,"texture":"#0"},"west":{"uv":[3.0625,0.6875,3.3125,0.5],"rotation":270,"texture":"#0"},"up":{"uv":[3.3125,0.6875,3.4375,0.5],"rotation":180,"texture":"#0"},"down":{"uv":[3.3125,0.6875,3.4375,0.5],"rotation":180,"texture":"#0"}}},{"from":[7.25,6.18719,8.99573],"to":[8.75,8.18719,11.49573],"rotation":{"angle":45,"axis":"x","origin":[8,6.49536,9.62293]},"faces":{"north":{"uv":[3.0625,0.5,2.875,0.75],"texture":"#0"},"east":{"uv":[2.875,0.75,2.5625,1],"texture":"#0"},"south":{"uv":[3.0625,0.5,2.875,0.75],"texture":"#0"},"west":{"uv":[2.875,0.75,2.5625,1],"texture":"#0"},"up":{"uv":[2.875,1,2.5625,1.1875],"rotation":90,"texture":"#0"},"down":{"uv":[2.875,1,2.5625,1.1875],"rotation":90,"texture":"#0"}}},{"from":[7.25,19.00797,8.73887],"to":[8.75,21.00797,11.23887],"rotation":{"angle":-22.5,"axis":"x","origin":[8,18.7601,9.94499]},"faces":{"north":{"uv":[3.0625,0.5,2.875,0.75],"texture":"#0"},"east":{"uv":[2.875,0.75,2.5625,1],"texture":"#0"},"south":{"uv":[3.0625,0.5,2.875,0.75],"texture":"#0"},"west":{"uv":[2.875,0.75,2.5625,1],"texture":"#0"},"up":{"uv":[2.875,1,2.5625,1.1875],"rotation":90,"texture":"#0"},"down":{"uv":[2.875,1,2.5625,1.1875],"rotation":90,"texture":"#0"}}},{"from":[7.5,19.4018,9.15597],"to":[8.5,20.9018,11.15597],"rotation":{"angle":22.5,"axis":"x","origin":[8,18.7601,9.94499]},"faces":{"north":{"uv":[3.3125,0.6875,3.4375,0.5],"texture":"#0"},"east":{"uv":[3.0625,0.5,3.3125,0.6875],"texture":"#0"},"south":{"uv":[3.3125,0.6875,3.4375,0.5],"rotation":180,"texture":"#0"},"west":{"uv":[3.0625,0.6875,3.3125,0.5],"rotation":180,"texture":"#0"},"up":{"uv":[3.0625,0.81875,3.3125,0.69375],"rotation":270,"texture":"#0"},"down":{"uv":[3.0625,0.81875,3.3125,0.69375],"rotation":90,"texture":"#0"}}},{"from":[7.15,3.68045,8.17822],"to":[8.65,5.68045,10.67822],"rotation":{"angle":45,"axis":"x","origin":[7.9,3.49742,8.54138]},"faces":{"north":{"uv":[3.0625,0.5,2.875,0.75],"texture":"#0"},"east":{"uv":[2.875,0.75,2.5625,1],"texture":"#0"},"south":{"uv":[3.0625,0.5,2.875,0.75],"texture":"#0"},"west":{"uv":[2.875,0.75,2.5625,1],"texture":"#0"},"up":{"uv":[2.875,1,2.5625,1.1875],"rotation":90,"texture":"#0"},"down":{"uv":[2.875,1,2.5625,1.1875],"rotation":90,"texture":"#0"}}},{"from":[7.4,1.64453,9.7333],"to":[8.4,3.64453,11.2333],"rotation":{"angle":0,"axis":"y","origin":[7.9,3.49742,8.54138]},"faces":{"north":{"uv":[3.0625,0.81875,3.3125,0.69375],"rotation":270,"texture":"#0"},"east":{"uv":[3.0625,0.5,3.3125,0.6875],"rotation":270,"texture":"#0"},"south":{"uv":[3.0625,0.81875,3.3125,0.69375],"rotation":270,"texture":"#0"},"west":{"uv":[3.0625,0.6875,3.3125,0.5],"rotation":270,"texture":"#0"},"up":{"uv":[3.3125,0.6875,3.4375,0.5],"rotation":180,"texture":"#0"},"down":{"uv":[3.3125,0.6875,3.4375,0.5],"rotation":180,"texture":"#0"}}},{"from":[7.25,-4.5,3.38971],"to":[8.75,-3.5,5.38971],"rotation":{"angle":-45,"axis":"x","origin":[8,-5.40135,2.25621]},"faces":{"north":{"uv":[0.4375,1.625,0.25,1.75],"texture":"#0"},"east":{"uv":[0.25,1.625,0,1.75],"texture":"#0"},"south":{"uv":[0.4375,1.625,0.25,1.75],"texture":"#0"},"west":{"uv":[0.25,1.625,0,1.75],"texture":"#0"},"up":{"uv":[0,2,0.1875,1.75],"texture":"#0"},"down":{"uv":[0,2,0.1875,1.75],"texture":"#0"}}},{"from":[7.5,-4.96786,1.56845],"to":[8.5,-2.96786,3.06845],"rotation":{"angle":0,"axis":"y","origin":[8,-3.26786,1.01845]},"faces":{"north":{"uv":[0,1.75,0.25,1.625],"rotation":90,"texture":"#0"},"east":{"uv":[0.1875,1.75,0,2],"texture":"#0"},"south":{"uv":[0,1.75,0.25,1.625],"rotation":270,"texture":"#0"},"west":{"uv":[0.1875,1.75,0,2],"rotation":180,"texture":"#0"},"up":{"uv":[0.4375,1.625,0.25,1.75],"rotation":90,"texture":"#0"},"down":{"uv":[0.4375,1.625,0.25,1.75],"rotation":90,"texture":"#0"}}},{"from":[7.25,-6.3,1.81845],"to":[8.75,-4.3,2.81845],"rotation":{"angle":0,"axis":"y","origin":[8,-5.96786,2.31845]},"faces":{"north":{"uv":[0.1875,1.75,0,2],"rotation":180,"texture":"#0"},"east":{"uv":[0.375,1.875,0.625,1.75],"rotation":270,"texture":"#0"},"south":{"uv":[0.1875,1.75,0,2],"texture":"#0"},"west":{"uv":[0.375,1.875,0.625,1.75],"rotation":270,"texture":"#0"},"up":{"uv":[0.25,1.75,0.4375,1.625],"texture":"#0"},"down":{"uv":[0.25,1.75,0.4375,1.625],"rotation":180,"texture":"#0"}}},{"from":[7.5,-7.66786,1.56845],"to":[8.5,-5.66786,3.06845],"rotation":{"angle":0,"axis":"y","origin":[8,-3.26786,1.01845]},"faces":{"north":{"uv":[0.375,1.875,0.625,1.75],"rotation":90,"texture":"#0"},"east":{"uv":[0.1875,1.75,0,2],"texture":"#0"},"south":{"uv":[0.375,1.875,0.625,1.75],"rotation":90,"texture":"#0"},"west":{"uv":[0.1875,1.75,0,2],"rotation":180,"texture":"#0"},"up":{"uv":[0.4375,1.625,0.25,1.75],"rotation":90,"texture":"#0"},"down":{"uv":[0.4375,1.625,0.25,1.75],"rotation":90,"texture":"#0"}}},{"from":[7.25,-9,1.81845],"to":[8.75,-7,2.81845],"rotation":{"angle":0,"axis":"y","origin":[8,-5.96786,2.31845]},"faces":{"north":{"uv":[0.375,1.75,0.1875,2],"rotation":180,"texture":"#0"},"east":{"uv":[0.4375,1.75,0.6875,1.625],"rotation":270,"texture":"#0"},"south":{"uv":[0.375,1.75,0.1875,2],"rotation":180,"texture":"#0"},"west":{"uv":[0.4375,1.75,0.6875,1.625],"rotation":270,"texture":"#0"},"up":{"uv":[0.25,1.75,0.4375,1.625],"rotation":180,"texture":"#0"},"down":{"uv":[0.6875,1.75,0.875,1.625],"rotation":180,"texture":"#0"}}},{"from":[8,-14,11],"to":[8,-7,17],"rotation":{"angle":45,"axis":"x","origin":[8,-5.5,4]},"faces":{"north":{"uv":[0,10,0,0],"texture":"#3"},"east":{"uv":[12,14,0,0],"texture":"#3"},"south":{"uv":[0,10,0,0],"texture":"#3"},"west":{"uv":[0,14,12,0],"texture":"#3"},"up":{"uv":[0,10,0,0],"texture":"#3"},"down":{"uv":[0,0,0,10],"texture":"#3"}}},{"from":[8,16.5,0.5],"to":[8,22.5,7.5],"rotation":{"angle":22.5,"axis":"x","origin":[8,21.5,3]},"faces":{"north":{"uv":[0,0,0,10],"rotation":180,"texture":"#3"},"east":{"uv":[12,14,0,0],"rotation":270,"texture":"#3"},"south":{"uv":[0,10,0,0],"texture":"#3"},"west":{"uv":[0,14,12,0],"rotation":90,"texture":"#3"},"up":{"uv":[0,10,0,0],"rotation":180,"texture":"#3"},"down":{"uv":[0,10,0,0],"texture":"#3"}}}],"gui_light":"front","display":{"thirdperson_righthand":{"translation":[0,9.5,1.75],"scale":[0.7,0.7,0.7]},"thirdperson_lefthand":{"translation":[0,9.5,1.75],"scale":[0.7,0.7,0.7]},"firstperson_righthand":{"rotation":[5,0,0],"translation":[4,5.25,0],"scale":[0.32188,0.32188,0.32188]},"firstperson_lefthand":{"rotation":[5,0,0],"translation":[4,5.25,0],"scale":[0.32188,0.32188,0.32188]},"ground":{"rotation":[-45,0,0],"translation":[0,9,0],"scale":[0.45,0.45,0.45]},"gui":{"rotation":[-90,-45,-90],"translation":[-0.25,-0.5,-1.5],"scale":[0.39844,0.39844,0.39844]},"head":{"scale":[0,0,0]},"fixed":{"rotation":[0,-90,0],"translation":[0.5,12.75,-3],"scale":[1.6,1.6,1.6]}}}