{
	"credit": "MadewithBlockbench",
	"texture_size": [128, 128],
	"textures": {
		"0": "elitecreatures:skeletonoverlord_texture_01",
		"1": "elitecreatures:skeletonoverlord_animation_01",
		"2": "elitecreatures:skeletonoverlord_animation_02",
		"3": "elitecreatures:skeletonoverlord_animation_03",
		"particle": "elitecreatures:skeletonoverlord_texture_01"
	},
	"elements": [
		{
			"from": [7.25, -12, 7.25],
			"to": [8.75, -5, 8.75],
			"rotation": {"angle": 0, "axis": "y", "origin": [8, 5.81499, 8]},
			"faces": {
				"north": {"uv": [1.25, 0, 1.4375, 0.875], "texture": "#0"},
				"east": {"uv": [1.25, 0, 1.4375, 0.875], "texture": "#0"},
				"south": {"uv": [1.25, 0, 1.4375, 0.875], "texture": "#0"},
				"west": {"uv": [1.25, 0, 1.4375, 0.875], "texture": "#0"},
				"up": {"uv": [1.25, 0.6875, 1.4375, 0.875], "texture": "#0"},
				"down": {"uv": [1.25, 0.6875, 1.4375, 0.875], "texture": "#0"}
			}
		},
		{
			"from": [7.25, 3, 7.25],
			"to": [8.75, 14, 8.75],
			"rotation": {"angle": 0, "axis": "y", "origin": [8, 5.81499, 8]},
			"faces": {
				"north": {"uv": [5, 0, 5.1875, 1.375], "texture": "#0"},
				"east": {"uv": [5, 0, 5.1875, 1.375], "texture": "#0"},
				"south": {"uv": [5, 0, 5.1875, 1.375], "texture": "#0"},
				"west": {"uv": [5, 0, 5.1875, 1.375], "texture": "#0"},
				"up": {"uv": [5, 1.1875, 5.1875, 1.375], "texture": "#0"},
				"down": {"uv": [5, 1.1875, 5.1875, 1.375], "texture": "#0"}
			}
		},
		{
			"from": [7.25, 14, 7.25],
			"to": [8.75, 25, 8.75],
			"rotation": {"angle": 0, "axis": "y", "origin": [8, 5.81499, 8]},
			"faces": {
				"north": {"uv": [5, 0, 5.1875, 1.375], "texture": "#0"},
				"east": {"uv": [5, 0, 5.1875, 1.375], "texture": "#0"},
				"south": {"uv": [5, 0, 5.1875, 1.375], "texture": "#0"},
				"west": {"uv": [5, 0, 5.1875, 1.375], "texture": "#0"},
				"up": {"uv": [5, 1.1875, 5.1875, 1.375], "texture": "#0"},
				"down": {"uv": [5, 1.1875, 5.1875, 1.375], "texture": "#0"}
			}
		},
		{
			"from": [7.5, -14, 8],
			"to": [8.5, -12.5, 10],
			"rotation": {"angle": 22.5, "axis": "x", "origin": [8, -13.975, 9.575]},
			"faces": {
				"north": {"uv": [0.5, 1.4375, 0.625, 1.625], "texture": "#0"},
				"east": {"uv": [0.875, 1.375, 0.625, 1.5625], "texture": "#0"},
				"south": {"uv": [0.5, 1.4375, 0.625, 1.625], "texture": "#0"},
				"west": {"uv": [0.625, 1.375, 0.875, 1.5625], "texture": "#0"},
				"up": {"uv": [0.875, 1.375, 1.125, 1.5], "rotation": 90, "texture": "#0"},
				"down": {"uv": [0.875, 1.375, 1.125, 1.5], "rotation": 90, "texture": "#0"}
			}
		},
		{
			"from": [7.6, -14.88188, 9.52574],
			"to": [8.4, -13.38188, 10.52574],
			"rotation": {"angle": -22.5, "axis": "x", "origin": [8, -13.975, 9.575]},
			"faces": {
				"north": {"uv": [1.25, 1, 1.4375, 1.1], "rotation": 270, "texture": "#0"},
				"east": {"uv": [1.4375, 0.875, 1.25, 1], "rotation": 270, "texture": "#0"},
				"south": {"uv": [1.25, 1, 1.4375, 1.1], "rotation": 90, "texture": "#0"},
				"west": {"uv": [1.25, 0.875, 1.4375, 1], "rotation": 90, "texture": "#0"},
				"up": {"uv": [1.2125, 1.125, 1.3125, 1.25], "rotation": 180, "texture": "#0"},
				"down": {"uv": [1.2125, 1.125, 1.3125, 1.25], "texture": "#0"}
			}
		},
		{
			"from": [7.75, -15.2, 9.9],
			"to": [8.25, -14.2, 10.4],
			"rotation": {"angle": 22.5, "axis": "x", "origin": [8, -13.975, 9.575]},
			"faces": {
				"north": {"uv": [1.125, 1.25, 1.25, 1.3125], "rotation": 90, "texture": "#0"},
				"east": {"uv": [1.125, 1.25, 1.25, 1.3125], "rotation": 90, "texture": "#0"},
				"south": {"uv": [1.125, 1.25, 1.25, 1.3125], "rotation": 90, "texture": "#0"},
				"west": {"uv": [1.125, 1.25, 1.25, 1.3125], "rotation": 90, "texture": "#0"},
				"up": {"uv": [1.25, 1.25, 1.3125, 1.3125], "texture": "#0"},
				"down": {"uv": [1.25, 1.25, 1.3125, 1.3125], "texture": "#0"}
			}
		},
		{
			"from": [7.6, -13.47574, 9.68188],
			"to": [8.4, -12.47574, 11.18188],
			"rotation": {"angle": -22.5, "axis": "x", "origin": [8, -12.525, 10.275]},
			"faces": {
				"north": {"uv": [1.2125, 1.25, 1.3125, 1.125], "texture": "#0"},
				"east": {"uv": [1.25, 0.875, 1.4375, 1], "rotation": 180, "texture": "#0"},
				"south": {"uv": [1.2125, 1.25, 1.3125, 1.125], "texture": "#0"},
				"west": {"uv": [1.4375, 0.875, 1.25, 1], "rotation": 180, "texture": "#0"},
				"up": {"uv": [1.25, 1, 1.4375, 1.1], "rotation": 90, "texture": "#0"},
				"down": {"uv": [1.4375, 1, 1.25, 1.1], "rotation": 90, "texture": "#0"}
			}
		},
		{
			"from": [7.75, -12.3, 10.6],
			"to": [8.25, -11.3, 11.1],
			"rotation": {"angle": 22.5, "axis": "x", "origin": [8, -12.525, 10.275]},
			"faces": {
				"north": {"uv": [1.25, 1.25, 1.125, 1.3125], "rotation": 90, "texture": "#0"},
				"east": {"uv": [1.25, 1.25, 1.125, 1.3125], "rotation": 90, "texture": "#0"},
				"south": {"uv": [1.25, 1.25, 1.125, 1.3125], "rotation": 90, "texture": "#0"},
				"west": {"uv": [1.25, 1.25, 1.125, 1.3125], "rotation": 90, "texture": "#0"},
				"up": {"uv": [1.25, 1.3125, 1.3125, 1.25], "texture": "#0"},
				"down": {"uv": [1.25, 1.3125, 1.3125, 1.25], "texture": "#0"}
			}
		},
		{
			"from": [7.75, -12.3, 4.9],
			"to": [8.25, -11.3, 5.4],
			"rotation": {"angle": -22.5, "axis": "x", "origin": [8, -12.525, 5.725]},
			"faces": {
				"north": {"uv": [1.25, 1.3125, 1.125, 1.25], "rotation": 90, "texture": "#0"},
				"east": {"uv": [1.25, 1.3125, 1.125, 1.25], "rotation": 90, "texture": "#0"},
				"south": {"uv": [1.25, 1.3125, 1.125, 1.25], "rotation": 90, "texture": "#0"},
				"west": {"uv": [1.25, 1.3125, 1.125, 1.25], "rotation": 90, "texture": "#0"},
				"up": {"uv": [1.25, 1.25, 1.3125, 1.3125], "texture": "#0"},
				"down": {"uv": [1.25, 1.25, 1.3125, 1.3125], "texture": "#0"}
			}
		},
		{
			"from": [7.6, -13.47574, 4.81812],
			"to": [8.4, -12.47574, 6.31812],
			"rotation": {"angle": 22.5, "axis": "x", "origin": [8, -12.525, 5.725]},
			"faces": {
				"north": {"uv": [1.3125, 1.25, 1.2125, 1.125], "texture": "#0"},
				"east": {"uv": [1.4375, 0.875, 1.25, 1], "rotation": 180, "texture": "#0"},
				"south": {"uv": [1.3125, 1.25, 1.2125, 1.125], "texture": "#0"},
				"west": {"uv": [1.25, 0.875, 1.4375, 1], "rotation": 180, "texture": "#0"},
				"up": {"uv": [1.4375, 1, 1.25, 1.1], "rotation": 90, "texture": "#0"},
				"down": {"uv": [1.25, 1, 1.4375, 1.1], "rotation": 90, "texture": "#0"}
			}
		},
		{
			"from": [7.5, -14, 6],
			"to": [8.5, -12.5, 8],
			"rotation": {"angle": -22.5, "axis": "x", "origin": [8, -13.975, 6.425]},
			"faces": {
				"north": {"uv": [0.625, 1.4375, 0.5, 1.625], "texture": "#0"},
				"east": {"uv": [0.625, 1.375, 0.875, 1.5625], "texture": "#0"},
				"south": {"uv": [0.625, 1.4375, 0.5, 1.625], "texture": "#0"},
				"west": {"uv": [0.875, 1.375, 0.625, 1.5625], "texture": "#0"},
				"up": {"uv": [1.125, 1.375, 0.875, 1.5], "rotation": 90, "texture": "#0"},
				"down": {"uv": [1.125, 1.375, 0.875, 1.5], "rotation": 90, "texture": "#0"}
			}
		},
		{
			"from": [7.6, -14.88188, 5.47426],
			"to": [8.4, -13.38188, 6.47426],
			"rotation": {"angle": 22.5, "axis": "x", "origin": [8, -13.975, 6.425]},
			"faces": {
				"north": {"uv": [1.25, 1.1, 1.4375, 1], "rotation": 90, "texture": "#0"},
				"east": {"uv": [1.4375, 1, 1.25, 0.875], "rotation": 270, "texture": "#0"},
				"south": {"uv": [1.25, 1.1, 1.4375, 1], "rotation": 270, "texture": "#0"},
				"west": {"uv": [1.25, 1, 1.4375, 0.875], "rotation": 90, "texture": "#0"},
				"up": {"uv": [1.2125, 1.25, 1.3125, 1.125], "rotation": 180, "texture": "#0"},
				"down": {"uv": [1.2125, 1.25, 1.3125, 1.125], "texture": "#0"}
			}
		},
		{
			"from": [7.75, -15.2, 5.6],
			"to": [8.25, -14.2, 6.1],
			"rotation": {"angle": -22.5, "axis": "x", "origin": [8, -13.975, 6.425]},
			"faces": {
				"north": {"uv": [1.125, 1.3125, 1.25, 1.25], "rotation": 90, "texture": "#0"},
				"east": {"uv": [1.125, 1.3125, 1.25, 1.25], "rotation": 90, "texture": "#0"},
				"south": {"uv": [1.125, 1.3125, 1.25, 1.25], "rotation": 90, "texture": "#0"},
				"west": {"uv": [1.125, 1.3125, 1.25, 1.25], "rotation": 90, "texture": "#0"},
				"up": {"uv": [1.25, 1.3125, 1.3125, 1.25], "texture": "#0"},
				"down": {"uv": [1.25, 1.3125, 1.3125, 1.25], "texture": "#0"}
			}
		},
		{
			"from": [6, -2.5, 5.25],
			"to": [10, 1.5, 10.75],
			"rotation": {"angle": 0, "axis": "y", "origin": [8, -6.81499, 8]},
			"faces": {
				"north": {"uv": [2.375, 0, 2.875, 0.5], "texture": "#0"},
				"east": {"uv": [1.6875, 0, 2.375, 0.5], "texture": "#0"},
				"south": {"uv": [2.375, 0, 2.875, 0.5], "texture": "#0"},
				"west": {"uv": [1.6875, 0, 2.375, 0.5], "texture": "#0"},
				"up": {"uv": [1.6875, 0.5, 2.1875, 1.1875], "texture": "#0"},
				"down": {"uv": [1.6875, 0.5, 2.1875, 1.1875], "texture": "#0"}
			}
		},
		{
			"from": [5.9, -1.5, 5.25],
			"to": [5.9, 0.5, 10.75],
			"rotation": {"angle": 0, "axis": "y", "origin": [8, -6.81499, 8]},
			"faces": {
				"north": {"uv": [0, 0, 0, 4], "texture": "#2"},
				"south": {"uv": [0, 0, 0, 4], "texture": "#2"},
				"west": {"uv": [0, 0, 11, 4], "texture": "#2"},
				"up": {"uv": [0, 11, 0, 0], "texture": "#2"},
				"down": {"uv": [0, 0, 0, 11], "texture": "#2"}
			}
		},
		{
			"from": [10.1, -1.5, 5.25],
			"to": [10.1, 0.5, 10.75],
			"rotation": {"angle": 0, "axis": "y", "origin": [8, -6.81499, 8]},
			"faces": {
				"north": {"uv": [0, 0, 0, 4], "texture": "#2"},
				"east": {"uv": [11, 0, 0, 4], "texture": "#2"},
				"south": {"uv": [0, 0, 0, 4], "texture": "#2"},
				"up": {"uv": [0, 11, 0, 0], "texture": "#2"},
				"down": {"uv": [0, 0, 0, 11], "texture": "#2"}
			}
		},
		{
			"from": [9.1, 1, 5.5],
			"to": [9.1, 5, 10.5],
			"rotation": {"angle": 0, "axis": "y", "origin": [8, -6.81499, 8]},
			"faces": {
				"north": {"uv": [2.875, 0.75, 2.5625, 0.5], "texture": "#0"},
				"east": {"uv": [16, 4.3125, 15.375, 3.8125], "texture": "#0"},
				"south": {"uv": [2.875, 0.75, 2.5625, 0.5], "texture": "#0"},
				"west": {"uv": [16, 4.3125, 15.375, 3.8125], "texture": "#0"},
				"up": {"uv": [2.5625, 0.8125, 2.1875, 0.5], "rotation": 270, "texture": "#0"},
				"down": {"uv": [2.5625, 0.8125, 2.1875, 0.5], "rotation": 270, "texture": "#0"}
			}
		},
		{
			"from": [6.9, 1, 5.5],
			"to": [6.9, 5, 10.5],
			"rotation": {"angle": 0, "axis": "y", "origin": [8, -6.81499, 8]},
			"faces": {
				"north": {"uv": [2.5625, 0.75, 2.875, 0.5], "texture": "#0"},
				"east": {"uv": [15.375, 4.3125, 16, 3.8125], "texture": "#0"},
				"south": {"uv": [2.5625, 0.75, 2.875, 0.5], "texture": "#0"},
				"west": {"uv": [15.375, 4.3125, 16, 3.8125], "texture": "#0"},
				"up": {"uv": [2.5625, 0.5, 2.1875, 0.8125], "rotation": 270, "texture": "#0"},
				"down": {"uv": [2.5625, 0.5, 2.1875, 0.8125], "rotation": 270, "texture": "#0"}
			}
		},
		{
			"from": [7.5, 0.66415, 9.08048],
			"to": [8.5, 2.16415, 11.08048],
			"rotation": {"angle": -22.5, "axis": "x", "origin": [8, 2.03431, 10.91032]},
			"faces": {
				"north": {"uv": [1.5, 1.3125, 1.375, 1.5], "texture": "#0"},
				"east": {"uv": [1.375, 1.3125, 1.125, 1.5], "texture": "#0"},
				"south": {"uv": [1.5, 1.3125, 1.375, 1.5], "rotation": 180, "texture": "#0"},
				"west": {"uv": [1.375, 1.3125, 1.125, 1.5], "rotation": 180, "texture": "#0"},
				"up": {"uv": [1.5625, 1.1875, 1.3125, 1.3125], "rotation": 270, "texture": "#0"},
				"down": {"uv": [1.5625, 1.1875, 1.3125, 1.3125], "rotation": 90, "texture": "#0"}
			}
		},
		{
			"from": [7.6, 1.4, 10.7],
			"to": [8.4, 2.9, 11.7],
			"rotation": {"angle": 22.5, "axis": "x", "origin": [8, 2.03431, 10.91032]},
			"faces": {
				"north": {"uv": [1.5, 1.5375, 1.6875, 1.4375], "rotation": 270, "texture": "#0"},
				"east": {"uv": [1.5, 1.4375, 1.6875, 1.3125], "rotation": 270, "texture": "#0"},
				"south": {"uv": [1.5, 1.5375, 1.6875, 1.4375], "rotation": 270, "texture": "#0"},
				"west": {"uv": [1.5, 1.4375, 1.6875, 1.3125], "rotation": 270, "texture": "#0"},
				"up": {"uv": [1.5875, 1.3125, 1.6875, 1.1875], "texture": "#0"},
				"down": {"uv": [1.5875, 1.3125, 1.6875, 1.1875], "texture": "#0"}
			}
		},
		{
			"from": [7.75, 2.46415, 11.18048],
			"to": [8.25, 3.46415, 11.68048],
			"rotation": {"angle": -22.5, "axis": "x", "origin": [8, 2.03431, 10.91032]},
			"faces": {
				"north": {"uv": [1.375, 1.5625, 1.5, 1.5], "rotation": 90, "texture": "#0"},
				"east": {"uv": [1.375, 1.5625, 1.5, 1.5], "rotation": 90, "texture": "#0"},
				"south": {"uv": [1.375, 1.5625, 1.5, 1.5], "rotation": 270, "texture": "#0"},
				"west": {"uv": [1.375, 1.5625, 1.5, 1.5], "rotation": 270, "texture": "#0"},
				"up": {"uv": [1.3, 1.5625, 1.3625, 1.5], "texture": "#0"},
				"down": {"uv": [1.3, 1.5625, 1.3625, 1.5], "rotation": 180, "texture": "#0"}
			}
		},
		{
			"from": [7.75, 2.46415, 4.31952],
			"to": [8.25, 3.46415, 4.81952],
			"rotation": {"angle": 22.5, "axis": "x", "origin": [8, 2.03431, 5.08968]},
			"faces": {
				"north": {"uv": [1.5, 1.5625, 1.375, 1.5], "rotation": 90, "texture": "#0"},
				"east": {"uv": [1.5, 1.5625, 1.375, 1.5], "rotation": 270, "texture": "#0"},
				"south": {"uv": [1.5, 1.5625, 1.375, 1.5], "rotation": 270, "texture": "#0"},
				"west": {"uv": [1.5, 1.5625, 1.375, 1.5], "rotation": 90, "texture": "#0"},
				"up": {"uv": [1.3625, 1.5625, 1.3, 1.5], "rotation": 180, "texture": "#0"},
				"down": {"uv": [1.3625, 1.5625, 1.3, 1.5], "texture": "#0"}
			}
		},
		{
			"from": [7.6, 1.4, 4.3],
			"to": [8.4, 2.9, 5.3],
			"rotation": {"angle": -22.5, "axis": "x", "origin": [8, 2.03431, 5.08968]},
			"faces": {
				"north": {"uv": [1.5, 1.4375, 1.6875, 1.5375], "rotation": 270, "texture": "#0"},
				"east": {"uv": [1.5, 1.3125, 1.6875, 1.4375], "rotation": 270, "texture": "#0"},
				"south": {"uv": [1.5, 1.4375, 1.6875, 1.5375], "rotation": 270, "texture": "#0"},
				"west": {"uv": [1.5, 1.3125, 1.6875, 1.4375], "rotation": 270, "texture": "#0"},
				"up": {"uv": [1.5875, 1.1875, 1.6875, 1.3125], "texture": "#0"},
				"down": {"uv": [1.5875, 1.1875, 1.6875, 1.3125], "texture": "#0"}
			}
		},
		{
			"from": [7.5, 0.66415, 4.91952],
			"to": [8.5, 2.16415, 6.91952],
			"rotation": {"angle": 22.5, "axis": "x", "origin": [8, 2.03431, 5.08968]},
			"faces": {
				"north": {"uv": [1.5, 1.5, 1.375, 1.3125], "texture": "#0"},
				"east": {"uv": [1.375, 1.5, 1.125, 1.3125], "rotation": 180, "texture": "#0"},
				"south": {"uv": [1.5, 1.5, 1.375, 1.3125], "rotation": 180, "texture": "#0"},
				"west": {"uv": [1.375, 1.5, 1.125, 1.3125], "texture": "#0"},
				"up": {"uv": [1.5625, 1.3125, 1.3125, 1.1875], "rotation": 90, "texture": "#0"},
				"down": {"uv": [1.5625, 1.3125, 1.3125, 1.1875], "rotation": 270, "texture": "#0"}
			}
		},
		{
			"from": [6.6, -5, 6.5],
			"to": [9.6, -2, 9.5],
			"rotation": {"angle": 0, "axis": "y", "origin": [8, -6.81499, 8]},
			"faces": {
				"north": {"uv": [2.4375, 1.5625, 2.0625, 1.1875], "texture": "#0"},
				"east": {"uv": [2.0625, 1.5625, 1.6875, 1.1875], "texture": "#0"},
				"south": {"uv": [2.4375, 1.5625, 2.0625, 1.1875], "texture": "#0"},
				"west": {"uv": [2.0625, 1.5625, 1.6875, 1.1875], "texture": "#0"},
				"up": {"uv": [2.4375, 1.5625, 2.8125, 1.1875], "rotation": 90, "texture": "#0"},
				"down": {"uv": [2.4375, 1.5625, 2.8125, 1.1875], "rotation": 90, "texture": "#0"}
			}
		},
		{
			"from": [7.1, -4, 5.75],
			"to": [9.1, -2, 10.25],
			"rotation": {"angle": 0, "axis": "y", "origin": [8, -6.81499, 8]},
			"faces": {
				"north": {"uv": [3.6875, 0.25, 3.4375, 0], "texture": "#0"},
				"east": {"uv": [3.4375, 0.25, 2.875, 0], "texture": "#0"},
				"south": {"uv": [3.6875, 0.25, 3.4375, 0], "texture": "#0"},
				"west": {"uv": [3.4375, 0.25, 2.875, 0], "texture": "#0"},
				"up": {"uv": [2.875, 0.5, 3.4375, 0.25], "rotation": 90, "texture": "#0"},
				"down": {"uv": [2.875, 0.5, 3.4375, 0.25], "rotation": 90, "texture": "#0"}
			}
		},
		{
			"from": [6.75, -1.49751, 7.34744],
			"to": [9.25, 1.50249, 11.34744],
			"rotation": {"angle": -22.5, "axis": "x", "origin": [8, 3.43417, 10.494]},
			"faces": {
				"north": {"uv": [0.5, 0.375, 0.8125, 0], "texture": "#0"},
				"east": {"uv": [0, 0.375, 0.5, 0], "texture": "#0"},
				"south": {"uv": [0.5, 0.375, 0.8125, 0], "texture": "#0"},
				"west": {"uv": [0.5, 0.375, 0, 0], "texture": "#0"},
				"up": {"uv": [0.5, 0.6875, 0, 0.375], "rotation": 90, "texture": "#0"},
				"down": {"uv": [0, 0.6875, 0.5, 0.375], "rotation": 90, "texture": "#0"}
			}
		},
		{
			"from": [6.85, 0.67297, 11.82504],
			"to": [9.15, 3.67297, 14.32504],
			"rotation": {"angle": 22.5, "axis": "x", "origin": [8, 3.43417, 10.494]},
			"faces": {
				"north": {"uv": [0.375, 1, 0, 1.2875], "rotation": 270, "texture": "#0"},
				"east": {"uv": [0, 0.6875, 0.375, 1], "rotation": 90, "texture": "#0"},
				"south": {"uv": [0, 1, 0.375, 1.2875], "rotation": 90, "texture": "#0"},
				"west": {"uv": [0.375, 0.6875, 0, 1], "rotation": 270, "texture": "#0"},
				"up": {"uv": [0.525, 0.375, 0.8125, 0.6875], "texture": "#0"},
				"down": {"uv": [0.525, 0.375, 0.8125, 0.6875], "rotation": 180, "texture": "#0"}
			}
		},
		{
			"from": [7, 0.84846, 11.30862],
			"to": [9, 3.84846, 13.30862],
			"rotation": {"angle": -22.5, "axis": "x", "origin": [8, 3.43417, 10.494]},
			"faces": {
				"north": {"uv": [0.375, 0.9375, 0.75, 1.1875], "rotation": 270, "texture": "#0"},
				"east": {"uv": [0.375, 0.6875, 0.75, 0.9375], "rotation": 270, "texture": "#0"},
				"south": {"uv": [0.375, 0.9375, 0.75, 1.1875], "rotation": 270, "texture": "#0"},
				"west": {"uv": [0.375, 0.9375, 0.75, 0.6875], "rotation": 270, "texture": "#0"},
				"up": {"uv": [0.375, 1.1875, 0.625, 1.4375], "texture": "#0"},
				"down": {"uv": [0.375, 1.1875, 0.625, 1.4375], "texture": "#0"}
			}
		},
		{
			"from": [8, 5, 11],
			"to": [8, 20, 11.5],
			"rotation": {"angle": 0, "axis": "y", "origin": [7.05313, 7.44936, 8]},
			"faces": {
				"north": {"uv": [0, 0, 1.875, 0], "rotation": 90, "texture": "#0"},
				"east": {"uv": [5.1875, 0, 7.0625, 0.0625], "rotation": 90, "texture": "#0"},
				"south": {"uv": [0, 0, 1.875, 0], "rotation": 270, "texture": "#0"},
				"west": {"uv": [7.0625, 0, 5.1875, 0.0625], "rotation": 270, "texture": "#0"},
				"up": {"uv": [7.5625, 0, 7.625, 0], "rotation": 90, "texture": "#0"},
				"down": {"uv": [7.5625, 0, 7.625, 0], "rotation": 270, "texture": "#0"}
			}
		},
		{
			"from": [5.8, -0.5, 3],
			"to": [5.8, 8.5, 8],
			"faces": {
				"north": {"uv": [0, 0, 0, 9], "texture": "#1"},
				"east": {"uv": [5, 0, 0, 9], "texture": "#1"},
				"south": {"uv": [0, 0, 0, 9], "texture": "#1"},
				"west": {"uv": [0, 0, 5, 9], "texture": "#1"},
				"up": {"uv": [0, 5, 0, 0], "texture": "#1"},
				"down": {"uv": [0, 0, 0, 5], "texture": "#1"}
			}
		},
		{
			"from": [10.2, -0.5, 3],
			"to": [10.2, 8.5, 8],
			"rotation": {"angle": 0, "axis": "y", "origin": [16, 0, 0]},
			"faces": {
				"north": {"uv": [0, 0, 0, 9], "texture": "#1"},
				"east": {"uv": [5, 0, 0, 9], "texture": "#1"},
				"south": {"uv": [0, 0, 0, 9], "texture": "#1"},
				"west": {"uv": [0, 0, 5, 9], "texture": "#1"},
				"up": {"uv": [0, 5, 0, 0], "texture": "#1"},
				"down": {"uv": [0, 0, 0, 5], "texture": "#1"}
			}
		},
		{
			"from": [8, 19, 15.9],
			"to": [8, 24, 16.4],
			"rotation": {"angle": -22.5, "axis": "x", "origin": [7.05313, 7.44936, 8]},
			"faces": {
				"north": {"uv": [0, 0, 0.625, 0], "rotation": 90, "texture": "#0"},
				"east": {"uv": [5.1875, 0, 5.8125, 0.0625], "rotation": 90, "texture": "#0"},
				"south": {"uv": [0, 0, 0.625, 0], "rotation": 270, "texture": "#0"},
				"west": {"uv": [5.8125, 0, 5.1875, 0.0625], "rotation": 270, "texture": "#0"},
				"up": {"uv": [7.5625, 0, 7.625, 0], "rotation": 90, "texture": "#0"},
				"down": {"uv": [7.5625, 0, 7.625, 0], "rotation": 270, "texture": "#0"}
			}
		},
		{
			"from": [7.25, 4.19018, 9.21879],
			"to": [8.75, 5.69018, 12.21879],
			"rotation": {"angle": 22.5, "axis": "x", "origin": [8, 3.43417, 10.494]},
			"faces": {
				"north": {"uv": [0, 1.5, 0.1875, 1.3125], "rotation": 180, "texture": "#0"},
				"east": {"uv": [1.1875, 0.1875, 0.8125, 0], "rotation": 180, "texture": "#0"},
				"south": {"uv": [0, 1.5, 0.1875, 1.3125], "texture": "#0"},
				"west": {"uv": [1.1875, 0.1875, 0.8125, 0], "texture": "#0"},
				"up": {"uv": [0.8125, 0.375, 1.1875, 0.1875], "rotation": 270, "texture": "#0"},
				"down": {"uv": [0.8125, 0.375, 1.1875, 0.1875], "rotation": 90, "texture": "#0"}
			}
		},
		{
			"from": [7.5, 4.88842, 10.21902],
			"to": [8.5, 6.38842, 11.21902],
			"rotation": {"angle": -22.5, "axis": "x", "origin": [8, 3.43417, 10.494]},
			"faces": {
				"north": {"uv": [0.9375, 0.5625, 0.8125, 0.375], "texture": "#0"},
				"east": {"uv": [1.0625, 0.5625, 0.9375, 0.375], "rotation": 180, "texture": "#0"},
				"south": {"uv": [0.9375, 0.5625, 0.8125, 0.375], "texture": "#0"},
				"west": {"uv": [0.9375, 0.5625, 1.0625, 0.375], "rotation": 180, "texture": "#0"},
				"up": {"uv": [0.9375, 0.6875, 0.8125, 0.5625], "rotation": 90, "texture": "#0"},
				"down": {"uv": [0.9375, 0.6875, 0.8125, 0.5625], "rotation": 90, "texture": "#0"}
			}
		},
		{
			"from": [7.55, 5.33897, 8.32808],
			"to": [8.45, 6.53897, 9.02808],
			"rotation": {"angle": 22.5, "axis": "x", "origin": [8, 3.43417, 10.494]},
			"faces": {
				"north": {"uv": [1.175, 0.525, 1.0625, 0.375], "rotation": 180, "texture": "#0"},
				"east": {"uv": [0.8625, 0.6875, 0.775, 0.8375], "texture": "#0"},
				"south": {"uv": [1.0625, 0.375, 1.175, 0.525], "texture": "#0"},
				"west": {"uv": [0.775, 0.8375, 0.8625, 0.6875], "rotation": 180, "texture": "#0"},
				"up": {"uv": [0.9625, 0.5625, 1.05, 0.675], "rotation": 270, "texture": "#0"},
				"down": {"uv": [0.9625, 0.5625, 1.05, 0.675], "rotation": 90, "texture": "#0"}
			}
		},
		{
			"from": [7.65, 6.58028, 9.81785],
			"to": [8.35, 7.08028, 10.81785],
			"rotation": {"angle": -22.5, "axis": "x", "origin": [8, 6.83028, 10.31785]},
			"faces": {
				"north": {"uv": [1.1, 0.5625, 1.1875, 0.625], "texture": "#0"},
				"east": {"uv": [1, 0.6875, 0.875, 0.75], "texture": "#0"},
				"south": {"uv": [1.1, 0.5625, 1.1875, 0.625], "rotation": 180, "texture": "#0"},
				"west": {"uv": [0.875, 0.6875, 1, 0.75], "rotation": 180, "texture": "#0"},
				"up": {"uv": [0.875, 0.75, 1, 0.8375], "rotation": 270, "texture": "#0"},
				"down": {"uv": [0.875, 0.75, 1, 0.8375], "rotation": 90, "texture": "#0"}
			}
		},
		{
			"from": [7.35, 25.99018, 6.28121],
			"to": [8.65, 27.49018, 9.28121],
			"rotation": {"angle": 45, "axis": "x", "origin": [8, 25.23417, 8.506]},
			"faces": {
				"north": {"uv": [0.1875, 1.5, 0, 1.3125], "texture": "#0"},
				"east": {"uv": [0.8125, 0.1875, 1.1875, 0], "rotation": 180, "texture": "#0"},
				"south": {"uv": [0.1875, 1.5, 0, 1.3125], "rotation": 180, "texture": "#0"},
				"west": {"uv": [0.8125, 0.1875, 1.1875, 0], "texture": "#0"},
				"up": {"uv": [1.1875, 0.375, 0.8125, 0.1875], "rotation": 270, "texture": "#0"},
				"down": {"uv": [1.1875, 0.375, 0.8125, 0.1875], "rotation": 90, "texture": "#0"}
			}
		},
		{
			"from": [7.5, 25.95919, 9.46024],
			"to": [8.5, 26.95919, 10.96024],
			"rotation": {"angle": -22.5, "axis": "x", "origin": [8, 26.91513, 10.71062]},
			"faces": {
				"north": {"uv": [0.9375, 0.5625, 0.8125, 0.6875], "rotation": 90, "texture": "#0"},
				"east": {"uv": [1.0625, 0.375, 0.9375, 0.5625], "rotation": 270, "texture": "#0"},
				"south": {"uv": [0.9375, 0.5625, 0.8125, 0.6875], "rotation": 270, "texture": "#0"},
				"west": {"uv": [0.9375, 0.375, 1.0625, 0.5625], "rotation": 90, "texture": "#0"},
				"up": {"uv": [0.9375, 0.375, 0.8125, 0.5625], "texture": "#0"},
				"down": {"uv": [0.9375, 0.375, 0.8125, 0.5625], "rotation": 180, "texture": "#0"}
			}
		},
		{
			"from": [7.55, 26.42596, 10.7456],
			"to": [8.45, 27.62596, 11.4456],
			"rotation": {"angle": 22.5, "axis": "x", "origin": [8, 26.91513, 10.71062]},
			"faces": {
				"north": {"uv": [1.175, 0.375, 1.0625, 0.525], "texture": "#0"},
				"east": {"uv": [0.775, 0.6875, 0.8625, 0.8375], "texture": "#0"},
				"south": {"uv": [1.0625, 0.525, 1.175, 0.375], "rotation": 180, "texture": "#0"},
				"west": {"uv": [0.8625, 0.8375, 0.775, 0.6875], "rotation": 180, "texture": "#0"},
				"up": {"uv": [1.05, 0.5625, 0.9625, 0.675], "rotation": 270, "texture": "#0"},
				"down": {"uv": [1.05, 0.5625, 0.9625, 0.675], "rotation": 90, "texture": "#0"}
			}
		},
		{
			"from": [7.65, 26.64488, 11.09739],
			"to": [8.35, 27.64488, 11.59739],
			"rotation": {"angle": -45, "axis": "x", "origin": [8, 26.91513, 10.71062]},
			"faces": {
				"north": {"uv": [0.875, 0.8375, 1, 0.75], "rotation": 90, "texture": "#0"},
				"east": {"uv": [1, 0.75, 0.875, 0.6875], "rotation": 90, "texture": "#0"},
				"south": {"uv": [0.875, 0.8375, 1, 0.75], "rotation": 90, "texture": "#0"},
				"west": {"uv": [0.875, 0.75, 1, 0.6875], "rotation": 90, "texture": "#0"},
				"up": {"uv": [1.1, 0.625, 1.1875, 0.5625], "rotation": 180, "texture": "#0"},
				"down": {"uv": [1.1, 0.625, 1.1875, 0.5625], "rotation": 180, "texture": "#0"}
			}
		},
		{
			"from": [7.65, 26.64488, 4.40261],
			"to": [8.35, 27.64488, 4.90261],
			"rotation": {"angle": 45, "axis": "x", "origin": [8, 26.91513, 5.28938]},
			"faces": {
				"north": {"uv": [0.875, 0.75, 1, 0.8375], "rotation": 90, "texture": "#0"},
				"east": {"uv": [1, 0.6875, 0.875, 0.75], "rotation": 90, "texture": "#0"},
				"south": {"uv": [0.875, 0.75, 1, 0.8375], "rotation": 90, "texture": "#0"},
				"west": {"uv": [0.875, 0.6875, 1, 0.75], "rotation": 90, "texture": "#0"},
				"up": {"uv": [1.1, 0.5625, 1.1875, 0.625], "rotation": 180, "texture": "#0"},
				"down": {"uv": [1.1, 0.5625, 1.1875, 0.625], "rotation": 180, "texture": "#0"}
			}
		},
		{
			"from": [7.55, 26.42596, 4.5544],
			"to": [8.45, 27.62596, 5.2544],
			"rotation": {"angle": -22.5, "axis": "x", "origin": [8, 26.91513, 5.28938]},
			"faces": {
				"north": {"uv": [1.175, 0.525, 1.0625, 0.375], "rotation": 180, "texture": "#0"},
				"east": {"uv": [0.8625, 0.6875, 0.775, 0.8375], "texture": "#0"},
				"south": {"uv": [1.0625, 0.375, 1.175, 0.525], "texture": "#0"},
				"west": {"uv": [0.775, 0.8375, 0.8625, 0.6875], "rotation": 180, "texture": "#0"},
				"up": {"uv": [0.9625, 0.5625, 1.05, 0.675], "rotation": 270, "texture": "#0"},
				"down": {"uv": [0.9625, 0.5625, 1.05, 0.675], "rotation": 90, "texture": "#0"}
			}
		},
		{
			"from": [7.5, 25.95919, 5.03976],
			"to": [8.5, 26.95919, 6.53976],
			"rotation": {"angle": 22.5, "axis": "x", "origin": [8, 26.91513, 5.28938]},
			"faces": {
				"north": {"uv": [0.9375, 0.6875, 0.8125, 0.5625], "rotation": 270, "texture": "#0"},
				"east": {"uv": [1.0625, 0.5625, 0.9375, 0.375], "rotation": 270, "texture": "#0"},
				"south": {"uv": [0.9375, 0.6875, 0.8125, 0.5625], "rotation": 90, "texture": "#0"},
				"west": {"uv": [0.9375, 0.5625, 1.0625, 0.375], "rotation": 90, "texture": "#0"},
				"up": {"uv": [0.9375, 0.5625, 0.8125, 0.375], "texture": "#0"},
				"down": {"uv": [0.9375, 0.5625, 0.8125, 0.375], "rotation": 180, "texture": "#0"}
			}
		},
		{
			"from": [7.35, 25.99018, 6.71879],
			"to": [8.65, 27.49018, 9.71879],
			"rotation": {"angle": -45, "axis": "x", "origin": [8, 25.23417, 7.494]},
			"faces": {
				"north": {"uv": [0, 1.5, 0.1875, 1.3125], "rotation": 180, "texture": "#0"},
				"east": {"uv": [1.1875, 0.1875, 0.8125, 0], "rotation": 180, "texture": "#0"},
				"south": {"uv": [0, 1.5, 0.1875, 1.3125], "texture": "#0"},
				"west": {"uv": [1.1875, 0.1875, 0.8125, 0], "texture": "#0"},
				"up": {"uv": [0.8125, 0.375, 1.1875, 0.1875], "rotation": 270, "texture": "#0"},
				"down": {"uv": [0.8125, 0.375, 1.1875, 0.1875], "rotation": 90, "texture": "#0"}
			}
		},
		{
			"from": [7.65, 6.58028, 5.18215],
			"to": [8.35, 7.08028, 6.18215],
			"rotation": {"angle": 22.5, "axis": "x", "origin": [8, 6.83028, 5.68215]},
			"faces": {
				"north": {"uv": [1.1875, 0.5625, 1.1, 0.625], "rotation": 180, "texture": "#0"},
				"east": {"uv": [0.875, 0.6875, 1, 0.75], "texture": "#0"},
				"south": {"uv": [1.1875, 0.5625, 1.1, 0.625], "texture": "#0"},
				"west": {"uv": [1, 0.6875, 0.875, 0.75], "rotation": 180, "texture": "#0"},
				"up": {"uv": [1, 0.75, 0.875, 0.8375], "rotation": 270, "texture": "#0"},
				"down": {"uv": [1, 0.75, 0.875, 0.8375], "rotation": 90, "texture": "#0"}
			}
		},
		{
			"from": [7.55, 5.33897, 6.97192],
			"to": [8.45, 6.53897, 7.67192],
			"rotation": {"angle": -22.5, "axis": "x", "origin": [8, 3.43417, 5.506]},
			"faces": {
				"north": {"uv": [1.175, 0.375, 1.0625, 0.525], "texture": "#0"},
				"east": {"uv": [0.775, 0.6875, 0.8625, 0.8375], "texture": "#0"},
				"south": {"uv": [1.0625, 0.525, 1.175, 0.375], "rotation": 180, "texture": "#0"},
				"west": {"uv": [0.8625, 0.8375, 0.775, 0.6875], "rotation": 180, "texture": "#0"},
				"up": {"uv": [1.05, 0.5625, 0.9625, 0.675], "rotation": 270, "texture": "#0"},
				"down": {"uv": [1.05, 0.5625, 0.9625, 0.675], "rotation": 90, "texture": "#0"}
			}
		},
		{
			"from": [7.5, 4.88842, 4.78098],
			"to": [8.5, 6.38842, 5.78098],
			"rotation": {"angle": 22.5, "axis": "x", "origin": [8, 3.43417, 5.506]},
			"faces": {
				"north": {"uv": [0.8125, 0.5625, 0.9375, 0.375], "texture": "#0"},
				"east": {"uv": [0.9375, 0.5625, 1.0625, 0.375], "rotation": 180, "texture": "#0"},
				"south": {"uv": [0.8125, 0.5625, 0.9375, 0.375], "texture": "#0"},
				"west": {"uv": [1.0625, 0.5625, 0.9375, 0.375], "rotation": 180, "texture": "#0"},
				"up": {"uv": [0.8125, 0.6875, 0.9375, 0.5625], "rotation": 90, "texture": "#0"},
				"down": {"uv": [0.8125, 0.6875, 0.9375, 0.5625], "rotation": 90, "texture": "#0"}
			}
		},
		{
			"from": [7.25, 4.19018, 3.78121],
			"to": [8.75, 5.69018, 6.78121],
			"rotation": {"angle": -22.5, "axis": "x", "origin": [8, 3.43417, 5.506]},
			"faces": {
				"north": {"uv": [0.1875, 1.5, 0, 1.3125], "texture": "#0"},
				"east": {"uv": [0.8125, 0.1875, 1.1875, 0], "rotation": 180, "texture": "#0"},
				"south": {"uv": [0.1875, 1.5, 0, 1.3125], "rotation": 180, "texture": "#0"},
				"west": {"uv": [0.8125, 0.1875, 1.1875, 0], "texture": "#0"},
				"up": {"uv": [1.1875, 0.375, 0.8125, 0.1875], "rotation": 270, "texture": "#0"},
				"down": {"uv": [1.1875, 0.375, 0.8125, 0.1875], "rotation": 90, "texture": "#0"}
			}
		},
		{
			"from": [7, 0.84846, 2.69138],
			"to": [9, 3.84846, 4.69138],
			"rotation": {"angle": 22.5, "axis": "x", "origin": [8, 3.43417, 5.506]},
			"faces": {
				"north": {"uv": [0.375, 1.1875, 0.75, 0.9375], "rotation": 270, "texture": "#0"},
				"east": {"uv": [0.375, 0.9375, 0.75, 0.6875], "rotation": 270, "texture": "#0"},
				"south": {"uv": [0.375, 1.1875, 0.75, 0.9375], "rotation": 270, "texture": "#0"},
				"west": {"uv": [0.375, 0.6875, 0.75, 0.9375], "rotation": 270, "texture": "#0"},
				"up": {"uv": [0.375, 1.4375, 0.625, 1.1875], "texture": "#0"},
				"down": {"uv": [0.375, 1.4375, 0.625, 1.1875], "texture": "#0"}
			}
		},
		{
			"from": [6.85, 0.67297, 1.67496],
			"to": [9.15, 3.67297, 4.17496],
			"rotation": {"angle": -22.5, "axis": "x", "origin": [8, 3.43417, 5.506]},
			"faces": {
				"north": {"uv": [0, 1.2875, 0.375, 1], "rotation": 90, "texture": "#0"},
				"east": {"uv": [0, 1, 0.375, 0.6875], "rotation": 90, "texture": "#0"},
				"south": {"uv": [0.375, 1.2875, 0, 1], "rotation": 270, "texture": "#0"},
				"west": {"uv": [0.375, 1, 0, 0.6875], "rotation": 270, "texture": "#0"},
				"up": {"uv": [0.525, 0.6875, 0.8125, 0.375], "texture": "#0"},
				"down": {"uv": [0.525, 0.6875, 0.8125, 0.375], "rotation": 180, "texture": "#0"}
			}
		},
		{
			"from": [6.75, -1.49751, 4.65256],
			"to": [9.25, 1.50249, 8.65256],
			"rotation": {"angle": 22.5, "axis": "x", "origin": [8, 3.43417, 5.506]},
			"faces": {
				"north": {"uv": [0.8125, 0.375, 0.5, 0], "texture": "#0"},
				"east": {"uv": [0.5, 0.375, 0, 0], "texture": "#0"},
				"south": {"uv": [0.8125, 0.375, 0.5, 0], "texture": "#0"},
				"west": {"uv": [0, 0.375, 0.5, 0], "texture": "#0"},
				"up": {"uv": [0, 0.6875, 0.5, 0.375], "rotation": 90, "texture": "#0"},
				"down": {"uv": [0.5, 0.6875, 0, 0.375], "rotation": 90, "texture": "#0"}
			}
		},
		{
			"from": [7.6, -5, 10.2],
			"to": [8.4, -4.5, 11.2],
			"rotation": {"angle": -45, "axis": "x", "origin": [8, -3.46436, 11.21336]},
			"faces": {
				"north": {"uv": [0.25, 1.625, 0.1875, 1.5], "rotation": 270, "texture": "#0"},
				"east": {"uv": [0, 1.5, 0.0625, 1.625], "rotation": 270, "texture": "#0"},
				"south": {"uv": [0.25, 1.625, 0.1875, 1.5], "rotation": 270, "texture": "#0"},
				"west": {"uv": [0.0625, 1.5, 0, 1.625], "rotation": 270, "texture": "#0"},
				"up": {"uv": [0.0625, 1.5, 0.1875, 1.625], "rotation": 180, "texture": "#0"},
				"down": {"uv": [0.0625, 1.625, 0.1875, 1.5], "rotation": 180, "texture": "#0"}
			}
		},
		{
			"from": [7.65, -4.97301, 11.1458],
			"to": [8.35, -4.47301, 12.1458],
			"rotation": {"angle": 22.5, "axis": "x", "origin": [8, -3.46436, 11.21336]},
			"faces": {
				"north": {"uv": [0.4125, 1.5, 0.5, 1.5625], "texture": "#0"},
				"east": {"uv": [0.5, 1.5, 0.375, 1.4375], "rotation": 180, "texture": "#0"},
				"south": {"uv": [0.4125, 1.5, 0.5, 1.5625], "texture": "#0"},
				"west": {"uv": [0.5, 1.5, 0.375, 1.4375], "rotation": 180, "texture": "#0"},
				"up": {"uv": [0.375, 1.5875, 0.25, 1.5], "rotation": 90, "texture": "#0"},
				"down": {"uv": [0.375, 1.5875, 0.25, 1.5], "rotation": 90, "texture": "#0"}
			}
		},
		{
			"from": [7.5, -5.09935, 11.14225],
			"to": [8.5, -3.59935, 12.14225],
			"rotation": {"angle": -45, "axis": "x", "origin": [8, -3.46436, 11.21336]},
			"faces": {
				"north": {"uv": [1.1875, 1.125, 1, 1.25], "rotation": 270, "texture": "#0"},
				"east": {"uv": [1, 1.375, 0.8125, 1.25], "rotation": 270, "texture": "#0"},
				"south": {"uv": [1.1875, 1.125, 1, 1.25], "rotation": 270, "texture": "#0"},
				"west": {"uv": [1, 1.25, 0.8125, 1.375], "rotation": 270, "texture": "#0"},
				"up": {"uv": [1, 1.375, 1.125, 1.25], "texture": "#0"},
				"down": {"uv": [1, 1.375, 1.125, 1.25], "texture": "#0"}
			}
		},
		{
			"from": [7.25, -3.59935, 10.79225],
			"to": [8.75, -2.09935, 12.29225],
			"rotation": {"angle": -45, "axis": "x", "origin": [8, -3.46436, 11.21336]},
			"faces": {
				"north": {"uv": [0.375, 1.3125, 0.1875, 1.5], "rotation": 270, "texture": "#0"},
				"east": {"uv": [1, 1.25, 0.8125, 1.0625], "rotation": 270, "texture": "#0"},
				"south": {"uv": [0.375, 1.3125, 0.1875, 1.5], "rotation": 270, "texture": "#0"},
				"west": {"uv": [1, 1.0625, 0.8125, 1.25], "rotation": 270, "texture": "#0"},
				"up": {"uv": [0.625, 1.375, 0.8125, 1.1875], "texture": "#0"},
				"down": {"uv": [0.625, 1.375, 0.8125, 1.1875], "texture": "#0"}
			}
		},
		{
			"from": [7.25, 20.71452, 8.34836],
			"to": [8.75, 22.21452, 9.84836],
			"rotation": {"angle": 22.5, "axis": "x", "origin": [8, 21.13564, 9.71336]},
			"faces": {
				"north": {"uv": [0.625, 1.375, 0.8125, 1.1875], "rotation": 180, "texture": "#0"},
				"east": {"uv": [1, 1.25, 0.8125, 1.0625], "texture": "#0"},
				"south": {"uv": [0.625, 1.375, 0.8125, 1.1875], "texture": "#0"},
				"west": {"uv": [1, 1.0625, 0.8125, 1.25], "rotation": 180, "texture": "#0"},
				"up": {"uv": [0.375, 1.3125, 0.1875, 1.5], "rotation": 270, "texture": "#0"},
				"down": {"uv": [0.375, 1.3125, 0.1875, 1.5], "rotation": 90, "texture": "#0"}
			}
		},
		{
			"from": [7.5, 21.06452, 9.84836],
			"to": [8.5, 22.06452, 11.34836],
			"rotation": {"angle": 22.5, "axis": "x", "origin": [8, 21.13564, 9.71336]},
			"faces": {
				"north": {"uv": [1, 1.375, 1.125, 1.25], "rotation": 180, "texture": "#0"},
				"east": {"uv": [1, 1.375, 0.8125, 1.25], "texture": "#0"},
				"south": {"uv": [1, 1.375, 1.125, 1.25], "texture": "#0"},
				"west": {"uv": [1, 1.25, 0.8125, 1.375], "rotation": 180, "texture": "#0"},
				"up": {"uv": [1.1875, 1.125, 1, 1.25], "rotation": 270, "texture": "#0"},
				"down": {"uv": [1.1875, 1.125, 1, 1.25], "rotation": 90, "texture": "#0"}
			}
		},
		{
			"from": [7.6, 19.42228, 10.84901],
			"to": [8.4, 20.42228, 11.34901],
			"rotation": {"angle": -22.5, "axis": "x", "origin": [8, 20.43564, 9.81336]},
			"faces": {
				"north": {"uv": [0.0625, 1.5, 0.1875, 1.625], "texture": "#0"},
				"east": {"uv": [0, 1.5, 0.0625, 1.625], "texture": "#0"},
				"south": {"uv": [0.0625, 1.625, 0.1875, 1.5], "rotation": 180, "texture": "#0"},
				"west": {"uv": [0.0625, 1.5, 0, 1.625], "rotation": 180, "texture": "#0"},
				"up": {"uv": [0.25, 1.625, 0.1875, 1.5], "rotation": 270, "texture": "#0"},
				"down": {"uv": [0.25, 1.625, 0.1875, 1.5], "rotation": 90, "texture": "#0"}
			}
		},
		{
			"from": [7.65, 18.92699, 9.7458],
			"to": [8.35, 19.42699, 10.7458],
			"rotation": {"angle": -45, "axis": "x", "origin": [8, 20.43564, 9.81336]},
			"faces": {
				"north": {"uv": [0.4125, 1.5, 0.5, 1.5625], "texture": "#0"},
				"east": {"uv": [0.5, 1.5, 0.375, 1.4375], "rotation": 180, "texture": "#0"},
				"south": {"uv": [0.4125, 1.5, 0.5, 1.5625], "texture": "#0"},
				"west": {"uv": [0.5, 1.5, 0.375, 1.4375], "rotation": 180, "texture": "#0"},
				"up": {"uv": [0.375, 1.5875, 0.25, 1.5], "rotation": 90, "texture": "#0"},
				"down": {"uv": [0.375, 1.5875, 0.25, 1.5], "rotation": 90, "texture": "#0"}
			}
		},
		{
			"from": [7, -3.28896, 9.03459],
			"to": [9, -1.78896, 11.03459],
			"rotation": {"angle": 0, "axis": "y", "origin": [8, -3.46436, 11.21336]},
			"faces": {
				"north": {"uv": [1, 1.125, 1.25, 0.9375], "texture": "#0"},
				"east": {"uv": [0.75, 1.0625, 1, 0.875], "texture": "#0"},
				"south": {"uv": [1, 1.125, 1.25, 0.9375], "texture": "#0"},
				"west": {"uv": [0.75, 1.0625, 1, 0.875], "texture": "#0"},
				"up": {"uv": [1.25, 0.6875, 1, 0.9375], "rotation": 90, "texture": "#0"},
				"down": {"uv": [1.25, 0.6875, 1, 0.9375], "rotation": 90, "texture": "#0"}
			}
		},
		{
			"from": [7, -3.28896, 4.96541],
			"to": [9, -1.78896, 6.96541],
			"rotation": {"angle": 0, "axis": "y", "origin": [8, -3.46436, 4.78664]},
			"faces": {
				"north": {"uv": [1.25, 1.125, 1, 0.9375], "texture": "#0"},
				"east": {"uv": [1, 1.0625, 0.75, 0.875], "texture": "#0"},
				"south": {"uv": [1.25, 1.125, 1, 0.9375], "texture": "#0"},
				"west": {"uv": [1, 1.0625, 0.75, 0.875], "texture": "#0"},
				"up": {"uv": [1, 0.6875, 1.25, 0.9375], "rotation": 90, "texture": "#0"},
				"down": {"uv": [1, 0.6875, 1.25, 0.9375], "rotation": 90, "texture": "#0"}
			}
		},
		{
			"from": [7.25, -3.59935, 3.70775],
			"to": [8.75, -2.09935, 5.20775],
			"rotation": {"angle": 45, "axis": "x", "origin": [8, -3.46436, 4.78664]},
			"faces": {
				"north": {"uv": [0.375, 1.5, 0.1875, 1.3125], "rotation": 270, "texture": "#0"},
				"east": {"uv": [1, 1.0625, 0.8125, 1.25], "rotation": 270, "texture": "#0"},
				"south": {"uv": [0.375, 1.5, 0.1875, 1.3125], "rotation": 270, "texture": "#0"},
				"west": {"uv": [1, 1.25, 0.8125, 1.0625], "rotation": 270, "texture": "#0"},
				"up": {"uv": [0.625, 1.1875, 0.8125, 1.375], "texture": "#0"},
				"down": {"uv": [0.625, 1.1875, 0.8125, 1.375], "texture": "#0"}
			}
		},
		{
			"from": [7.5, -5.09935, 3.85775],
			"to": [8.5, -3.59935, 4.85775],
			"rotation": {"angle": 45, "axis": "x", "origin": [8, -3.46436, 4.78664]},
			"faces": {
				"north": {"uv": [1.1875, 1.25, 1, 1.125], "rotation": 270, "texture": "#0"},
				"east": {"uv": [1, 1.25, 0.8125, 1.375], "rotation": 270, "texture": "#0"},
				"south": {"uv": [1.1875, 1.25, 1, 1.125], "rotation": 270, "texture": "#0"},
				"west": {"uv": [1, 1.375, 0.8125, 1.25], "rotation": 270, "texture": "#0"},
				"up": {"uv": [1, 1.25, 1.125, 1.375], "texture": "#0"},
				"down": {"uv": [1, 1.25, 1.125, 1.375], "texture": "#0"}
			}
		},
		{
			"from": [7.6, -5, 4.8],
			"to": [8.4, -4.5, 5.8],
			"rotation": {"angle": 45, "axis": "x", "origin": [8, -3.46436, 4.78664]},
			"faces": {
				"north": {"uv": [0.25, 1.5, 0.1875, 1.625], "rotation": 270, "texture": "#0"},
				"east": {"uv": [0, 1.625, 0.0625, 1.5], "rotation": 270, "texture": "#0"},
				"south": {"uv": [0.25, 1.5, 0.1875, 1.625], "rotation": 270, "texture": "#0"},
				"west": {"uv": [0.0625, 1.625, 0, 1.5], "rotation": 270, "texture": "#0"},
				"up": {"uv": [0.0625, 1.625, 0.1875, 1.5], "rotation": 180, "texture": "#0"},
				"down": {"uv": [0.0625, 1.5, 0.1875, 1.625], "rotation": 180, "texture": "#0"}
			}
		},
		{
			"from": [7.65, -4.97301, 3.8542],
			"to": [8.35, -4.47301, 4.8542],
			"rotation": {"angle": -22.5, "axis": "x", "origin": [8, -3.46436, 4.78664]},
			"faces": {
				"north": {"uv": [0.5, 1.5, 0.4125, 1.5625], "texture": "#0"},
				"east": {"uv": [0.375, 1.5, 0.5, 1.4375], "rotation": 180, "texture": "#0"},
				"south": {"uv": [0.5, 1.5, 0.4125, 1.5625], "texture": "#0"},
				"west": {"uv": [0.375, 1.5, 0.5, 1.4375], "rotation": 180, "texture": "#0"},
				"up": {"uv": [0.25, 1.5875, 0.375, 1.5], "rotation": 90, "texture": "#0"},
				"down": {"uv": [0.25, 1.5875, 0.375, 1.5], "rotation": 90, "texture": "#0"}
			}
		},
		{
			"from": [6.75, 26.20711, 7],
			"to": [9.25, 28.20711, 9],
			"rotation": {"angle": 45, "axis": "x", "origin": [8, 27.20711, 8]},
			"faces": {
				"north": {"uv": [1.6875, 0.25, 1.4375, 0.5], "rotation": 180, "texture": "#0"},
				"east": {"uv": [1.6875, 0, 1.4375, 0.25], "rotation": 90, "texture": "#0"},
				"south": {"uv": [1.6875, 0.5, 1.4375, 0.75], "texture": "#0"},
				"west": {"uv": [1.6875, 0, 1.4375, 0.25], "rotation": 270, "texture": "#0"},
				"up": {"uv": [1.6875, 0.5, 1.4375, 0.75], "texture": "#0"},
				"down": {"uv": [1.6875, 0.5, 1.4375, 0.25], "rotation": 180, "texture": "#0"}
			}
		},
		{
			"from": [6.75, -14.79289, 7],
			"to": [9.25, -12.79289, 9],
			"rotation": {"angle": 45, "axis": "x", "origin": [8, -13.79289, 8]},
			"faces": {
				"north": {"uv": [1.6875, 0.25, 1.4375, 0.5], "rotation": 180, "texture": "#0"},
				"east": {"uv": [1.6875, 0, 1.4375, 0.25], "rotation": 90, "texture": "#0"},
				"south": {"uv": [1.6875, 0.5, 1.4375, 0.75], "texture": "#0"},
				"west": {"uv": [1.6875, 0, 1.4375, 0.25], "rotation": 270, "texture": "#0"},
				"up": {"uv": [1.6875, 0.5, 1.4375, 0.75], "texture": "#0"},
				"down": {"uv": [1.6875, 0.5, 1.4375, 0.25], "rotation": 180, "texture": "#0"}
			}
		},
		{
			"from": [7.25, 26.70711, 6.5],
			"to": [8.75, 28.70711, 8.5],
			"rotation": {"angle": 45, "axis": "x", "origin": [8, 27.20711, 8]},
			"faces": {
				"north": {"uv": [1.625, 0.25, 1.4375, 0.5], "rotation": 180, "texture": "#0"},
				"east": {"uv": [1.6875, 0, 1.4375, 0.25], "rotation": 90, "texture": "#0"},
				"south": {"uv": [1.625, 0.5, 1.4375, 0.75], "texture": "#0"},
				"west": {"uv": [1.6875, 0, 1.4375, 0.25], "rotation": 270, "texture": "#0"},
				"up": {"uv": [1.625, 0.5, 1.4375, 0.75], "texture": "#0"},
				"down": {"uv": [1.625, 0.5, 1.4375, 0.25], "rotation": 180, "texture": "#0"}
			}
		},
		{
			"from": [6.75, -3.51078, -5.80421],
			"to": [9.25, -1.51078, -3.80421],
			"rotation": {"angle": 45, "axis": "x", "origin": [8, -15.31499, 8]},
			"faces": {
				"north": {"uv": [1.6875, 0.25, 1.4375, 0.5], "texture": "#0"},
				"east": {"uv": [1.6875, 0.25, 1.4375, 0], "texture": "#0"},
				"south": {"uv": [1.6875, 0.75, 1.4375, 0.5], "texture": "#0"},
				"west": {"uv": [1.6875, 0.25, 1.4375, 0], "texture": "#0"},
				"up": {"uv": [1.6875, 0.75, 1.4375, 0.5], "texture": "#0"},
				"down": {"uv": [1.6875, 0.5, 1.4375, 0.25], "texture": "#0"}
			}
		},
		{
			"from": [7.5, 1.8, 8],
			"to": [8.5, 3.3, 10],
			"rotation": {"angle": -22.5, "axis": "x", "origin": [8, 3.275, 9.575]},
			"faces": {
				"north": {"uv": [0.5, 1.625, 0.625, 1.4375], "texture": "#0"},
				"east": {"uv": [0.875, 1.5625, 0.625, 1.375], "texture": "#0"},
				"south": {"uv": [0.5, 1.625, 0.625, 1.4375], "texture": "#0"},
				"west": {"uv": [0.625, 1.5625, 0.875, 1.375], "texture": "#0"},
				"up": {"uv": [1.125, 1.375, 0.875, 1.5], "rotation": 90, "texture": "#0"},
				"down": {"uv": [1.125, 1.375, 0.875, 1.5], "rotation": 90, "texture": "#0"}
			}
		},
		{
			"from": [7.6, 2.68188, 9.52574],
			"to": [8.4, 4.18188, 10.52574],
			"rotation": {"angle": 22.5, "axis": "x", "origin": [8, 3.275, 9.575]},
			"faces": {
				"north": {"uv": [1.4375, 1, 1.25, 1.1], "rotation": 270, "texture": "#0"},
				"east": {"uv": [1.25, 0.875, 1.4375, 1], "rotation": 270, "texture": "#0"},
				"south": {"uv": [1.4375, 1, 1.25, 1.1], "rotation": 90, "texture": "#0"},
				"west": {"uv": [1.4375, 0.875, 1.25, 1], "rotation": 90, "texture": "#0"},
				"up": {"uv": [1.2125, 1.25, 1.3125, 1.125], "texture": "#0"},
				"down": {"uv": [1.2125, 1.25, 1.3125, 1.125], "rotation": 180, "texture": "#0"}
			}
		},
		{
			"from": [7.75, 3.5, 9.9],
			"to": [8.25, 4.5, 10.4],
			"rotation": {"angle": -22.5, "axis": "x", "origin": [8, 3.275, 9.575]},
			"faces": {
				"north": {"uv": [1.25, 1.25, 1.125, 1.3125], "rotation": 90, "texture": "#0"},
				"east": {"uv": [1.25, 1.25, 1.125, 1.3125], "rotation": 90, "texture": "#0"},
				"south": {"uv": [1.25, 1.25, 1.125, 1.3125], "rotation": 90, "texture": "#0"},
				"west": {"uv": [1.25, 1.25, 1.125, 1.3125], "rotation": 90, "texture": "#0"},
				"up": {"uv": [1.25, 1.3125, 1.3125, 1.25], "texture": "#0"},
				"down": {"uv": [1.25, 1.3125, 1.3125, 1.25], "texture": "#0"}
			}
		},
		{
			"from": [7.5, 1.8, 6],
			"to": [8.5, 3.3, 8],
			"rotation": {"angle": 22.5, "axis": "x", "origin": [8, 3.275, 6.425]},
			"faces": {
				"north": {"uv": [0.625, 1.625, 0.5, 1.4375], "texture": "#0"},
				"east": {"uv": [0.625, 1.5625, 0.875, 1.375], "texture": "#0"},
				"south": {"uv": [0.625, 1.625, 0.5, 1.4375], "texture": "#0"},
				"west": {"uv": [0.875, 1.5625, 0.625, 1.375], "texture": "#0"},
				"up": {"uv": [0.875, 1.375, 1.125, 1.5], "rotation": 90, "texture": "#0"},
				"down": {"uv": [0.875, 1.375, 1.125, 1.5], "rotation": 90, "texture": "#0"}
			}
		},
		{
			"from": [7.6, 2.68188, 5.47426],
			"to": [8.4, 4.18188, 6.47426],
			"rotation": {"angle": -22.5, "axis": "x", "origin": [8, 3.275, 6.425]},
			"faces": {
				"north": {"uv": [1.4375, 1.1, 1.25, 1], "rotation": 90, "texture": "#0"},
				"east": {"uv": [1.25, 1, 1.4375, 0.875], "rotation": 270, "texture": "#0"},
				"south": {"uv": [1.4375, 1.1, 1.25, 1], "rotation": 270, "texture": "#0"},
				"west": {"uv": [1.4375, 1, 1.25, 0.875], "rotation": 90, "texture": "#0"},
				"up": {"uv": [1.2125, 1.125, 1.3125, 1.25], "texture": "#0"},
				"down": {"uv": [1.2125, 1.125, 1.3125, 1.25], "rotation": 180, "texture": "#0"}
			}
		},
		{
			"from": [7.75, 3.5, 5.6],
			"to": [8.25, 4.5, 6.1],
			"rotation": {"angle": 22.5, "axis": "x", "origin": [8, 3.275, 6.425]},
			"faces": {
				"north": {"uv": [1.25, 1.3125, 1.125, 1.25], "rotation": 90, "texture": "#0"},
				"east": {"uv": [1.25, 1.3125, 1.125, 1.25], "rotation": 90, "texture": "#0"},
				"south": {"uv": [1.25, 1.3125, 1.125, 1.25], "rotation": 90, "texture": "#0"},
				"west": {"uv": [1.25, 1.3125, 1.125, 1.25], "rotation": 90, "texture": "#0"},
				"up": {"uv": [1.25, 1.25, 1.3125, 1.3125], "texture": "#0"},
				"down": {"uv": [1.25, 1.25, 1.3125, 1.3125], "texture": "#0"}
			}
		},
		{
			"from": [7, -13.5, 7],
			"to": [9, -12, 9],
			"rotation": {"angle": 0, "axis": "y", "origin": [8, 4.31499, 8]},
			"faces": {
				"north": {"uv": [1.4375, 0.75, 1.6875, 0.9375], "texture": "#0"},
				"east": {"uv": [1.4375, 0.75, 1.6875, 0.9375], "texture": "#0"},
				"south": {"uv": [1.4375, 0.75, 1.6875, 0.9375], "texture": "#0"},
				"west": {"uv": [1.4375, 0.75, 1.6875, 0.9375], "texture": "#0"},
				"up": {"uv": [1.4375, 0.9375, 1.6875, 1.1875], "texture": "#0"},
				"down": {"uv": [1.4375, 0.9375, 1.6875, 1.1875], "texture": "#0"}
			}
		},
		{
			"from": [7, -11, 7],
			"to": [9, -9.5, 9],
			"rotation": {"angle": 0, "axis": "y", "origin": [8, 4.31499, 8]},
			"faces": {
				"north": {"uv": [1.4375, 0.75, 1.6875, 0.9375], "texture": "#0"},
				"east": {"uv": [1.4375, 0.75, 1.6875, 0.9375], "texture": "#0"},
				"south": {"uv": [1.4375, 0.75, 1.6875, 0.9375], "texture": "#0"},
				"west": {"uv": [1.4375, 0.75, 1.6875, 0.9375], "texture": "#0"},
				"up": {"uv": [1.4375, 0.9375, 1.6875, 1.1875], "texture": "#0"},
				"down": {"uv": [1.4375, 0.9375, 1.6875, 1.1875], "texture": "#0"}
			}
		},
		{
			"from": [7, -9, 7],
			"to": [9, -7.5, 9],
			"rotation": {"angle": 0, "axis": "y", "origin": [8, 4.31499, 8]},
			"faces": {
				"north": {"uv": [1.4375, 0.75, 1.6875, 0.9375], "texture": "#0"},
				"east": {"uv": [1.4375, 0.75, 1.6875, 0.9375], "texture": "#0"},
				"south": {"uv": [1.4375, 0.75, 1.6875, 0.9375], "texture": "#0"},
				"west": {"uv": [1.4375, 0.75, 1.6875, 0.9375], "texture": "#0"},
				"up": {"uv": [1.4375, 0.9375, 1.6875, 1.1875], "texture": "#0"},
				"down": {"uv": [1.4375, 0.9375, 1.6875, 1.1875], "texture": "#0"}
			}
		},
		{
			"from": [7, -7, 7],
			"to": [9, -5.5, 9],
			"rotation": {"angle": 0, "axis": "y", "origin": [8, 4.31499, 8]},
			"faces": {
				"north": {"uv": [1.4375, 0.75, 1.6875, 0.9375], "texture": "#0"},
				"east": {"uv": [1.4375, 0.75, 1.6875, 0.9375], "texture": "#0"},
				"south": {"uv": [1.4375, 0.75, 1.6875, 0.9375], "texture": "#0"},
				"west": {"uv": [1.4375, 0.75, 1.6875, 0.9375], "texture": "#0"},
				"up": {"uv": [1.4375, 0.9375, 1.6875, 1.1875], "texture": "#0"},
				"down": {"uv": [1.4375, 0.9375, 1.6875, 1.1875], "texture": "#0"}
			}
		},
		{
			"from": [7, 7.5, 7],
			"to": [9, 9, 9],
			"rotation": {"angle": 0, "axis": "y", "origin": [8, 4.31499, 8]},
			"faces": {
				"north": {"uv": [1.4375, 0.75, 1.6875, 0.9375], "texture": "#0"},
				"east": {"uv": [1.4375, 0.75, 1.6875, 0.9375], "texture": "#0"},
				"south": {"uv": [1.4375, 0.75, 1.6875, 0.9375], "texture": "#0"},
				"west": {"uv": [1.4375, 0.75, 1.6875, 0.9375], "texture": "#0"},
				"up": {"uv": [1.4375, 0.9375, 1.6875, 1.1875], "texture": "#0"},
				"down": {"uv": [1.4375, 0.9375, 1.6875, 1.1875], "texture": "#0"}
			}
		},
		{
			"from": [7, 5, 7],
			"to": [9, 6.5, 9],
			"rotation": {"angle": 0, "axis": "y", "origin": [8, 4.31499, 8]},
			"faces": {
				"north": {"uv": [1.4375, 0.75, 1.6875, 0.9375], "texture": "#0"},
				"east": {"uv": [1.4375, 0.75, 1.6875, 0.9375], "texture": "#0"},
				"south": {"uv": [1.4375, 0.75, 1.6875, 0.9375], "texture": "#0"},
				"west": {"uv": [1.4375, 0.75, 1.6875, 0.9375], "texture": "#0"},
				"up": {"uv": [1.4375, 0.9375, 1.6875, 1.1875], "texture": "#0"},
				"down": {"uv": [1.4375, 0.9375, 1.6875, 1.1875], "texture": "#0"}
			}
		},
		{
			"from": [7, 12.5, 7],
			"to": [9, 14, 9],
			"rotation": {"angle": 0, "axis": "y", "origin": [8, 4.31499, 8]},
			"faces": {
				"north": {"uv": [1.4375, 0.75, 1.6875, 0.9375], "texture": "#0"},
				"east": {"uv": [1.4375, 0.75, 1.6875, 0.9375], "texture": "#0"},
				"south": {"uv": [1.4375, 0.75, 1.6875, 0.9375], "texture": "#0"},
				"west": {"uv": [1.4375, 0.75, 1.6875, 0.9375], "texture": "#0"},
				"up": {"uv": [1.4375, 0.9375, 1.6875, 1.1875], "texture": "#0"},
				"down": {"uv": [1.4375, 0.9375, 1.6875, 1.1875], "texture": "#0"}
			}
		},
		{
			"from": [7, 10, 7],
			"to": [9, 11.5, 9],
			"rotation": {"angle": 0, "axis": "y", "origin": [8, 4.31499, 8]},
			"faces": {
				"north": {"uv": [1.4375, 0.75, 1.6875, 0.9375], "texture": "#0"},
				"east": {"uv": [1.4375, 0.75, 1.6875, 0.9375], "texture": "#0"},
				"south": {"uv": [1.4375, 0.75, 1.6875, 0.9375], "texture": "#0"},
				"west": {"uv": [1.4375, 0.75, 1.6875, 0.9375], "texture": "#0"},
				"up": {"uv": [1.4375, 0.9375, 1.6875, 1.1875], "texture": "#0"},
				"down": {"uv": [1.4375, 0.9375, 1.6875, 1.1875], "texture": "#0"}
			}
		},
		{
			"from": [7, 17.5, 7],
			"to": [9, 19, 9],
			"rotation": {"angle": 0, "axis": "y", "origin": [8, 4.31499, 8]},
			"faces": {
				"north": {"uv": [1.4375, 0.75, 1.6875, 0.9375], "texture": "#0"},
				"east": {"uv": [1.4375, 0.75, 1.6875, 0.9375], "texture": "#0"},
				"south": {"uv": [1.4375, 0.75, 1.6875, 0.9375], "texture": "#0"},
				"west": {"uv": [1.4375, 0.75, 1.6875, 0.9375], "texture": "#0"},
				"up": {"uv": [1.4375, 0.9375, 1.6875, 1.1875], "texture": "#0"},
				"down": {"uv": [1.4375, 0.9375, 1.6875, 1.1875], "texture": "#0"}
			}
		},
		{
			"from": [7, 15, 7],
			"to": [9, 16.5, 9],
			"rotation": {"angle": 0, "axis": "y", "origin": [8, 4.31499, 8]},
			"faces": {
				"north": {"uv": [1.4375, 0.75, 1.6875, 0.9375], "texture": "#0"},
				"east": {"uv": [1.4375, 0.75, 1.6875, 0.9375], "texture": "#0"},
				"south": {"uv": [1.4375, 0.75, 1.6875, 0.9375], "texture": "#0"},
				"west": {"uv": [1.4375, 0.75, 1.6875, 0.9375], "texture": "#0"},
				"up": {"uv": [1.4375, 0.9375, 1.6875, 1.1875], "texture": "#0"},
				"down": {"uv": [1.4375, 0.9375, 1.6875, 1.1875], "texture": "#0"}
			}
		},
		{
			"from": [7.25, -2.5, 10.61029],
			"to": [8.75, -1.5, 12.61029],
			"rotation": {"angle": 45, "axis": "x", "origin": [8, -3.40135, 13.74379]},
			"faces": {
				"north": {"uv": [0.25, 1.625, 0.4375, 1.75], "texture": "#0"},
				"east": {"uv": [0, 1.625, 0.25, 1.75], "texture": "#0"},
				"south": {"uv": [0.25, 1.625, 0.4375, 1.75], "texture": "#0"},
				"west": {"uv": [0, 1.625, 0.25, 1.75], "texture": "#0"},
				"up": {"uv": [0, 1.75, 0.1875, 2], "texture": "#0"},
				"down": {"uv": [0, 1.75, 0.1875, 2], "texture": "#0"}
			}
		},
		{
			"from": [7.5, -2.96786, 12.93155],
			"to": [8.5, -0.96786, 14.43155],
			"rotation": {"angle": 0, "axis": "y", "origin": [8, -1.26786, 14.98155]},
			"faces": {
				"north": {"uv": [0, 1.625, 0.25, 1.75], "rotation": 270, "texture": "#0"},
				"east": {"uv": [0, 1.75, 0.1875, 2], "texture": "#0"},
				"south": {"uv": [0, 1.625, 0.25, 1.75], "rotation": 90, "texture": "#0"},
				"west": {"uv": [0, 1.75, 0.1875, 2], "rotation": 180, "texture": "#0"},
				"up": {"uv": [0.25, 1.625, 0.4375, 1.75], "rotation": 90, "texture": "#0"},
				"down": {"uv": [0.25, 1.625, 0.4375, 1.75], "rotation": 90, "texture": "#0"}
			}
		},
		{
			"from": [7.5, -5.66786, 12.93155],
			"to": [8.5, -3.66786, 14.43155],
			"rotation": {"angle": 0, "axis": "y", "origin": [8, -1.26786, 14.98155]},
			"faces": {
				"north": {"uv": [0.375, 1.75, 0.625, 1.875], "rotation": 90, "texture": "#0"},
				"east": {"uv": [0, 1.75, 0.1875, 2], "texture": "#0"},
				"south": {"uv": [0.375, 1.75, 0.625, 1.875], "rotation": 90, "texture": "#0"},
				"west": {"uv": [0, 1.75, 0.1875, 2], "rotation": 180, "texture": "#0"},
				"up": {"uv": [0.25, 1.625, 0.4375, 1.75], "rotation": 90, "texture": "#0"},
				"down": {"uv": [0.25, 1.625, 0.4375, 1.75], "rotation": 90, "texture": "#0"}
			}
		},
		{
			"from": [7.25, -4.3, 13.18155],
			"to": [8.75, -2.3, 14.18155],
			"rotation": {"angle": 0, "axis": "y", "origin": [8, -3.96786, 13.68155]},
			"faces": {
				"north": {"uv": [0, 1.75, 0.1875, 2], "texture": "#0"},
				"east": {"uv": [0.375, 1.75, 0.625, 1.875], "rotation": 270, "texture": "#0"},
				"south": {"uv": [0, 1.75, 0.1875, 2], "rotation": 180, "texture": "#0"},
				"west": {"uv": [0.375, 1.75, 0.625, 1.875], "rotation": 270, "texture": "#0"},
				"up": {"uv": [0.25, 1.625, 0.4375, 1.75], "texture": "#0"},
				"down": {"uv": [0.25, 1.625, 0.4375, 1.75], "rotation": 180, "texture": "#0"}
			}
		},
		{
			"from": [7.25, -7, 13.18155],
			"to": [8.75, -5, 14.18155],
			"rotation": {"angle": 0, "axis": "y", "origin": [8, -3.96786, 13.68155]},
			"faces": {
				"north": {"uv": [0.1875, 1.75, 0.375, 2], "rotation": 180, "texture": "#0"},
				"east": {"uv": [0.4375, 1.625, 0.6875, 1.75], "rotation": 270, "texture": "#0"},
				"south": {"uv": [0.1875, 1.75, 0.375, 2], "rotation": 180, "texture": "#0"},
				"west": {"uv": [0.4375, 1.625, 0.6875, 1.75], "rotation": 270, "texture": "#0"},
				"up": {"uv": [0.25, 1.625, 0.4375, 1.75], "rotation": 180, "texture": "#0"},
				"down": {"uv": [0.6875, 1.625, 0.875, 1.75], "rotation": 180, "texture": "#0"}
			}
		},
		{
			"from": [7.25, -2.5, 3.38971],
			"to": [8.75, -1.5, 5.38971],
			"rotation": {"angle": -45, "axis": "x", "origin": [8, -3.40135, 2.25621]},
			"faces": {
				"north": {"uv": [0.4375, 1.625, 0.25, 1.75], "texture": "#0"},
				"east": {"uv": [0.25, 1.625, 0, 1.75], "texture": "#0"},
				"south": {"uv": [0.4375, 1.625, 0.25, 1.75], "texture": "#0"},
				"west": {"uv": [0.25, 1.625, 0, 1.75], "texture": "#0"},
				"up": {"uv": [0, 2, 0.1875, 1.75], "texture": "#0"},
				"down": {"uv": [0, 2, 0.1875, 1.75], "texture": "#0"}
			}
		},
		{
			"from": [7.5, -3.16786, 1.56845],
			"to": [8.5, -1.16786, 3.06845],
			"rotation": {"angle": 0, "axis": "y", "origin": [8, -1.26786, 1.01845]},
			"faces": {
				"north": {"uv": [0.375, 1.875, 0.625, 1.75], "rotation": 90, "texture": "#0"},
				"east": {"uv": [0.1875, 1.75, 0, 2], "texture": "#0"},
				"south": {"uv": [0.375, 1.875, 0.625, 1.75], "rotation": 90, "texture": "#0"},
				"west": {"uv": [0.1875, 1.75, 0, 2], "rotation": 180, "texture": "#0"},
				"up": {"uv": [0.4375, 1.625, 0.25, 1.75], "rotation": 90, "texture": "#0"},
				"down": {"uv": [0.4375, 1.625, 0.25, 1.75], "rotation": 90, "texture": "#0"}
			}
		},
		{
			"from": [7.25, -4.5, 1.81845],
			"to": [8.75, -2.5, 2.81845],
			"rotation": {"angle": 0, "axis": "y", "origin": [8, -3.96786, 2.31845]},
			"faces": {
				"north": {"uv": [0.375, 1.75, 0.1875, 2], "rotation": 180, "texture": "#0"},
				"east": {"uv": [0.4375, 1.75, 0.6875, 1.625], "rotation": 270, "texture": "#0"},
				"south": {"uv": [0.375, 1.75, 0.1875, 2], "rotation": 180, "texture": "#0"},
				"west": {"uv": [0.4375, 1.75, 0.6875, 1.625], "rotation": 270, "texture": "#0"},
				"up": {"uv": [0.25, 1.75, 0.4375, 1.625], "rotation": 180, "texture": "#0"},
				"down": {"uv": [0.6875, 1.75, 0.875, 1.625], "rotation": 180, "texture": "#0"}
			}
		},
		{
			"from": [8, -14, 11],
			"to": [8, -7, 17],
			"rotation": {"angle": 45, "axis": "x", "origin": [8, -5.5, 4]},
			"faces": {
				"north": {"uv": [0, 10, 0, 0], "texture": "#3"},
				"east": {"uv": [12, 14, 0, 0], "texture": "#3"},
				"south": {"uv": [0, 10, 0, 0], "texture": "#3"},
				"west": {"uv": [0, 14, 12, 0], "texture": "#3"},
				"up": {"uv": [0, 10, 0, 0], "texture": "#3"},
				"down": {"uv": [0, 0, 0, 10], "texture": "#3"}
			}
		},
		{
			"from": [8, 23, 11],
			"to": [8, 30, 17],
			"rotation": {"angle": -45, "axis": "x", "origin": [8, 21.5, 4]},
			"faces": {
				"north": {"uv": [0, 0, 0, 10], "texture": "#3"},
				"east": {"uv": [12, 0, 0, 14], "texture": "#3"},
				"south": {"uv": [0, 0, 0, 10], "texture": "#3"},
				"west": {"uv": [0, 0, 12, 14], "texture": "#3"},
				"up": {"uv": [0, 10, 0, 0], "texture": "#3"},
				"down": {"uv": [0, 0, 0, 10], "texture": "#3"}
			}
		},
		{
			"from": [8, -6.6, 0.8],
			"to": [8, -3.6, 3.8],
			"rotation": {"angle": 0, "axis": "y", "origin": [0, 4, 16.4]},
			"faces": {
				"north": {"uv": [0, 0, 0, 0.375], "texture": "#missing"},
				"east": {"uv": [14.125, 2.5625, 13.75, 2.9375], "texture": "#0"},
				"south": {"uv": [0, 0, 0, 0.375], "texture": "#missing"},
				"west": {"uv": [14.125, 2.5625, 13.75, 2.9375], "texture": "#0"},
				"up": {"uv": [0, 0.375, 0, 0], "texture": "#missing"},
				"down": {"uv": [0, 0.375, 0, 0], "texture": "#missing"}
			}
		},
		{
			"from": [8, -9.1, 12.2],
			"to": [8, -6.1, 15.2],
			"rotation": {"angle": 0, "axis": "y", "origin": [0, 4, 16.4]},
			"faces": {
				"north": {"uv": [0, 0, 0, 0.375], "texture": "#missing"},
				"east": {"uv": [14.125, 2.5625, 13.75, 2.9375], "texture": "#0"},
				"south": {"uv": [0, 0, 0, 0.375], "texture": "#missing"},
				"west": {"uv": [14.125, 2.5625, 13.75, 2.9375], "texture": "#0"},
				"up": {"uv": [0, 0.375, 0, 0], "texture": "#missing"},
				"down": {"uv": [0, 0.375, 0, 0], "texture": "#missing"}
			}
		},
		{
			"from": [8, 27.9, 6.5],
			"to": [8, 30.9, 9.5],
			"rotation": {"angle": 0, "axis": "y", "origin": [0, 2, 16.4]},
			"faces": {
				"north": {"uv": [0, 0, 0, 0.375], "texture": "#missing"},
				"east": {"uv": [14.125, 2.9375, 13.75, 2.5625], "texture": "#0"},
				"south": {"uv": [0, 0, 0, 0.375], "texture": "#missing"},
				"west": {"uv": [14.125, 2.9375, 13.75, 2.5625], "texture": "#0"},
				"up": {"uv": [0, 0.375, 0, 0], "texture": "#missing"},
				"down": {"uv": [0, 0.375, 0, 0], "texture": "#missing"}
			}
		},
		{
			"from": [7, 20, 7],
			"to": [9, 23, 9],
			"rotation": {"angle": 0, "axis": "y", "origin": [8, 4.31499, 8]},
			"faces": {
				"north": {"uv": [1.625, 1.9375, 1.875, 1.5625], "texture": "#0"},
				"east": {"uv": [1.625, 1.9375, 1.875, 1.5625], "texture": "#0"},
				"south": {"uv": [1.625, 1.9375, 1.875, 1.5625], "texture": "#0"},
				"west": {"uv": [1.625, 1.9375, 1.875, 1.5625], "texture": "#0"},
				"up": {"uv": [1.375, 1.5625, 1.625, 1.8125], "texture": "#0"},
				"down": {"uv": [1.375, 1.5625, 1.625, 1.8125], "texture": "#0"}
			}
		},
		{
			"from": [7, 24, 7],
			"to": [9, 27, 9],
			"rotation": {"angle": 0, "axis": "y", "origin": [8, 4.31499, 8]},
			"faces": {
				"north": {"uv": [1.625, 1.9375, 1.875, 1.5625], "texture": "#0"},
				"east": {"uv": [1.625, 1.9375, 1.875, 1.5625], "texture": "#0"},
				"south": {"uv": [1.625, 1.9375, 1.875, 1.5625], "texture": "#0"},
				"west": {"uv": [1.625, 1.9375, 1.875, 1.5625], "texture": "#0"},
				"up": {"uv": [1.375, 1.5625, 1.625, 1.8125], "texture": "#0"},
				"down": {"uv": [1.375, 1.5625, 1.625, 1.8125], "texture": "#0"}
			}
		}
	],
	"gui_light": "front",
	"display": {
		"thirdperson_righthand": {
			"translation": [0, 8.75, 1.75],
			"scale": [0.65, 0.65, 0.65]
		},
		"thirdperson_lefthand": {
			"translation": [0, 8.75, 1.75],
			"scale": [0.65, 0.65, 0.65]
		},
		"firstperson_righthand": {
			"rotation": [5, 0, 0],
			"translation": [4, 5, 0],
			"scale": [0.30625, 0.30625, 0.30625]
		},
		"firstperson_lefthand": {
			"rotation": [5, 0, 0],
			"translation": [4, 5, 0],
			"scale": [0.30625, 0.30625, 0.30625]
		},
		"ground": {
			"rotation": [-45, 0, 0],
			"translation": [0, 9, 0],
			"scale": [0.45, 0.45, 0.45]
		},
		"gui": {
			"rotation": [-90, -45, -90],
			"translation": [-1, 0.25, -1.5],
			"scale": [0.36914, 0.36914, 0.36914]
		},
		"head": {
			"scale": [0, 0, 0]
		},
		"fixed": {
			"rotation": [0, -90, 0],
			"translation": [0.5, 12.75, -3],
			"scale": [1.6, 1.6, 1.6]
		}
	},
	"groups": [
		0,
		1,
		2,
		3,
		4,
		5,
		6,
		7,
		8,
		9,
		10,
		11,
		12,
		{
			"name": "group",
			"origin": [8.5, -4.81499, 8],
			"color": 0,
			"children": [
				13,
				14,
				15,
				16,
				17,
				18,
				19,
				20,
				21,
				22,
				23,
				24,
				25,
				26,
				27,
				28,
				29,
				30,
				31,
				32,
				33,
				34,
				35,
				36,
				37,
				38,
				39,
				40,
				41,
				42,
				43,
				44,
				45,
				46,
				47,
				48,
				49,
				50,
				51,
				52,
				53,
				54,
				55,
				56,
				57,
				58,
				59,
				60,
				61,
				62,
				63,
				64,
				65,
				{
					"name": "group",
					"origin": [8.5, -4.81499, 8],
					"color": 0,
					"children": []
				}
			]
		},
		66,
		67,
		68,
		69,
		70,
		71,
		72,
		73,
		74,
		75,
		76,
		77,
		78,
		79,
		80,
		81,
		82,
		83,
		84,
		85,
		86,
		87,
		88,
		89,
		90,
		91,
		92,
		93,
		94,
		95,
		96,
		97,
		98,
		99,
		100
	]
}