{"credit":"Made with Blockbench","textures":{"1":"cosmo_pack:sword","3":"cosmo_pack:ring","4":"cosmo_pack:gravity_1","5":"cosmo_pack:gravity_2","7":"cosmo_pack:wings-animation","8":"cosmo_pack:light","9":"cosmo_pack:light_1","10":"cosmo_pack:light_3","particle":"cosmo_pack:wings"},"elements":[{"from":[9,5.723,8],"to":[32,28.723,8],"rotation":{"angle":-22.5,"axis":"y","origin":[9.5,7.723,8]},"faces":{"north":{"uv":[16,0,0,16],"texture":"#7"},"east":{"uv":[0,0,0,10.6875],"texture":"#7"},"south":{"uv":[0,0,16,16],"texture":"#7"},"west":{"uv":[0,0,0,10.6875],"texture":"#7"},"up":{"uv":[0,0,3.75,0],"texture":"#7"},"down":{"uv":[0,0,3.75,0],"texture":"#7"}}},{"from":[-16,5.723,8],"to":[7,28.723,8],"rotation":{"angle":22.5,"axis":"y","origin":[6.5,7.723,8]},"faces":{"north":{"uv":[0,0,16,16],"texture":"#7"},"east":{"uv":[0,0,0,10.6875],"texture":"#7"},"south":{"uv":[16,0,0,16],"texture":"#7"},"west":{"uv":[0,0,0,10.6875],"texture":"#7"},"up":{"uv":[3.75,0,0,0],"texture":"#7"},"down":{"uv":[3.75,0,0,0],"texture":"#7"}}},{"from":[6.83386,7.22831,7.7],"to":[8.83386,9.22831,8.3],"rotation":{"angle":45,"axis":"z","origin":[8,8.39445,8]},"faces":{"north":{"uv":[4.75,0,5.75,1],"rotation":270,"texture":"#1"},"east":{"uv":[7,2.8125,6,2.5],"rotation":90,"texture":"#1"},"south":{"uv":[4.75,0,5.75,1],"texture":"#1"},"west":{"uv":[7,3,6,3.3125],"rotation":90,"texture":"#1"},"up":{"uv":[6,1.5,6.3125,2.5],"rotation":90,"texture":"#1"},"down":{"uv":[5.5,2.75,5.8125,3.75],"rotation":90,"texture":"#1"}}},{"from":[6.5,7.15949,7.825],"to":[9.5,8.15949,8.175],"rotation":{"angle":0,"axis":"y","origin":[8,8.39445,8]},"faces":{"north":{"uv":[3.75,4.75,5.25,5.25],"texture":"#1"},"east":{"uv":[7.25,1,7.4375,1.5],"texture":"#1"},"south":{"uv":[3.75,4.75,5.25,5.25],"texture":"#1"},"west":{"uv":[7.25,3.5,7.4375,4],"texture":"#1"},"up":{"uv":[7.5,5.4375,6,5.25],"texture":"#1"},"down":{"uv":[7.5,5.5,6,5.6875],"texture":"#1"}}},{"from":[8.55488,8.94933,7.725],"to":[9.30488,9.69933,8.275],"rotation":{"angle":45,"axis":"z","origin":[8,8.39445,8]},"faces":{"north":{"uv":[6.75,4,7.125,4.375],"texture":"#1"},"east":{"uv":[7.75,2.25,7.875,2.625],"texture":"#1"},"south":{"uv":[6.75,4,7.125,4.375],"rotation":90,"texture":"#1"},"west":{"uv":[7.75,3.75,7.875,4.125],"texture":"#1"},"up":{"uv":[7.875,6.625,7.5,6.5],"texture":"#1"},"down":{"uv":[4.625,7.75,4.25,7.875],"texture":"#1"}}},{"from":[8.60456,6.64141,7.8],"to":[9.60456,8.14141,8.2],"rotation":{"angle":22.5,"axis":"z","origin":[8,8.39445,8]},"faces":{"north":{"uv":[5,5.25,5.5,6],"texture":"#1"},"east":{"uv":[6,6.75,6.1875,7.5],"texture":"#1"},"south":{"uv":[7.125,0,6.75,0.5],"texture":"#1"},"west":{"uv":[6.25,6.75,6.4375,7.5],"texture":"#1"},"up":{"uv":[7.75,5.1875,7.25,5],"texture":"#1"},"down":{"uv":[7,7.25,6.5,7.4375],"texture":"#1"}}},{"from":[6.39544,6.64141,7.8],"to":[7.39544,8.14141,8.2],"rotation":{"angle":-22.5,"axis":"z","origin":[8,8.39445,8]},"faces":{"north":{"uv":[5.5,5.25,5,6],"texture":"#1"},"east":{"uv":[6.4375,6.75,6.25,7.5],"texture":"#1"},"south":{"uv":[6.75,0,7.125,0.5],"texture":"#1"},"west":{"uv":[6.1875,6.75,6,7.5],"texture":"#1"},"up":{"uv":[7.25,5.1875,7.75,5],"texture":"#1"},"down":{"uv":[6.5,7.25,7,7.4375],"texture":"#1"}}},{"from":[5.75,5.55872,7.85],"to":[10.25,10.05872,8.15],"rotation":{"angle":0,"axis":"y","origin":[8,8.39445,8]},"faces":{"north":{"uv":[0,0,16,16],"rotation":270,"texture":"#3"},"south":{"uv":[16,0,0,16],"rotation":90,"texture":"#3"}}},{"from":[3,11.08372,9.85],"to":[13,21.08372,9.85],"rotation":{"angle":0,"axis":"z","origin":[8,16.08372,9.85]},"faces":{"north":{"uv":[0,0,16,16],"rotation":180,"texture":"#8"},"south":{"uv":[16,0,0,16],"rotation":180,"texture":"#8"}}},{"from":[3,9.08372,8.85],"to":[13,19.08372,8.85],"rotation":{"angle":0,"axis":"z","origin":[8,16.08372,9.85]},"faces":{"north":{"uv":[0,0,16,16],"rotation":180,"texture":"#10"},"south":{"uv":[16,0,0,16],"rotation":180,"texture":"#10"}}},{"from":[14.5,15.83372,7.875],"to":[18.75,20.08372,8.125],"rotation":{"angle":-22.5,"axis":"y","origin":[9.5,7.723,8]},"faces":{"north":{"uv":[0,0,16,16],"rotation":270,"texture":"#9"},"south":{"uv":[16,0,0,16],"rotation":90,"texture":"#9"}}},{"from":[-2.5,11.08372,7.85],"to":[1.5,15.08372,8.15],"rotation":{"angle":22.5,"axis":"y","origin":[6.5,7.723,8]},"faces":{"north":{"uv":[0,16,16,0],"rotation":270,"texture":"#4"},"south":{"uv":[16,16,0,0],"rotation":90,"texture":"#4"}}},{"from":[-2.75,15.83372,7.875],"to":[1.5,20.08372,8.125],"rotation":{"angle":22.5,"axis":"y","origin":[6.5,7.723,8]},"faces":{"north":{"uv":[0,16,16,0],"rotation":270,"texture":"#9"},"south":{"uv":[16,16,0,0],"rotation":90,"texture":"#9"}}},{"from":[14.5,11.08372,7.85],"to":[18.5,15.08372,8.15],"rotation":{"angle":-22.5,"axis":"y","origin":[9.5,7.723,8]},"faces":{"north":{"uv":[0,0,16,16],"rotation":270,"texture":"#4"},"south":{"uv":[16,0,0,16],"rotation":90,"texture":"#4"}}},{"from":[14.5,11.08372,7.9],"to":[18.5,15.08372,8.1],"rotation":{"angle":-22.5,"axis":"y","origin":[9.5,7.723,8]},"faces":{"north":{"uv":[0,0,16,16],"rotation":270,"texture":"#5"},"south":{"uv":[16,0,0,16],"rotation":90,"texture":"#5"}}},{"from":[-2.5,11.08372,7.9],"to":[1.5,15.08372,8.1],"rotation":{"angle":22.5,"axis":"y","origin":[6.5,7.723,8]},"faces":{"north":{"uv":[0,16,16,0],"rotation":270,"texture":"#5"},"south":{"uv":[16,16,0,0],"rotation":90,"texture":"#5"}}},{"from":[8.37504,6.7694,7.5],"to":[9.62504,8.0194,8.5],"rotation":{"angle":-45,"axis":"z","origin":[8,8.39445,8]},"faces":{"north":{"uv":[4.25,5.25,4.875,5.875],"texture":"#1"},"east":{"uv":[4.25,6,4.75,6.625],"texture":"#1"},"south":{"uv":[4.25,5.25,4.875,5.875],"rotation":270,"texture":"#1"},"west":{"uv":[6,4.5,6.5,5.125],"texture":"#1"},"up":{"uv":[6.625,4,6,3.5],"texture":"#1"},"down":{"uv":[5.375,6,4.75,6.5],"texture":"#1"}}},{"from":[7.5,6.48017,7.5625],"to":[8.5,7.48017,8.4375],"rotation":{"angle":0,"axis":"y","origin":[8,8.39445,8]},"faces":{"north":{"uv":[6.25,0.5,6.75,1],"texture":"#1"},"east":{"uv":[6.25,4,6.6875,4.5],"texture":"#1"},"south":{"uv":[6.25,0.5,6.75,1],"texture":"#1"},"west":{"uv":[6,6.25,6.4375,6.75],"texture":"#1"},"up":{"uv":[7,1.9375,6.5,1.5],"texture":"#1"},"down":{"uv":[7,2,6.5,2.4375],"texture":"#1"}}},{"from":[8.21595,8.6104,7.625],"to":[9.09095,9.4854,8.375],"rotation":{"angle":45,"axis":"z","origin":[8,8.39445,8]},"faces":{"north":{"uv":[6.5,4.5,6.9375,4.9375],"rotation":270,"texture":"#1"},"east":{"uv":[7.4375,6.0625,7,5.75],"rotation":90,"texture":"#1"},"south":{"uv":[4.75,6.5,5.1875,6.9375],"rotation":90,"texture":"#1"},"west":{"uv":[7.4375,6.25,7,6.5625],"rotation":90,"texture":"#1"},"up":{"uv":[5.25,7,5.5625,7.4375],"rotation":90,"texture":"#1"},"down":{"uv":[4.75,7,5.0625,7.4375],"rotation":90,"texture":"#1"}}},{"from":[7.625,8.95517,7.6875],"to":[8.375,9.70517,8.3125],"rotation":{"angle":0,"axis":"z","origin":[8,8.39445,8]},"faces":{"north":{"uv":[7,2,7.375,2.375],"texture":"#1"},"east":{"uv":[4.5,7.25,4.75,7.625],"texture":"#1"},"south":{"uv":[7,2,7.375,2.375],"texture":"#1"},"west":{"uv":[7.5,1,7.75,1.375],"texture":"#1"},"up":{"uv":[7.875,0.5,7.5,0.25],"texture":"#1"},"down":{"uv":[7.875,1.5,7.5,1.75],"texture":"#1"}}}],"gui_light":"front","display":{"thirdperson_righthand":{"translation":[0,1.75,0],"scale":[0.39,0.39,0.39]},"thirdperson_lefthand":{"rotation":[69.5,0,0],"translation":[-5.75,-8,8.75],"scale":[1.57,1.57,1.57]},"firstperson_righthand":{"translation":[1.25,0.5,0],"scale":[0.27,0.27,0.27]},"firstperson_lefthand":{"scale":[0.01,0.01,0.01]},"ground":{"rotation":[-61,0,0],"scale":[0.67,0.67,0.67]},"gui":{"translation":[0,-3.75,0],"scale":[0.5,0.5,0.5]},"head":{"translation":[0,-14.5,9.25],"scale":[2.52,2.52,2.52]},"fixed":{"translation":[0,-6,-0.5]}}}