{"credit":"Made with Blockbench","texture_size":[24,24],"textures":{"0":"draculaset:sword","1":"draculaset:demon_eye","2":"draculaset:paralyzed","3":"draculaset:sleep","4":"draculaset:smoke","6":"draculaset:fishing","particle":"draculaset:sword"},"elements":[{"from":[8,-1.44587,1.81332],"to":[8,16.15413,10.16332],"rotation":{"angle":0,"axis":"x","origin":[8,6.65413,5.28832]},"faces":{"east":{"uv":[7.66667,0,0,16],"texture":"#6","cullface":"down"},"west":{"uv":[0,0,7.66667,16],"texture":"#6","cullface":"down"}}},{"from":[7.95,-8.091,-0.5],"to":[8.05,8.909,16.5],"rotation":{"angle":0,"axis":"y","origin":[8,4.68945,8]},"faces":{"east":{"uv":[16,0,0,16],"texture":"#2","cullface":"down"},"west":{"uv":[0,0,16,16],"texture":"#2","cullface":"down"}}},{"from":[7.55566,-8.76256,-0.5],"to":[7.65566,8.23744,16.5],"rotation":{"angle":22.5,"axis":"z","origin":[8,0.68945,8]},"faces":{"east":{"uv":[16,0,0,16],"texture":"#3","cullface":"down"}}},{"from":[8.34434,-8.76256,-0.5],"to":[8.44434,8.23744,16.5],"rotation":{"angle":-22.5,"axis":"z","origin":[8,0.68945,8]},"faces":{"west":{"uv":[0,0,16,16],"texture":"#3","cullface":"down"}}},{"from":[7.9,0.25371,11.0926],"to":[8.1,8.25371,19.0926],"rotation":{"angle":45,"axis":"x","origin":[8,5.68945,8]},"faces":{"east":{"uv":[0,16,16,0],"rotation":90,"texture":"#4","cullface":"down"},"west":{"uv":[16,16,0,0],"rotation":270,"texture":"#4","cullface":"down"}}},{"from":[8,-4.091,6],"to":[8,-0.091,10],"rotation":{"angle":0,"axis":"y","origin":[8,4.68945,8]},"faces":{"east":{"uv":[16,0,0,16],"texture":"#1","cullface":"down"},"west":{"uv":[0,0,16,16],"texture":"#1","cullface":"down"}}},{"from":[7.461,-9.39373,7.15],"to":[8.539,-8.54373,8.85],"rotation":{"angle":0,"axis":"y","origin":[8,4.68945,8]},"faces":{"east":{"uv":[12.77778,6.22222,12,6.55556],"texture":"#0","cullface":"down"},"west":{"uv":[12.77778,6.22222,12,6.55556],"texture":"#0","cullface":"down"},"up":{"uv":[10.66667,5.33333,11.44444,4.88889],"rotation":90,"texture":"#0","cullface":"down"},"down":{"uv":[10.66667,5.33333,11.44444,5.77778],"rotation":270,"texture":"#0","cullface":"down"}}},{"from":[7.45,-6.91027,-3.59971],"to":[8.55,-5.81027,-2.49971],"rotation":{"angle":-45,"axis":"x","origin":[8,4.68945,8]},"faces":{"north":{"uv":[13.33333,1.33333,12.88889,1.77778],"texture":"#0","cullface":"down"},"east":{"uv":[11.11111,8.44444,10.66667,8.88889],"texture":"#0","cullface":"down"},"south":{"uv":[13.33333,2.22222,12.88889,2.66667],"texture":"#0","cullface":"down"},"west":{"uv":[10.66667,8.44444,11.11111,8.88889],"texture":"#0","cullface":"down"},"up":{"uv":[12.88889,3.11111,13.33333,2.66667],"rotation":90,"texture":"#0","cullface":"down"},"down":{"uv":[12.88889,3.11111,13.33333,3.55556],"rotation":270,"texture":"#0","cullface":"down"}}},{"from":[7.45,-2.23729,1.07326],"to":[8.55,-0.93729,2.37326],"rotation":{"angle":-45,"axis":"x","origin":[8,4.68945,8]},"faces":{"north":{"uv":[13.33333,2.22222,12.88889,2.66667],"rotation":180,"texture":"#0","cullface":"down"},"east":{"uv":[11.11111,8.44444,10.66667,8.88889],"rotation":180,"texture":"#0","cullface":"down"},"south":{"uv":[13.33333,1.33333,12.88889,1.77778],"rotation":180,"texture":"#0","cullface":"down"},"west":{"uv":[10.66667,8.44444,11.11111,8.88889],"rotation":180,"texture":"#0","cullface":"down"},"up":{"uv":[12.88889,3.11111,13.33333,3.55556],"rotation":270,"texture":"#0","cullface":"down"},"down":{"uv":[12.88889,3.11111,13.33333,2.66667],"rotation":90,"texture":"#0","cullface":"down"}}},{"from":[7.461,-0.64373,6.9],"to":[8.539,0.35627,9.1],"rotation":{"angle":0,"axis":"y","origin":[8,4.68945,8]},"faces":{"east":{"uv":[10.77778,7.11111,9.77778,7.55556],"texture":"#0"},"west":{"uv":[10.77778,7.11111,9.77778,7.55556],"texture":"#0"},"up":{"uv":[8.88889,10.22222,9.88889,9.77778],"rotation":90,"texture":"#0"},"down":{"uv":[9.77778,8.88889,10.77778,9.33333],"rotation":270,"texture":"#0","cullface":"down"}}},{"from":[7.593,1.74072,3.49564],"to":[8.407,3.39072,4.59564],"rotation":{"angle":-45,"axis":"x","origin":[8,4.68945,8]},"faces":{"north":{"uv":[12.33333,7.11111,12,7.88889],"texture":"#0"},"east":{"uv":[11.55556,10.22222,11.11111,11],"texture":"#0"},"south":{"uv":[12.33333,8,12,8.77778],"texture":"#0"},"west":{"uv":[11.11111,10.22222,11.55556,11],"texture":"#0"},"up":{"uv":[13.33333,8.77778,13.77778,8.44444],"rotation":90,"texture":"#0"}}},{"from":[7.6,-0.36376,8.197],"to":[8.4,1.28624,9.297],"rotation":{"angle":45,"axis":"x","origin":[8,4.68945,8]},"faces":{"north":{"uv":[10.55556,12,10.22222,12.77778],"texture":"#0"},"east":{"uv":[12,0.88889,11.55556,1.66667],"texture":"#0"},"south":{"uv":[12.33333,12,12,12.77778],"texture":"#0"},"west":{"uv":[11.55556,0.88889,12,1.66667],"texture":"#0"},"up":{"uv":[13.33333,9.66667,13.77778,9.33333],"rotation":90,"texture":"#0"},"down":{"uv":[9.77778,13.33333,10.22222,13.66667],"rotation":270,"texture":"#0"}}},{"from":[7.61,0.46992,6.87965],"to":[8.39,2.11992,7.77965],"rotation":{"angle":22.5,"axis":"x","origin":[8,4.68945,8]},"faces":{"north":{"uv":[12.77778,0,12.44444,0.77778],"texture":"#0"},"east":{"uv":[12,2.66667,11.55556,3.44444],"texture":"#0"},"south":{"uv":[12.77778,3.55556,12.44444,4.33333],"texture":"#0"},"west":{"uv":[11.55556,2.66667,12,3.44444],"texture":"#0"},"up":{"uv":[13.33333,10.55556,13.77778,10.22222],"rotation":90,"texture":"#0"}}},{"from":[8,-12.841,5.8],"to":[8,-9.241,10.2],"rotation":{"angle":0,"axis":"y","origin":[8,4.68945,8]},"faces":{"east":{"uv":[10,3.55556,8,5.11111],"texture":"#0","cullface":"down"},"west":{"uv":[10,3.55556,8,5.11111],"texture":"#0","cullface":"down"}}},{"from":[7.593,1.74072,11.40436],"to":[8.407,3.39072,12.50436],"rotation":{"angle":45,"axis":"x","origin":[8,4.68945,8]},"faces":{"north":{"uv":[12,8,12.33333,8.77778],"texture":"#0"},"east":{"uv":[11.11111,10.22222,11.55556,11],"texture":"#0"},"south":{"uv":[12,7.11111,12.33333,7.88889],"texture":"#0"},"west":{"uv":[11.55556,10.22222,11.11111,11],"texture":"#0"},"up":{"uv":[13.77778,8.77778,13.33333,8.44444],"rotation":90,"texture":"#0"}}},{"from":[7.61,0.46992,8.22035],"to":[8.39,2.11992,9.12035],"rotation":{"angle":-22.5,"axis":"x","origin":[8,4.68945,8]},"faces":{"north":{"uv":[12.44444,3.55556,12.77778,4.33333],"texture":"#0"},"east":{"uv":[11.55556,2.66667,12,3.44444],"texture":"#0"},"south":{"uv":[12.44444,0,12.77778,0.77778],"texture":"#0"},"west":{"uv":[12,2.66667,11.55556,3.44444],"texture":"#0"},"up":{"uv":[13.77778,10.55556,13.33333,10.22222],"rotation":90,"texture":"#0"}}},{"from":[7.661,0.75627,9.1],"to":[8.339,9.35627,10.05],"rotation":{"angle":0,"axis":"y","origin":[8,4.68945,8]},"faces":{"north":{"uv":[6.66667,8.88889,7,12.66667],"texture":"#0"},"east":{"uv":[5.33333,8.88889,5.77778,12.66667],"texture":"#0"},"south":{"uv":[6.22222,8.88889,6.55556,12.66667],"texture":"#0"},"west":{"uv":[5.77778,8.88889,5.33333,12.66667],"texture":"#0"}}},{"from":[7.6,10.11194,9.56584],"to":[8.4,11.21194,11.21584],"rotation":{"angle":22.5,"axis":"x","origin":[8,12.32406,6.10956]},"faces":{"north":{"uv":[13.77778,11.88889,13.33333,11.55556],"rotation":270,"texture":"#0"},"east":{"uv":[11.55556,6.22222,12,7],"rotation":90,"texture":"#0"},"south":{"uv":[12.44444,13.33333,12,13.66667],"rotation":270,"texture":"#0"},"west":{"uv":[12,6.22222,11.55556,7],"rotation":270,"texture":"#0"},"up":{"uv":[7.11111,12.44444,7.44444,13.22222],"texture":"#0"},"down":{"uv":[12.44444,7.11111,12.77778,7.88889],"rotation":180,"texture":"#0"}}},{"from":[7.61,8.07485,5.45783],"to":[8.39,9.72485,6.55783],"rotation":{"angle":-45,"axis":"x","origin":[8,12.32406,6.10956]},"faces":{"north":{"uv":[12.44444,8,12.77778,8.77778],"texture":"#0"},"east":{"uv":[11.55556,7.11111,12,7.88889],"texture":"#0"},"south":{"uv":[7.55556,12.44444,7.88889,13.22222],"texture":"#0"},"west":{"uv":[12,7.11111,11.55556,7.88889],"texture":"#0"},"up":{"uv":[13.77778,12.33333,13.33333,12],"rotation":90,"texture":"#0"},"down":{"uv":[12.88889,13.33333,12.44444,13.66667],"rotation":270,"texture":"#0"}}},{"from":[7.461,-4.59373,6.845],"to":[8.539,-3.49373,9.155],"rotation":{"angle":0,"axis":"y","origin":[8,4.68945,8]},"faces":{"north":{"uv":[7.11111,12.88889,6.66667,13.33333],"texture":"#0","cullface":"down"},"east":{"uv":[10.77778,9.33333,9.77778,9.77778],"texture":"#0","cullface":"down"},"south":{"uv":[13.33333,6.66667,12.88889,7.11111],"texture":"#0","cullface":"down"},"west":{"uv":[9.77778,9.33333,10.77778,9.77778],"texture":"#0","cullface":"down"},"up":{"uv":[10.22222,4.44444,11.22222,4],"rotation":90,"texture":"#0","cullface":"down"},"down":{"uv":[10.22222,4.44444,11.22222,4.88889],"rotation":270,"texture":"#0","cullface":"down"}}},{"from":[7.461,-5.25373,7.45],"to":[8.539,-4.59373,8.55],"rotation":{"angle":0,"axis":"y","origin":[8,4.68945,8]},"faces":{"north":{"uv":[0.88889,13.77778,0.44444,14.11111],"texture":"#0","cullface":"down"},"east":{"uv":[0.44444,13.77778,0,14.11111],"texture":"#0","cullface":"down"},"south":{"uv":[1.77778,13.77778,1.33333,14.11111],"texture":"#0","cullface":"down"},"west":{"uv":[1.33333,13.77778,0.88889,14.11111],"texture":"#0","cullface":"down"},"down":{"uv":[12.88889,7.55556,13.33333,8],"rotation":270,"texture":"#0","cullface":"down"}}},{"from":[7.461,-8.55373,7.45],"to":[8.539,-7.89373,8.55],"rotation":{"angle":0,"axis":"y","origin":[8,4.68945,8]},"faces":{"north":{"uv":[0.88889,14.11111,0.44444,13.77778],"texture":"#0","cullface":"down"},"east":{"uv":[0.44444,14.11111,0,13.77778],"texture":"#0","cullface":"down"},"south":{"uv":[1.77778,14.11111,1.33333,13.77778],"texture":"#0","cullface":"down"},"west":{"uv":[1.33333,14.11111,0.88889,13.77778],"texture":"#0","cullface":"down"},"up":{"uv":[12.88889,8,13.33333,7.55556],"rotation":90,"texture":"#0","cullface":"down"}}},{"from":[7.5985,-8.00373,7.5875],"to":[8.4015,-5.14373,8.4125],"rotation":{"angle":0,"axis":"y","origin":[8,4.68945,8]},"faces":{"north":{"uv":[9.22222,10.22222,8.88889,11.44444],"texture":"#0","cullface":"down"},"east":{"uv":[10.55556,4.88889,10.22222,6.11111],"texture":"#0","cullface":"down"},"south":{"uv":[10.11111,10.22222,9.77778,11.44444],"texture":"#0","cullface":"down"},"west":{"uv":[9.66667,10.22222,9.33333,11.44444],"texture":"#0","cullface":"down"}}},{"from":[7.593,-0.29439,9.36218],"to":[8.407,0.55561,10.51218],"rotation":{"angle":45,"axis":"x","origin":[8,-0.191,11.21432]},"faces":{"east":{"uv":[12.88889,9.77778,13.44444,10.11111],"texture":"#0","cullface":"down"},"south":{"uv":[13.77778,3.55556,14.11111,3.88889],"texture":"#0","cullface":"down"},"west":{"uv":[13.44444,9.77778,12.88889,10.11111],"texture":"#0","cullface":"down"},"up":{"uv":[13.44444,13.22222,12.88889,12.88889],"rotation":90,"texture":"#0","cullface":"down"},"down":{"uv":[13.88889,1.33333,13.33333,1.66667],"rotation":270,"texture":"#0","cullface":"down"}}},{"from":[7.5985,-0.01782,10.52606],"to":[8.4015,0.83218,11.67606],"rotation":{"angle":22.5,"axis":"x","origin":[8,-0.191,11.21432]},"faces":{"east":{"uv":[13.22222,9.44444,12.88889,8.88889],"rotation":90,"texture":"#0","cullface":"down"},"south":{"uv":[3.11111,13.77778,3.44444,14.11111],"rotation":270,"texture":"#0","cullface":"down"},"west":{"uv":[12.88889,9.44444,13.22222,8.88889],"rotation":270,"texture":"#0","cullface":"down"},"up":{"uv":[13.22222,11.22222,12.88889,10.66667],"texture":"#0","cullface":"down"},"down":{"uv":[10.55556,13.44444,10.22222,12.88889],"rotation":180,"texture":"#0","cullface":"down"}}},{"from":[7.6,-3.194,11.66432],"to":[8.4,0.206,12.26432],"rotation":{"angle":-22.5,"axis":"x","origin":[8,-0.191,11.21432]},"faces":{"north":{"uv":[8.88889,8.77778,10.44444,8.44444],"rotation":270,"texture":"#0","cullface":"down"},"east":{"uv":[13.11111,4.66667,11.55556,4.44444],"rotation":90,"texture":"#0","cullface":"down"},"south":{"uv":[8.88889,8,10.44444,8.33333],"rotation":270,"texture":"#0","cullface":"down"},"west":{"uv":[11.55556,4.66667,13.11111,4.44444],"rotation":270,"texture":"#0","cullface":"down"},"down":{"uv":[14.11111,5.11111,13.77778,4.88889],"rotation":180,"texture":"#0","cullface":"down"}}},{"from":[7.65,-1.40703,10.90002],"to":[8.35,0.74297,11.50002],"rotation":{"angle":22.5,"axis":"x","origin":[8,-0.191,11.21432]},"faces":{"north":{"uv":[9.33333,11.88889,10.33333,11.55556],"rotation":270,"texture":"#0","cullface":"down"},"east":{"uv":[13.88889,0.66667,12.88889,0.44444],"rotation":90,"texture":"#0","cullface":"down"},"south":{"uv":[11.55556,8.88889,12.55556,9.22222],"rotation":270,"texture":"#0","cullface":"down"},"west":{"uv":[12.88889,0.66667,13.88889,0.44444],"rotation":270,"texture":"#0","cullface":"down"},"down":{"uv":[6.11111,14,5.77778,13.77778],"rotation":180,"texture":"#0","cullface":"down"}}},{"from":[8,-3.194,8.66432],"to":[8,2.206,12.26432],"rotation":{"angle":-22.5,"axis":"x","origin":[8,-0.191,11.21432]},"faces":{"east":{"uv":[10.44444,1.55556,8,0],"rotation":90,"texture":"#0","cullface":"down"},"west":{"uv":[8,3.33333,10.44444,1.77778],"rotation":270,"texture":"#0","cullface":"down"}}},{"from":[7.4555,-6.91886,-1.60623],"to":[8.5445,-5.26886,-0.75623],"rotation":{"angle":-45,"axis":"x","origin":[8,4.68945,8]},"faces":{"north":{"uv":[10.66667,2.66667,11.11111,3.44444],"texture":"#0","cullface":"down"},"east":{"uv":[10.66667,11.55556,11,12.33333],"texture":"#0","cullface":"down"},"south":{"uv":[10.66667,1.77778,11.11111,2.55556],"texture":"#0","cullface":"down"},"west":{"uv":[11,11.55556,10.66667,12.33333],"texture":"#0","cullface":"down"},"up":{"uv":[13.66667,5.77778,13.33333,5.33333],"rotation":90,"texture":"#0","cullface":"down"},"down":{"uv":[6.11111,13.33333,5.77778,13.77778],"rotation":270,"texture":"#0","cullface":"down"}}},{"from":[7.4555,-6.91886,16.75623],"to":[8.5445,-5.26886,17.60623],"rotation":{"angle":45,"axis":"x","origin":[8,4.68945,8]},"faces":{"north":{"uv":[11.11111,1.77778,10.66667,2.55556],"texture":"#0","cullface":"down"},"east":{"uv":[11,11.55556,10.66667,12.33333],"texture":"#0","cullface":"down"},"south":{"uv":[11.11111,2.66667,10.66667,3.44444],"texture":"#0","cullface":"down"},"west":{"uv":[10.66667,11.55556,11,12.33333],"texture":"#0","cullface":"down"},"up":{"uv":[13.33333,5.77778,13.66667,5.33333],"rotation":90,"texture":"#0","cullface":"down"},"down":{"uv":[5.77778,13.33333,6.11111,13.77778],"rotation":270,"texture":"#0","cullface":"down"}}},{"from":[7.5875,-1.00306,0.65177],"to":[8.4125,0.78444,1.61427],"rotation":{"angle":-45,"axis":"x","origin":[8,4.68945,8]},"faces":{"north":{"uv":[9.22222,12.44444,8.88889,13.22222],"texture":"#0","cullface":"down"},"east":{"uv":[12,8,11.55556,8.77778],"texture":"#0","cullface":"down"},"south":{"uv":[9.66667,12.44444,9.33333,13.22222],"texture":"#0","cullface":"down"},"west":{"uv":[11.55556,8,12,8.77778],"texture":"#0","cullface":"down"},"down":{"uv":[13.33333,13.33333,13.77778,13.66667],"rotation":270,"texture":"#0","cullface":"down"}}},{"from":[7.3125,0.64694,0.51427],"to":[8.6875,1.88444,1.75177],"rotation":{"angle":-45,"axis":"x","origin":[8,4.68945,8]},"faces":{"north":{"uv":[10.88889,6.22222,10.22222,6.77778],"texture":"#0","cullface":"down"},"east":{"uv":[12.55556,1.77778,12,2.33333],"texture":"#0","cullface":"down"},"south":{"uv":[10.88889,9.77778,10.22222,10.33333],"texture":"#0","cullface":"down"},"west":{"uv":[12,1.77778,12.55556,2.33333],"texture":"#0","cullface":"down"},"up":{"uv":[10.66667,0.66667,11.22222,0],"rotation":90,"texture":"#0","cullface":"down"},"down":{"uv":[10.66667,0.88889,11.22222,1.55556],"rotation":270,"texture":"#0","cullface":"down"}}},{"from":[7.45,-2.90925,8.01054],"to":[8.55,-1.25925,9.11054],"rotation":{"angle":22.5,"axis":"x","origin":[8,4.68945,8]},"faces":{"north":{"uv":[11.11111,10.66667,10.66667,11.44444],"texture":"#0","cullface":"down"},"east":{"uv":[10.66667,10.66667,10.22222,11.44444],"texture":"#0","cullface":"down"},"south":{"uv":[11.55556,2.66667,11.11111,3.44444],"texture":"#0","cullface":"down"},"west":{"uv":[10.22222,10.66667,10.66667,11.44444],"texture":"#0","cullface":"down"},"up":{"uv":[12.88889,4,13.33333,3.55556],"rotation":90,"texture":"#0","cullface":"down"}}},{"from":[7.4555,-0.80239,10.2862],"to":[8.5445,0.84761,11.3862],"rotation":{"angle":45,"axis":"x","origin":[8,4.68945,8]},"faces":{"north":{"uv":[11.55556,7.11111,11.11111,7.88889],"texture":"#0"},"east":{"uv":[11.55556,6.22222,11.11111,7],"texture":"#0"},"south":{"uv":[11.55556,9.33333,11.11111,10.11111],"texture":"#0","cullface":"down"},"west":{"uv":[11.11111,6.22222,11.55556,7],"texture":"#0"},"up":{"uv":[5.33333,13.33333,5.77778,12.88889],"rotation":90,"texture":"#0"}}},{"from":[7.561,14.11622,5.95822],"to":[8.439,15.81622,6.80822],"rotation":{"angle":22.5,"axis":"x","origin":[8,12.32406,6.10956]},"faces":{"north":{"uv":[10.66667,5.33333,11.44444,5.77778],"rotation":90,"texture":"#0","cullface":"down"},"east":{"uv":[12.77778,6.22222,12,6.55556],"rotation":270,"texture":"#0","cullface":"down"},"south":{"uv":[10.66667,5.33333,11.44444,4.88889],"rotation":90,"texture":"#0","cullface":"down"},"west":{"uv":[12.77778,6.22222,12,6.55556],"rotation":90,"texture":"#0","cullface":"down"}}},{"from":[7.45,14.54093,5.87142],"to":[8.55,15.64093,6.97142],"rotation":{"angle":0,"axis":"x","origin":[8,12.32406,6.10956]},"faces":{"north":{"uv":[12.88889,3.11111,13.33333,3.55556],"rotation":90,"texture":"#0","cullface":"down"},"east":{"uv":[11.11111,8.44444,10.66667,8.88889],"rotation":270,"texture":"#0","cullface":"down"},"south":{"uv":[12.88889,3.11111,13.33333,2.66667],"rotation":90,"texture":"#0","cullface":"down"},"west":{"uv":[10.66667,8.44444,11.11111,8.88889],"rotation":90,"texture":"#0","cullface":"down"},"up":{"uv":[13.33333,1.33333,12.88889,1.77778],"rotation":180,"texture":"#0","cullface":"down"},"down":{"uv":[13.33333,2.22222,12.88889,2.66667],"texture":"#0","cullface":"down"}}},{"from":[7.45,10.1037,7.58208],"to":[8.55,11.4037,8.88208],"rotation":{"angle":22.5,"axis":"x","origin":[8,12.32406,6.10956]},"faces":{"north":{"uv":[12.88889,3.11111,13.33333,3.55556],"rotation":90,"texture":"#0","cullface":"down"},"east":{"uv":[11.11111,8.44444,10.66667,8.88889],"rotation":270,"texture":"#0","cullface":"down"},"south":{"uv":[12.88889,3.11111,13.33333,2.66667],"rotation":90,"texture":"#0","cullface":"down"},"west":{"uv":[10.66667,8.44444,11.11111,8.88889],"rotation":90,"texture":"#0","cullface":"down"},"up":{"uv":[13.33333,1.33333,12.88889,1.77778],"rotation":180,"texture":"#0","cullface":"down"},"down":{"uv":[13.33333,2.22222,12.88889,2.66667],"texture":"#0","cullface":"down"}}},{"from":[7.4,13.55521,7.46126],"to":[8.6,15.40521,9.31126],"rotation":{"angle":0,"axis":"x","origin":[8,12.32406,6.10956]},"faces":{"north":{"uv":[10.66667,6.22222,11.44444,5.77778],"rotation":270,"texture":"#0"},"east":{"uv":[7.88889,8.88889,7.11111,9.66667],"rotation":90,"texture":"#0"},"south":{"uv":[10.66667,8,11.44444,8.44444],"rotation":270,"texture":"#0"},"west":{"uv":[7.11111,8.88889,7.88889,9.66667],"rotation":270,"texture":"#0"},"up":{"uv":[8,10.66667,7.55556,11.44444],"texture":"#0"},"down":{"uv":[7.55556,10.66667,7.11111,11.44444],"rotation":180,"texture":"#0"}}},{"from":[7.5,11.31382,8.31906],"to":[8.5,13.16382,10.16906],"rotation":{"angle":-45,"axis":"x","origin":[8,12.32406,6.10956]},"faces":{"east":{"uv":[7.88889,9.77778,7.11111,10.55556],"rotation":90,"texture":"#0"},"west":{"uv":[7.11111,9.77778,7.88889,10.55556],"rotation":270,"texture":"#0"}}},{"from":[7.561,12.98852,7.15774],"to":[8.439,15.18852,8.15774],"rotation":{"angle":22.5,"axis":"x","origin":[8,12.32406,6.10956]},"faces":{"north":{"uv":[8.88889,10.22222,9.88889,9.77778],"rotation":270,"texture":"#0"},"east":{"uv":[10.77778,7.11111,9.77778,7.55556],"rotation":90,"texture":"#0"},"south":{"uv":[9.77778,8.88889,10.77778,9.33333],"rotation":270,"texture":"#0","cullface":"down"},"west":{"uv":[10.77778,7.11111,9.77778,7.55556],"rotation":270,"texture":"#0"}}},{"from":[7.95,13.03776,1.23231],"to":[8.05,16.63776,6.63231],"rotation":{"angle":0,"axis":"x","origin":[8,12.32406,6.10956]},"faces":{"east":{"uv":[10.44444,0,8,1.55556],"texture":"#0","cullface":"down"},"west":{"uv":[8,1.77778,10.44444,3.33333],"texture":"#0","cullface":"down"}}},{"from":[8,12.76622,2.51095],"to":[8,17.16622,6.11095],"rotation":{"angle":22.5,"axis":"x","origin":[8,12.32406,6.10956]},"faces":{"east":{"uv":[10,3.55556,8,5.11111],"rotation":270,"texture":"#0","cullface":"down"},"west":{"uv":[10,3.55556,8,5.11111],"rotation":90,"texture":"#0","cullface":"down"}}},{"from":[7.5555,13.09728,6.22085],"to":[8.4445,13.94728,7.87085],"rotation":{"angle":-22.5,"axis":"x","origin":[8,12.32406,6.10956]},"faces":{"north":{"uv":[6.11111,13.33333,5.77778,13.77778],"rotation":90,"texture":"#0","cullface":"down"},"east":{"uv":[10.66667,11.55556,11,12.33333],"rotation":270,"texture":"#0","cullface":"down"},"south":{"uv":[13.66667,5.77778,13.33333,5.33333],"rotation":90,"texture":"#0","cullface":"down"},"west":{"uv":[11,11.55556,10.66667,12.33333],"rotation":90,"texture":"#0","cullface":"down"},"up":{"uv":[10.66667,2.66667,11.11111,3.44444],"rotation":180,"texture":"#0","cullface":"down"},"down":{"uv":[10.66667,1.77778,11.11111,2.55556],"texture":"#0","cullface":"down"}}},{"from":[7.555,9.66459,5.8594],"to":[8.445,10.51459,7.5094],"rotation":{"angle":-45,"axis":"x","origin":[8,12.32406,6.10956]},"faces":{"north":{"uv":[13.33333,5.33333,13.66667,5.77778],"rotation":90,"texture":"#0","cullface":"down"},"east":{"uv":[11,12.33333,10.66667,11.55556],"rotation":270,"texture":"#0","cullface":"down"},"south":{"uv":[5.77778,13.77778,6.11111,13.33333],"rotation":90,"texture":"#0","cullface":"down"},"west":{"uv":[10.66667,12.33333,11,11.55556],"rotation":90,"texture":"#0","cullface":"down"},"up":{"uv":[11.11111,2.55556,10.66667,1.77778],"rotation":180,"texture":"#0","cullface":"down"},"down":{"uv":[11.11111,3.44444,10.66667,2.66667],"texture":"#0","cullface":"down"}}},{"from":[7.5555,10.40273,7.32058],"to":[8.4445,12.05273,8.42058],"rotation":{"angle":-22.5,"axis":"x","origin":[8,12.32406,6.10956]},"faces":{"north":{"uv":[11.55556,7.11111,11.11111,7.88889],"texture":"#0"},"east":{"uv":[11.55556,6.22222,11.11111,7],"texture":"#0"},"south":{"uv":[11.55556,9.33333,11.11111,10.11111],"texture":"#0","cullface":"down"},"west":{"uv":[11.11111,6.22222,11.55556,7],"texture":"#0"},"up":{"uv":[5.33333,13.33333,5.77778,12.88889],"rotation":90,"texture":"#0"}}},{"from":[7.693,14.51868,3.83115],"to":[8.307,15.36868,4.98115],"rotation":{"angle":22.5,"axis":"x","origin":[8,12.32406,6.10956]},"faces":{"north":{"uv":[14.11111,3.55556,13.77778,3.88889],"texture":"#0","cullface":"down"},"east":{"uv":[13.44444,9.77778,12.88889,10.11111],"texture":"#0","cullface":"down"},"west":{"uv":[12.88889,9.77778,13.44444,10.11111],"texture":"#0","cullface":"down"},"up":{"uv":[12.88889,13.22222,13.44444,12.88889],"rotation":90,"texture":"#0","cullface":"down"},"down":{"uv":[13.33333,1.33333,13.88889,1.66667],"rotation":270,"texture":"#0","cullface":"down"}}},{"from":[7.6985,15.26888,7.26523],"to":[8.3015,16.41888,8.11523],"rotation":{"angle":-45,"axis":"x","origin":[8,12.32406,6.10956]},"faces":{"north":{"uv":[10.55556,12.88889,10.22222,13.44444],"texture":"#0","cullface":"down"},"east":{"uv":[13.22222,8.88889,12.88889,9.44444],"texture":"#0","cullface":"down"},"south":{"uv":[13.22222,10.66667,12.88889,11.22222],"texture":"#0","cullface":"down"},"west":{"uv":[12.88889,8.88889,13.22222,9.44444],"texture":"#0","cullface":"down"},"up":{"uv":[3.11111,14.11111,3.44444,13.77778],"rotation":90,"texture":"#0","cullface":"down"}}},{"from":[7.75,15.64283,5.87601],"to":[8.25,16.24283,8.02601],"rotation":{"angle":-45,"axis":"x","origin":[8,12.32406,6.10956]},"faces":{"north":{"uv":[6.11111,13.77778,5.77778,14],"texture":"#0","cullface":"down"},"east":{"uv":[13.88889,0.44444,12.88889,0.66667],"texture":"#0","cullface":"down"},"west":{"uv":[12.88889,0.44444,13.88889,0.66667],"texture":"#0","cullface":"down"},"up":{"uv":[11.55556,9.22222,12.55556,8.88889],"rotation":90,"texture":"#0","cullface":"down"},"down":{"uv":[9.33333,11.55556,10.33333,11.88889],"rotation":270,"texture":"#0","cullface":"down"}}},{"from":[7.7,16.03776,1.23231],"to":[8.3,16.63776,4.63231],"rotation":{"angle":0,"axis":"x","origin":[8,12.32406,6.10956]},"faces":{"north":{"uv":[14.11111,4.88889,13.77778,5.11111],"texture":"#0","cullface":"down"},"east":{"uv":[13.11111,4.44444,11.55556,4.66667],"texture":"#0","cullface":"down"},"west":{"uv":[11.55556,4.44444,13.11111,4.66667],"texture":"#0","cullface":"down"},"up":{"uv":[8.88889,8.33333,10.44444,8],"rotation":90,"texture":"#0","cullface":"down"},"down":{"uv":[8.88889,8.44444,10.44444,8.77778],"rotation":270,"texture":"#0","cullface":"down"}}}],"gui_light":"front","display":{"thirdperson_righthand":{"translation":[0,9.75,0.75],"scale":[0.8,0.8,0.8]},"thirdperson_lefthand":{"translation":[0,9.75,0.75],"scale":[0.8,0.8,0.8]},"firstperson_righthand":{"rotation":[-17.75,0,3.25],"translation":[15.25,4.75,-14.25]},"firstperson_lefthand":{"rotation":[-17.75,0,3.25],"translation":[15.25,4.75,-14.25]},"ground":{"rotation":[0,0,69],"translation":[0,1.75,0],"scale":[0.6,0.6,0.6]},"gui":{"rotation":[-90,45,90],"translation":[-0.75,1,0],"scale":[0.53,0.53,0.53]},"head":{"rotation":[0,90,0],"scale":[0.01,0.01,0.01]},"fixed":{"rotation":[0,-90,0],"translation":[0,0,-0.5]}}}