{
	"credit": "MadebyPolygonMC",
	"texture_size": [28, 28],
	"textures": {
		"1": "valerieset:animations/animation_2",
		"2": "valerieset:shield",
		"3": "valerieset:animations/animation_1",
		"particle": "valerieset:shield"
	},
	"elements": [
		{
			"from": [10.01986, 4.84014, 7.43],
			"to": [11.15986, 5.98014, 8.57],
			"rotation": {"angle": -45, "axis": "z", "origin": [8, 8, 8]},
			"faces": {
				"north": {"uv": [0, 12.57143, 0.71429, 13.28571], "texture": "#2"},
				"east": {"uv": [9.71429, 12, 10.42857, 12.71429], "texture": "#2"},
				"south": {"uv": [10.85714, 12, 11.57143, 12.71429], "texture": "#2"},
				"west": {"uv": [12, 11.42857, 12.71429, 12.14286], "texture": "#2"},
				"up": {"uv": [13.28571, 0.71429, 12.57143, 0], "rotation": 90, "texture": "#2"},
				"down": {"uv": [13.28571, 1.71429, 12.57143, 2.42857], "rotation": 270, "texture": "#2"}
			}
		},
		{
			"from": [6.08465, 6.91535, 7.15],
			"to": [9.08465, 9.91535, 8.85],
			"rotation": {"angle": -45, "axis": "z", "origin": [8, 8, 8]},
			"faces": {
				"north": {"uv": [1.71429, 8, 3.42857, 9.71429], "texture": "#2"},
				"east": {"uv": [5.14286, 8, 6.14286, 9.71429], "texture": "#2"},
				"south": {"uv": [0, 8, 1.71429, 9.71429], "texture": "#2"},
				"west": {"uv": [8.57143, 9.71429, 9.57143, 11.42857], "texture": "#2"},
				"up": {"uv": [10.71429, 11.42857, 9.71429, 9.71429], "rotation": 90, "texture": "#2"},
				"down": {"uv": [11.28571, 5.14286, 10.28571, 6.85714], "rotation": 270, "texture": "#2"}
			}
		},
		{
			"from": [6.58465, 7.41535, 6.8],
			"to": [8.58465, 9.41535, 9.2],
			"rotation": {"angle": -45, "axis": "z", "origin": [8, 8, 8]},
			"faces": {
				"north": {"uv": [11.42857, 0, 12.57143, 1.14286], "texture": "#2"},
				"east": {"uv": [10.28571, 6.85714, 11.71429, 8], "texture": "#2"},
				"south": {"uv": [0, 11.42857, 1.14286, 12.57143], "texture": "#2"},
				"west": {"uv": [10.28571, 8, 11.71429, 9.14286], "texture": "#2"},
				"up": {"uv": [12.28571, 10.28571, 10.85714, 9.14286], "rotation": 90, "texture": "#2"},
				"down": {"uv": [12.28571, 10.28571, 10.85714, 11.42857], "rotation": 270, "texture": "#2"}
			}
		},
		{
			"from": [5.79053, 5.07778, 7.75],
			"to": [7.79053, 6.07778, 8.25],
			"rotation": {"angle": 45, "axis": "z", "origin": [8, 8, 8]},
			"faces": {
				"north": {"uv": [9.71429, 11.42857, 10.85714, 12], "texture": "#2"},
				"east": {"uv": [13.14286, 5.71429, 13.42857, 6.28571], "texture": "#2"},
				"south": {"uv": [8.57143, 11.42857, 9.71429, 12], "texture": "#2"},
				"west": {"uv": [9.71429, 13.14286, 10, 13.71429], "texture": "#2"},
				"up": {"uv": [12.85714, 10.28571, 12.57143, 9.14286], "rotation": 90, "texture": "#2"},
				"down": {"uv": [12.85714, 10.28571, 12.57143, 11.42857], "rotation": 270, "texture": "#2"}
			}
		},
		{
			"from": [9.2082, 5.78557, 7.755],
			"to": [9.9182, 8.78557, 8.245],
			"rotation": {"angle": 0, "axis": "x", "origin": [8, 8, 8]},
			"faces": {
				"north": {"uv": [8, 11.42857, 8.42857, 13.14286], "texture": "#2"},
				"east": {"uv": [12.57143, 2.85714, 12.85714, 4.57143], "texture": "#2"},
				"south": {"uv": [7.42857, 11.42857, 7.85714, 13.14286], "texture": "#2"},
				"west": {"uv": [12.57143, 4.57143, 12.85714, 6.28571], "texture": "#2"},
				"up": {"uv": [14, 5, 13.71429, 4.57143], "rotation": 90, "texture": "#2"},
				"down": {"uv": [14, 5.14286, 13.71429, 5.57143], "rotation": 270, "texture": "#2"}
			}
		},
		{
			"from": [8.51344, 5.79825, 7.76],
			"to": [9.76344, 6.79825, 8.24],
			"rotation": {"angle": 45, "axis": "z", "origin": [8, 8, 8]},
			"faces": {
				"north": {"uv": [12.57143, 8, 13.28571, 8.57143], "texture": "#2"},
				"east": {"uv": [13.14286, 9.71429, 13.42857, 10.28571], "texture": "#2"},
				"south": {"uv": [12.57143, 7.42857, 13.28571, 8], "texture": "#2"},
				"west": {"uv": [10.28571, 13.14286, 10.57143, 13.71429], "texture": "#2"},
				"up": {"uv": [6, 13.85714, 5.71429, 13.14286], "rotation": 90, "texture": "#2"},
				"down": {"uv": [6.57143, 13.14286, 6.28571, 13.85714], "rotation": 270, "texture": "#2"}
			}
		},
		{
			"from": [9.784, 8.78664, 7.765],
			"to": [10.709, 10.03664, 8.235],
			"rotation": {"angle": -22.5, "axis": "z", "origin": [8, 8, 8]},
			"faces": {
				"north": {"uv": [9.14286, 12.57143, 9.71429, 13.28571], "texture": "#2"},
				"east": {"uv": [6.85714, 13.14286, 7.14286, 13.85714], "texture": "#2"},
				"south": {"uv": [8.57143, 12.57143, 9.14286, 13.28571], "texture": "#2"},
				"west": {"uv": [7.42857, 13.14286, 7.71429, 13.85714], "texture": "#2"},
				"up": {"uv": [13.42857, 10.85714, 13.14286, 10.28571], "rotation": 90, "texture": "#2"},
				"down": {"uv": [11.14286, 13.14286, 10.85714, 13.71429], "rotation": 270, "texture": "#2"}
			}
		},
		{
			"from": [10.42217, 8.84492, 7.77],
			"to": [11.28217, 10.09492, 8.23],
			"rotation": {"angle": 0, "axis": "x", "origin": [8, 8, 8]},
			"faces": {
				"north": {"uv": [4.57143, 13.14286, 5, 13.85714], "texture": "#2"},
				"east": {"uv": [8, 13.14286, 8.28571, 13.85714], "texture": "#2"},
				"south": {"uv": [4, 13.14286, 4.42857, 13.85714], "texture": "#2"},
				"west": {"uv": [13.14286, 8.57143, 13.42857, 9.28571], "texture": "#2"},
				"up": {"uv": [14, 6.14286, 13.71429, 5.71429], "rotation": 90, "texture": "#2"},
				"down": {"uv": [14, 6.28571, 13.71429, 6.71429], "rotation": 270, "texture": "#2"}
			}
		},
		{
			"from": [11.28217, 9.09492, 7.77],
			"to": [12.78217, 10.09492, 8.23],
			"rotation": {"angle": 0, "axis": "x", "origin": [8, 8, 8]},
			"faces": {
				"north": {"uv": [12.57143, 6.85714, 13.42857, 7.42857], "texture": "#2"},
				"east": {"uv": [13.14286, 10.85714, 13.42857, 11.42857], "texture": "#2"},
				"south": {"uv": [12.57143, 6.28571, 13.42857, 6.85714], "texture": "#2"},
				"west": {"uv": [11.42857, 13.14286, 11.71429, 13.71429], "texture": "#2"},
				"up": {"uv": [13.42857, 5.42857, 13.14286, 4.57143], "rotation": 90, "texture": "#2"},
				"down": {"uv": [5.42857, 13.14286, 5.14286, 14], "rotation": 270, "texture": "#2"}
			}
		},
		{
			"from": [8.20947, 5.07778, 7.75],
			"to": [10.20947, 6.07778, 8.25],
			"rotation": {"angle": -45, "axis": "z", "origin": [8, 8, 8]},
			"faces": {
				"north": {"uv": [10.85714, 11.42857, 9.71429, 12], "texture": "#2"},
				"east": {"uv": [10, 13.14286, 9.71429, 13.71429], "texture": "#2"},
				"south": {"uv": [9.71429, 11.42857, 8.57143, 12], "texture": "#2"},
				"west": {"uv": [13.42857, 5.71429, 13.14286, 6.28571], "texture": "#2"},
				"up": {"uv": [12.85714, 9.14286, 12.57143, 10.28571], "rotation": 90, "texture": "#2"},
				"down": {"uv": [12.85714, 11.42857, 12.57143, 10.28571], "rotation": 270, "texture": "#2"}
			}
		},
		{
			"from": [6.0818, 5.78557, 7.755],
			"to": [6.7918, 8.78557, 8.245],
			"rotation": {"angle": 0, "axis": "x", "origin": [8, 8, 8]},
			"faces": {
				"north": {"uv": [8.42857, 11.42857, 8, 13.14286], "texture": "#2"},
				"east": {"uv": [12.85714, 4.57143, 12.57143, 6.28571], "texture": "#2"},
				"south": {"uv": [7.85714, 11.42857, 7.42857, 13.14286], "texture": "#2"},
				"west": {"uv": [12.85714, 2.85714, 12.57143, 4.57143], "texture": "#2"},
				"up": {"uv": [14, 4.57143, 13.71429, 5], "rotation": 90, "texture": "#2"},
				"down": {"uv": [14, 5.57143, 13.71429, 5.14286], "rotation": 270, "texture": "#2"}
			}
		},
		{
			"from": [6.23656, 5.79825, 7.76],
			"to": [7.48656, 6.79825, 8.24],
			"rotation": {"angle": -45, "axis": "z", "origin": [8, 8, 8]},
			"faces": {
				"north": {"uv": [13.28571, 8, 12.57143, 8.57143], "texture": "#2"},
				"east": {"uv": [10.57143, 13.14286, 10.28571, 13.71429], "texture": "#2"},
				"south": {"uv": [13.28571, 7.42857, 12.57143, 8], "texture": "#2"},
				"west": {"uv": [13.42857, 9.71429, 13.14286, 10.28571], "texture": "#2"},
				"up": {"uv": [6, 13.14286, 5.71429, 13.85714], "rotation": 90, "texture": "#2"},
				"down": {"uv": [6.57143, 13.85714, 6.28571, 13.14286], "rotation": 270, "texture": "#2"}
			}
		},
		{
			"from": [5.291, 8.78664, 7.765],
			"to": [6.216, 10.03664, 8.235],
			"rotation": {"angle": 22.5, "axis": "z", "origin": [8, 8, 8]},
			"faces": {
				"north": {"uv": [9.71429, 12.57143, 9.14286, 13.28571], "texture": "#2"},
				"east": {"uv": [7.71429, 13.14286, 7.42857, 13.85714], "texture": "#2"},
				"south": {"uv": [9.14286, 12.57143, 8.57143, 13.28571], "texture": "#2"},
				"west": {"uv": [7.14286, 13.14286, 6.85714, 13.85714], "texture": "#2"},
				"up": {"uv": [13.42857, 10.28571, 13.14286, 10.85714], "rotation": 90, "texture": "#2"},
				"down": {"uv": [11.14286, 13.71429, 10.85714, 13.14286], "rotation": 270, "texture": "#2"}
			}
		},
		{
			"from": [4.71783, 8.84492, 7.77],
			"to": [5.57783, 10.09492, 8.23],
			"rotation": {"angle": 0, "axis": "x", "origin": [8, 8, 8]},
			"faces": {
				"north": {"uv": [5, 13.14286, 4.57143, 13.85714], "texture": "#2"},
				"east": {"uv": [13.42857, 8.57143, 13.14286, 9.28571], "texture": "#2"},
				"south": {"uv": [4.42857, 13.14286, 4, 13.85714], "texture": "#2"},
				"west": {"uv": [8.28571, 13.14286, 8, 13.85714], "texture": "#2"},
				"up": {"uv": [14, 5.71429, 13.71429, 6.14286], "rotation": 90, "texture": "#2"},
				"down": {"uv": [14, 6.71429, 13.71429, 6.28571], "rotation": 270, "texture": "#2"}
			}
		},
		{
			"from": [3.21783, 9.09492, 7.77],
			"to": [4.71783, 10.09492, 8.23],
			"rotation": {"angle": 0, "axis": "x", "origin": [8, 8, 8]},
			"faces": {
				"north": {"uv": [13.42857, 6.85714, 12.57143, 7.42857], "texture": "#2"},
				"east": {"uv": [11.71429, 13.14286, 11.42857, 13.71429], "texture": "#2"},
				"south": {"uv": [13.42857, 6.28571, 12.57143, 6.85714], "texture": "#2"},
				"west": {"uv": [13.42857, 10.85714, 13.14286, 11.42857], "texture": "#2"},
				"up": {"uv": [13.42857, 4.57143, 13.14286, 5.42857], "rotation": 90, "texture": "#2"},
				"down": {"uv": [5.42857, 14, 5.14286, 13.14286], "rotation": 270, "texture": "#2"}
			}
		},
		{
			"from": [5.85469, 5.85469, 7.5],
			"to": [8.85469, 8.85469, 8.5],
			"rotation": {"angle": 45, "axis": "z", "origin": [8, 8, 8]},
			"faces": {
				"north": {"uv": [0, 9.71429, 1.71429, 11.42857], "texture": "#2"},
				"east": {"uv": [1.71429, 11.42857, 2.28571, 13.14286], "texture": "#2"},
				"south": {"uv": [0, 9.71429, 1.71429, 11.42857], "rotation": 90, "texture": "#2"},
				"west": {"uv": [2.28571, 11.42857, 2.85714, 13.14286], "texture": "#2"},
				"up": {"uv": [3.42857, 13.14286, 2.85714, 11.42857], "rotation": 90, "texture": "#2"},
				"down": {"uv": [4, 11.42857, 3.42857, 13.14286], "rotation": 270, "texture": "#2"}
			}
		},
		{
			"from": [-0.15685, 10.15685, 7.5],
			"to": [2.84315, 13.15685, 8.5],
			"rotation": {"angle": -45, "axis": "z", "origin": [8, 5, 8]},
			"faces": {
				"north": {"uv": [3.42857, 9.71429, 5.14286, 11.42857], "texture": "#2"},
				"east": {"uv": [11.42857, 3.42857, 12, 5.14286], "texture": "#2"},
				"south": {"uv": [1.71429, 9.71429, 3.42857, 11.42857], "texture": "#2"},
				"west": {"uv": [4, 11.42857, 4.57143, 13.14286], "texture": "#2"},
				"up": {"uv": [5.14286, 13.14286, 4.57143, 11.42857], "rotation": 90, "texture": "#2"},
				"down": {"uv": [5.71429, 11.42857, 5.14286, 13.14286], "rotation": 270, "texture": "#2"}
			}
		},
		{
			"from": [5.25736, 9.74264, 7.76],
			"to": [6.25736, 10.74264, 8.24],
			"rotation": {"angle": -45, "axis": "z", "origin": [8, 5, 8]},
			"faces": {
				"north": {"uv": [13.14286, 1.14286, 13.71429, 1.71429], "texture": "#2"},
				"east": {"uv": [0, 13.71429, 0.28571, 14.28571], "texture": "#2"},
				"south": {"uv": [13.71429, 1.14286, 13.14286, 1.71429], "texture": "#2"},
				"west": {"uv": [13.71429, 0, 14, 0.57143], "texture": "#2"},
				"up": {"uv": [0.85714, 14.28571, 0.57143, 13.71429], "rotation": 90, "texture": "#2"},
				"down": {"uv": [14, 0.57143, 13.71429, 1.14286], "rotation": 270, "texture": "#2"}
			}
		},
		{
			"from": [9.82843, 10.29289, 7.755],
			"to": [10.82843, 12.29289, 8.245],
			"rotation": {"angle": 0, "axis": "x", "origin": [8, 5, 8]},
			"faces": {
				"north": {"uv": [12, 2.85714, 12.57143, 4], "texture": "#2"},
				"east": {"uv": [1.71429, 13.14286, 2, 14.28571], "texture": "#2"},
				"south": {"uv": [12.57143, 2.85714, 12, 4], "texture": "#2"},
				"west": {"uv": [2.28571, 13.14286, 2.57143, 14.28571], "texture": "#2"},
				"up": {"uv": [13.42857, 13.14286, 13.14286, 12.57143], "rotation": 90, "texture": "#2"},
				"down": {"uv": [13.42857, 13.14286, 13.14286, 13.71429], "rotation": 270, "texture": "#2"}
			}
		},
		{
			"from": [2.84315, 11.15685, 7.75],
			"to": [4.84315, 12.15685, 8.25],
			"rotation": {"angle": -45, "axis": "z", "origin": [8, 5, 8]},
			"faces": {
				"north": {"uv": [12, 1.14286, 13.14286, 1.71429], "texture": "#2"},
				"east": {"uv": [13.14286, 11.42857, 13.42857, 12], "texture": "#2"},
				"south": {"uv": [12, 1.14286, 13.14286, 1.71429], "texture": "#2"},
				"west": {"uv": [13.14286, 12, 13.42857, 12.57143], "texture": "#2"},
				"up": {"uv": [12.28571, 13.71429, 12, 12.57143], "rotation": 90, "texture": "#2"},
				"down": {"uv": [12.85714, 12.57143, 12.57143, 13.71429], "rotation": 270, "texture": "#2"}
			}
		},
		{
			"from": [11.15685, 11.15685, 7.75],
			"to": [13.15685, 12.15685, 8.25],
			"rotation": {"angle": 45, "axis": "z", "origin": [8, 5, 8]},
			"faces": {
				"north": {"uv": [13.14286, 1.14286, 12, 1.71429], "texture": "#2"},
				"east": {"uv": [13.42857, 12, 13.14286, 12.57143], "texture": "#2"},
				"south": {"uv": [13.14286, 1.14286, 12, 1.71429], "texture": "#2"},
				"west": {"uv": [13.42857, 11.42857, 13.14286, 12], "texture": "#2"},
				"up": {"uv": [12.28571, 12.57143, 12, 13.71429], "rotation": 90, "texture": "#2"},
				"down": {"uv": [12.85714, 13.71429, 12.57143, 12.57143], "rotation": 270, "texture": "#2"}
			}
		},
		{
			"from": [5.17157, 10.29289, 7.755],
			"to": [6.17157, 12.29289, 8.245],
			"rotation": {"angle": 0, "axis": "x", "origin": [8, 5, 8]},
			"faces": {
				"north": {"uv": [12.57143, 2.85714, 12, 4], "texture": "#2"},
				"east": {"uv": [2.57143, 13.14286, 2.28571, 14.28571], "texture": "#2"},
				"south": {"uv": [12, 2.85714, 12.57143, 4], "texture": "#2"},
				"west": {"uv": [2, 13.14286, 1.71429, 14.28571], "texture": "#2"},
				"up": {"uv": [13.42857, 12.57143, 13.14286, 13.14286], "rotation": 90, "texture": "#2"},
				"down": {"uv": [13.42857, 13.71429, 13.14286, 13.14286], "rotation": 270, "texture": "#2"}
			}
		},
		{
			"from": [9.74264, 9.74264, 7.76],
			"to": [10.74264, 10.74264, 8.24],
			"rotation": {"angle": 45, "axis": "z", "origin": [8, 5, 8]},
			"faces": {
				"north": {"uv": [13.71429, 1.14286, 13.14286, 1.71429], "texture": "#2"},
				"east": {"uv": [14, 0, 13.71429, 0.57143], "texture": "#2"},
				"south": {"uv": [13.14286, 1.14286, 13.71429, 1.71429], "texture": "#2"},
				"west": {"uv": [0.28571, 13.71429, 0, 14.28571], "texture": "#2"},
				"up": {"uv": [0.85714, 13.71429, 0.57143, 14.28571], "rotation": 90, "texture": "#2"},
				"down": {"uv": [14, 1.14286, 13.71429, 0.57143], "rotation": 270, "texture": "#2"}
			}
		},
		{
			"from": [-0.15685, 1.59315, 7.5],
			"to": [2.84315, 4.59315, 8.5],
			"rotation": {"angle": 45, "axis": "z", "origin": [8, 9.75, 8]},
			"faces": {
				"north": {"uv": [6.85714, 9.71429, 8.57143, 11.42857], "texture": "#2"},
				"east": {"uv": [11.42857, 5.14286, 12, 6.85714], "texture": "#2"},
				"south": {"uv": [6.85714, 9.71429, 8.57143, 11.42857], "rotation": 90, "texture": "#2"},
				"west": {"uv": [5.71429, 11.42857, 6.28571, 13.14286], "texture": "#2"},
				"up": {"uv": [6.85714, 13.14286, 6.28571, 11.42857], "rotation": 90, "texture": "#2"},
				"down": {"uv": [7.42857, 11.42857, 6.85714, 13.14286], "rotation": 270, "texture": "#2"}
			}
		},
		{
			"from": [2.84315, 1.59315, 7.75],
			"to": [4.84315, 2.59315, 8.25],
			"rotation": {"angle": 45, "axis": "z", "origin": [8, 9.75, 8]},
			"faces": {
				"north": {"uv": [12, 8.57143, 13.14286, 9.14286], "texture": "#2"},
				"east": {"uv": [13.71429, 3.42857, 14, 4], "texture": "#2"},
				"south": {"uv": [13.14286, 8.57143, 12, 9.14286], "texture": "#2"},
				"west": {"uv": [13.71429, 4, 14, 4.57143], "texture": "#2"},
				"up": {"uv": [3.71429, 14.28571, 3.42857, 13.14286], "rotation": 90, "texture": "#2"},
				"down": {"uv": [13.42857, 3.42857, 13.14286, 4.57143], "rotation": 270, "texture": "#2"}
			}
		},
		{
			"from": [10.53553, 1.75, 7.755],
			"to": [11.53553, 5.75, 8.245],
			"rotation": {"angle": 0, "axis": "x", "origin": [8, 9.75, 8]},
			"faces": {
				"north": {"uv": [11.42857, 1.14286, 12, 3.42857], "texture": "#2"},
				"east": {"uv": [12, 4, 12.28571, 6.28571], "texture": "#2"},
				"south": {"uv": [12, 1.14286, 11.42857, 3.42857], "texture": "#2"},
				"west": {"uv": [12, 6.28571, 12.28571, 8.57143], "texture": "#2"},
				"up": {"uv": [3.14286, 14.28571, 2.85714, 13.71429], "rotation": 90, "texture": "#2"},
				"down": {"uv": [14, 2.85714, 13.71429, 3.42857], "rotation": 270, "texture": "#2"}
			}
		},
		{
			"from": [6.67157, 4.42157, 7.76],
			"to": [7.67157, 5.42157, 8.24],
			"rotation": {"angle": 45, "axis": "z", "origin": [8, 9.75, 8]},
			"faces": {
				"north": {"uv": [13.14286, 2.85714, 13.71429, 3.42857], "texture": "#2"},
				"east": {"uv": [1.14286, 13.71429, 1.42857, 14.28571], "texture": "#2"},
				"south": {"uv": [13.71429, 2.85714, 13.14286, 3.42857], "texture": "#2"},
				"west": {"uv": [13.71429, 1.14286, 14, 1.71429], "texture": "#2"},
				"up": {"uv": [14, 2.28571, 13.71429, 1.71429], "rotation": 90, "texture": "#2"},
				"down": {"uv": [14, 2.28571, 13.71429, 2.85714], "rotation": 270, "texture": "#2"}
			}
		},
		{
			"from": [8.32843, 4.42157, 7.76],
			"to": [9.32843, 5.42157, 8.24],
			"rotation": {"angle": -45, "axis": "z", "origin": [8, 9.75, 8]},
			"faces": {
				"north": {"uv": [13.71429, 2.85714, 13.14286, 3.42857], "texture": "#2"},
				"east": {"uv": [14, 1.14286, 13.71429, 1.71429], "texture": "#2"},
				"south": {"uv": [13.14286, 2.85714, 13.71429, 3.42857], "texture": "#2"},
				"west": {"uv": [1.42857, 13.71429, 1.14286, 14.28571], "texture": "#2"},
				"up": {"uv": [14, 1.71429, 13.71429, 2.28571], "rotation": 90, "texture": "#2"},
				"down": {"uv": [14, 2.85714, 13.71429, 2.28571], "rotation": 270, "texture": "#2"}
			}
		},
		{
			"from": [4.46447, 1.75, 7.755],
			"to": [5.46447, 5.75, 8.245],
			"rotation": {"angle": 0, "axis": "x", "origin": [8, 9.75, 8]},
			"faces": {
				"north": {"uv": [12, 1.14286, 11.42857, 3.42857], "texture": "#2"},
				"east": {"uv": [12.28571, 6.28571, 12, 8.57143], "texture": "#2"},
				"south": {"uv": [11.42857, 1.14286, 12, 3.42857], "texture": "#2"},
				"west": {"uv": [12.28571, 4, 12, 6.28571], "texture": "#2"},
				"up": {"uv": [3.14286, 13.71429, 2.85714, 14.28571], "rotation": 90, "texture": "#2"},
				"down": {"uv": [14, 3.42857, 13.71429, 2.85714], "rotation": 270, "texture": "#2"}
			}
		},
		{
			"from": [11.15685, 1.59315, 7.75],
			"to": [13.15685, 2.59315, 8.25],
			"rotation": {"angle": -45, "axis": "z", "origin": [8, 9.75, 8]},
			"faces": {
				"north": {"uv": [13.14286, 8.57143, 12, 9.14286], "texture": "#2"},
				"east": {"uv": [14, 4, 13.71429, 4.57143], "texture": "#2"},
				"south": {"uv": [12, 8.57143, 13.14286, 9.14286], "texture": "#2"},
				"west": {"uv": [14, 3.42857, 13.71429, 4], "texture": "#2"},
				"up": {"uv": [3.71429, 13.14286, 3.42857, 14.28571], "rotation": 90, "texture": "#2"},
				"down": {"uv": [13.42857, 4.57143, 13.14286, 3.42857], "rotation": 270, "texture": "#2"}
			}
		},
		{
			"from": [2.5, -5.5, 7.975],
			"to": [13.5, 8.5, 8.025],
			"rotation": {"angle": 0, "axis": "x", "origin": [8, 9.75, 7.975]},
			"faces": {
				"north": {"uv": [0, 0, 6.28571, 8], "texture": "#2"},
				"south": {"uv": [6.28571, 0, 0, 8], "texture": "#2"}
			}
		},
		{
			"from": [-1.09619, 6.09619, 7.975],
			"to": [7.90381, 15.09619, 8.025],
			"rotation": {"angle": -45, "axis": "z", "origin": [8, 6, 7.975]},
			"faces": {
				"north": {"uv": [6.28571, 0, 11.42857, 5.14286], "texture": "#2"},
				"south": {"uv": [6.28571, 0, 11.42857, 5.14286], "rotation": 270, "texture": "#2"}
			}
		},
		{
			"from": [8.7, -1.35, 7.6],
			"to": [13.7, 10.65, 7.65],
			"rotation": {"angle": -22.5, "axis": "z", "origin": [11.2, 4.65, 7.6]},
			"faces": {
				"north": {"uv": [6.14286, 0, 0, 16], "texture": "#1"},
				"south": {"uv": [0, 0, 6.14286, 16], "texture": "#1"}
			}
		},
		{
			"from": [2.3, -1.35, 7.6],
			"to": [7.3, 10.65, 7.65],
			"rotation": {"angle": 22.5, "axis": "z", "origin": [4.8, 4.65, 7.6]},
			"faces": {
				"north": {"uv": [0, 0, 6.14286, 16], "texture": "#1"},
				"south": {"uv": [6.14286, 0, 0, 16], "texture": "#1"}
			}
		},
		{
			"from": [4.625, 7.45, 6.925],
			"to": [11.375, 14.2, 6.975],
			"rotation": {"angle": 0, "axis": "y", "origin": [8, 10.825, 6.925]},
			"faces": {
				"north": {"uv": [0, 0, 16, 16], "texture": "#3"},
				"south": {"uv": [16, 0, 0, 16], "texture": "#3"}
			}
		}
	],
	"gui_light": "front",
	"display": {
		"thirdperson_righthand": {
			"rotation": [45, -35, 0],
			"translation": [2, 0.5, -1.25]
		},
		"thirdperson_lefthand": {
			"rotation": [45, -35, 0],
			"translation": [2, 0.5, -1.25]
		},
		"firstperson_righthand": {
			"rotation": [0, 0, 10],
			"translation": [-8.25, 3.5, 4.5]
		},
		"firstperson_lefthand": {
			"rotation": [0, 0, 10],
			"translation": [-8.25, 3.5, 4.5]
		},
		"ground": {
			"translation": [0, 13, 0]
		},
		"gui": {
			"rotation": [0, 0, 45],
			"translation": [-1.5, 1.5, 0],
			"scale": [0.8418, 0.8418, 0.8418]
		},
		"head": {
			"scale": [0, 0, 0]
		},
		"fixed": {
			"translation": [0, 6, -2],
			"scale": [2, 2, 2]
		}
	}
}