{
	"credit": "Made with Blockbench",
	"textures": {
		"1": "block/heavy_core",
		"layer0": "item/mace",
		"particle": "block/heavy_core"
	},
	"elements": [
		{
			"from": [7, 7, 4],
			"to": [15, 15, 12],
			"rotation": {"angle": -45, "axis": "z", "origin": [11, 11, 8]},
			"faces": {
				"north": {"uv": [8, 8, 0, 16], "texture": "#1"},
				"east": {"uv": [0, 8, 8, 16], "texture": "#1"},
				"south": {"uv": [0, 8, 8, 16], "texture": "#1"},
				"west": {"uv": [0, 8, 8, 16], "texture": "#1"},
				"up": {"uv": [0, 0, 8, 8], "rotation": 270, "texture": "#1"},
				"down": {"uv": [8, 0, 16, 8], "texture": "#1"}
			}
		},
		{
			"from": [0, 0, 7.5],
			"to": [3, 3, 8.5],
			"faces": {
				"north": {"uv": [3, 13, 0, 16], "texture": "#layer0"},
				"east": {"uv": [2, 13, 3, 16], "texture": "#layer0"},
				"south": {"uv": [0, 13, 3, 16], "texture": "#layer0"},
				"west": {"uv": [0, 13, 1, 16], "texture": "#layer0"},
				"up": {"uv": [0, 13, 3, 14], "texture": "#layer0"},
				"down": {"uv": [0, 15, 3, 16], "texture": "#layer0"}
			}
		},
		{
			"from": [2, 2, 7.5],
			"to": [4, 4, 8.5],
			"faces": {
				"north": {"uv": [4, 12, 2, 14], "texture": "#layer0"},
				"east": {"uv": [3, 12, 4, 14], "texture": "#layer0"},
				"south": {"uv": [2, 12, 4, 14], "texture": "#layer0"},
				"west": {"uv": [2, 12, 3, 14], "texture": "#layer0"},
				"up": {"uv": [2, 12, 4, 13], "texture": "#layer0"},
				"down": {"uv": [2, 13, 4, 14], "texture": "#layer0"}
			}
		},
		{
			"from": [3, 3, 7.5],
			"to": [5, 5, 8.5],
			"faces": {
				"north": {"uv": [5, 11, 3, 13], "texture": "#layer0"},
				"east": {"uv": [4, 11, 5, 13], "texture": "#layer0"},
				"south": {"uv": [3, 11, 5, 13], "texture": "#layer0"},
				"west": {"uv": [3, 11, 4, 13], "texture": "#layer0"},
				"up": {"uv": [3, 11, 5, 12], "texture": "#layer0"},
				"down": {"uv": [3, 12, 5, 13], "texture": "#layer0"}
			}
		},
		{
			"from": [4, 4, 7.5],
			"to": [6, 6, 8.5],
			"faces": {
				"north": {"uv": [6, 10, 4, 12], "texture": "#layer0"},
				"east": {"uv": [5, 10, 6, 12], "texture": "#layer0"},
				"south": {"uv": [4, 10, 6, 12], "texture": "#layer0"},
				"west": {"uv": [4, 10, 5, 12], "texture": "#layer0"},
				"up": {"uv": [4, 10, 6, 11], "texture": "#layer0"},
				"down": {"uv": [4, 11, 6, 12], "texture": "#layer0"}
			}
		},
		{
			"from": [5, 5, 7.5],
			"to": [7, 7, 8.5],
			"faces": {
				"north": {"uv": [7, 9, 5, 11], "texture": "#layer0"},
				"east": {"uv": [6, 9, 7, 11], "texture": "#layer0"},
				"south": {"uv": [5, 9, 7, 11], "texture": "#layer0"},
				"west": {"uv": [5, 9, 6, 11], "texture": "#layer0"},
				"up": {"uv": [5, 9, 7, 10], "texture": "#layer0"},
				"down": {"uv": [5, 10, 7, 11], "texture": "#layer0"}
			}
		},
		{
			"from": [8, 8, 7.5],
			"to": [10, 10, 8.5],
			"faces": {
				"north": {"uv": [10, 6, 8, 8], "texture": "#layer0"},
				"east": {"uv": [9, 6, 10, 8], "texture": "#layer0"},
				"south": {"uv": [8, 6, 10, 8], "texture": "#layer0"},
				"west": {"uv": [8, 6, 9, 8], "texture": "#layer0"},
				"up": {"uv": [8, 6, 10, 7], "texture": "#layer0"},
				"down": {"uv": [8, 7, 10, 8], "texture": "#layer0"}
			}
		},
		{
			"from": [9, 9, 7.5],
			"to": [11, 11, 8.5],
			"faces": {
				"north": {"uv": [11, 5, 9, 7], "texture": "#layer0"},
				"east": {"uv": [10, 5, 11, 7], "texture": "#layer0"},
				"south": {"uv": [9, 5, 11, 7], "texture": "#layer0"},
				"west": {"uv": [9, 5, 10, 7], "texture": "#layer0"},
				"up": {"uv": [9, 5, 11, 6], "texture": "#layer0"},
				"down": {"uv": [9, 6, 11, 7], "texture": "#layer0"}
			}
		},
		{
			"from": [6, 6, 7.5],
			"to": [8, 8, 8.5],
			"faces": {
				"north": {"uv": [8, 8, 6, 10], "texture": "#layer0"},
				"east": {"uv": [7, 8, 8, 10], "texture": "#layer0"},
				"south": {"uv": [6, 8, 8, 10], "texture": "#layer0"},
				"west": {"uv": [6, 8, 7, 10], "texture": "#layer0"},
				"up": {"uv": [6, 8, 8, 9], "texture": "#layer0"},
				"down": {"uv": [6, 9, 8, 10], "texture": "#layer0"}
			}
		},
		{
			"from": [7, 7, 7.5],
			"to": [9, 9, 8.5],
			"faces": {
				"north": {"uv": [9, 7, 7, 9], "texture": "#layer0"},
				"east": {"uv": [8, 7, 9, 9], "texture": "#layer0"},
				"south": {"uv": [7, 7, 9, 9], "texture": "#layer0"},
				"west": {"uv": [7, 7, 8, 9], "texture": "#layer0"},
				"up": {"uv": [7, 7, 9, 8], "texture": "#layer0"},
				"down": {"uv": [7, 8, 9, 9], "texture": "#layer0"}
			}
		},
		{
			"from": [12, 12, 7.5],
			"to": [14, 14, 8.5],
			"faces": {
				"north": {"uv": [14, 2, 12, 4], "texture": "#layer0"},
				"east": {"uv": [13, 2, 14, 4], "texture": "#layer0"},
				"south": {"uv": [12, 2, 14, 4], "texture": "#layer0"},
				"west": {"uv": [12, 2, 13, 4], "texture": "#layer0"},
				"up": {"uv": [12, 2, 14, 3], "texture": "#layer0"},
				"down": {"uv": [12, 3, 14, 4], "texture": "#layer0"}
			}
		},
		{
			"from": [13, 13, 7.5],
			"to": [15, 15, 8.5],
			"faces": {
				"north": {"uv": [15, 1, 13, 3], "texture": "#layer0"},
				"east": {"uv": [14, 1, 15, 3], "texture": "#layer0"},
				"south": {"uv": [13, 1, 15, 3], "texture": "#layer0"},
				"west": {"uv": [13, 1, 14, 3], "texture": "#layer0"},
				"up": {"uv": [13, 1, 15, 2], "texture": "#layer0"},
				"down": {"uv": [13, 2, 15, 3], "texture": "#layer0"}
			}
		},
		{
			"from": [14, 14, 7.5],
			"to": [16, 16, 8.5],
			"faces": {
				"north": {"uv": [16, 0, 14, 2], "texture": "#layer0"},
				"east": {"uv": [15, 0, 16, 2], "texture": "#layer0"},
				"south": {"uv": [14, 0, 16, 2], "texture": "#layer0"},
				"west": {"uv": [14, 0, 15, 2], "texture": "#layer0"},
				"up": {"uv": [14, 0, 16, 1], "texture": "#layer0"},
				"down": {"uv": [14, 1, 16, 2], "texture": "#layer0"}
			}
		},
		{
			"from": [10, 10, 7.5],
			"to": [12, 12, 8.5],
			"faces": {
				"north": {"uv": [12, 4, 10, 6], "texture": "#layer0"},
				"east": {"uv": [11, 4, 12, 6], "texture": "#layer0"},
				"south": {"uv": [10, 4, 12, 6], "texture": "#layer0"},
				"west": {"uv": [10, 4, 11, 6], "texture": "#layer0"},
				"up": {"uv": [10, 4, 12, 5], "texture": "#layer0"},
				"down": {"uv": [10, 5, 12, 6], "texture": "#layer0"}
			}
		},
		{
			"from": [11, 11, 7.5],
			"to": [13, 13, 8.5],
			"faces": {
				"north": {"uv": [13, 3, 11, 5], "texture": "#layer0"},
				"east": {"uv": [12, 3, 13, 5], "texture": "#layer0"},
				"south": {"uv": [11, 3, 13, 5], "texture": "#layer0"},
				"west": {"uv": [11, 3, 12, 5], "texture": "#layer0"},
				"up": {"uv": [11, 3, 13, 4], "texture": "#layer0"},
				"down": {"uv": [11, 4, 13, 5], "texture": "#layer0"}
			}
		}
	],
	"display": {
		"thirdperson_righthand": {
			"rotation": [0, -90, 55],
			"translation": [0, 4, 0.5],
			"scale": [0.85, 0.85, 0.85]
		},
		"thirdperson_lefthand": {
			"rotation": [0, 90, -55],
			"translation": [0, 4, 0.5],
			"scale": [0.85, 0.85, 0.85]
		},
		"firstperson_righthand": {
			"rotation": [0, -90, 25],
			"translation": [1.13, 3.2, 1.13],
			"scale": [0.68, 0.68, 0.68]
		},
		"firstperson_lefthand": {
			"rotation": [0, 90, -25],
			"translation": [1.13, 3.2, 1.13],
			"scale": [0.68, 0.68, 0.68]
		},
		"ground": {
			"translation": [0, 2, 0],
			"scale": [0.5, 0.5, 0.5]
		},
		"head": {
			"rotation": [0, 180, 0],
			"translation": [0, 13, 7]
		},
		"fixed": {
			"rotation": [0, 180, 0]
		}
	}
}