{"model":{"type":"range_dispatch","property":"custom_model_data","index":0,"fallback":{"on_true":{"fallback":{"model":"item/bow_pulling_0","type":"model"},"property":"use_duration","scale":0.05,"entries":[{"model":{"type":"model","model":"item/bow_pulling_1"},"threshold":0.65},{"model":{"type":"model","model":"item/bow_pulling_2"},"threshold":0.9}],"type":"range_dispatch"},"type":"condition","on_false":{"type":"model","model":"item/bow"},"property":"using_item"},"entries":[{"threshold":10000,"model":{"on_true":{"fallback":{"model":"cosmo_pack:bow_0","type":"model"},"property":"use_duration","scale":0.05,"entries":[{"threshold":0.65,"model":{"type":"model","model":"cosmo_pack:bow_1"}},{"threshold":0.9,"model":{"type":"model","model":"cosmo_pack:bow_2"}}],"type":"range_dispatch"},"type":"condition","on_false":{"type":"model","model":"cosmo_pack:bow"},"property":"using_item"}},{"threshold":10001,"model":{"on_true":{"fallback":{"model":"valerieset:bow_0","type":"model"},"property":"use_duration","scale":0.05,"entries":[{"threshold":0.65,"model":{"type":"model","model":"valerieset:bow_1"}},{"threshold":0.9,"model":{"type":"model","model":"valerieset:bow_2"}}],"type":"range_dispatch"},"type":"condition","on_false":{"type":"model","model":"valerieset:bow"},"property":"using_item"}},{"threshold":10002,"model":{"on_true":{"fallback":{"model":"draculaset:bow_0","type":"model"},"property":"use_duration","scale":0.05,"entries":[{"threshold":0.65,"model":{"type":"model","model":"draculaset:bow_1"}},{"threshold":0.9,"model":{"type":"model","model":"draculaset:bow_2"}}],"type":"range_dispatch"},"type":"condition","on_false":{"type":"model","model":"draculaset:bow"},"property":"using_item"}},{"threshold":10003,"model":{"on_true":{"fallback":{"model":"elitecreatures:bow_0","type":"model"},"property":"use_duration","scale":0.05,"entries":[{"threshold":0.65,"model":{"type":"model","model":"elitecreatures:bow_1"}},{"threshold":0.9,"model":{"type":"model","model":"elitecreatures:bow_2"}}],"type":"range_dispatch"},"type":"condition","on_false":{"type":"model","model":"elitecreatures:bow"},"property":"using_item"}},{"threshold":10004,"model":{"on_true":{"fallback":{"model":"starlight:bow_0","type":"model"},"property":"use_duration","scale":0.05,"entries":[{"threshold":0.65,"model":{"type":"model","model":"starlight:bow_1"}},{"threshold":0.9,"model":{"type":"model","model":"starlight:bow_2"}}],"type":"range_dispatch"},"type":"condition","on_false":{"type":"model","model":"starlight:bow"},"property":"using_item"}},{"threshold":10005,"model":{"on_true":{"fallback":{"model":"elitecreatures:ifrit_animated/bow_0","type":"model"},"property":"use_duration","scale":0.05,"entries":[{"threshold":0.65,"model":{"type":"model","model":"elitecreatures:ifrit_animated/bow_1"}},{"threshold":0.9,"model":{"type":"model","model":"elitecreatures:ifrit_animated/bow_2"}}],"type":"range_dispatch"},"type":"condition","on_false":{"type":"model","model":"elitecreatures:ifrit_animated/bow"},"property":"using_item"}},{"threshold":10006,"model":{"on_true":{"fallback":{"model":"slayer_set:bow_0","type":"model"},"property":"use_duration","scale":0.05,"entries":[{"threshold":0.65,"model":{"type":"model","model":"slayer_set:bow_1"}},{"threshold":0.9,"model":{"type":"model","model":"slayer_set:bow_2"}}],"type":"range_dispatch"},"type":"condition","on_false":{"type":"model","model":"slayer_set:bow"},"property":"using_item"}},{"threshold":10007,"model":{"on_true":{"fallback":{"model":"azureset:bow_0","type":"model"},"property":"use_duration","scale":0.05,"entries":[{"threshold":0.65,"model":{"type":"model","model":"azureset:bow_1"}},{"threshold":0.9,"model":{"type":"model","model":"azureset:bow_2"}}],"type":"range_dispatch"},"type":"condition","on_false":{"type":"model","model":"azureset:bow"},"property":"using_item"}},{"threshold":10008,"model":{"on_true":{"fallback":{"model":"elitecreatures:pink_legacy_animated_weapon_set/bow_0","type":"model"},"property":"use_duration","scale":0.05,"entries":[{"threshold":0.65,"model":{"type":"model","model":"elitecreatures:pink_legacy_animated_weapon_set/bow_1"}},{"threshold":0.9,"model":{"type":"model","model":"elitecreatures:pink_legacy_animated_weapon_set/bow_2"}}],"type":"range_dispatch"},"type":"condition","on_false":{"type":"model","model":"elitecreatures:pink_legacy_animated_weapon_set/bow"},"property":"using_item"}},{"threshold":10009,"model":{"on_true":{"fallback":{"model":"fairyset:bow_0","type":"model"},"property":"use_duration","scale":0.05,"entries":[{"threshold":0.65,"model":{"type":"model","model":"fairyset:bow_1"}},{"threshold":0.9,"model":{"type":"model","model":"fairyset:bow_2"}}],"type":"range_dispatch"},"type":"condition","on_false":{"type":"model","model":"fairyset:bow"},"property":"using_item"}},{"threshold":10010,"model":{"on_true":{"fallback":{"model":"elitecreatures:bahamut_animated_weapon_set/bow_0","type":"model"},"property":"use_duration","scale":0.05,"entries":[{"threshold":0.65,"model":{"type":"model","model":"elitecreatures:bahamut_animated_weapon_set/bow_1"}},{"threshold":0.9,"model":{"type":"model","model":"elitecreatures:bahamut_animated_weapon_set/bow_2"}}],"type":"range_dispatch"},"type":"condition","on_false":{"type":"model","model":"elitecreatures:bahamut_animated_weapon_set/bow"},"property":"using_item"}},{"threshold":10011,"model":{"on_true":{"fallback":{"model":"item/bow","type":"model"},"property":"use_duration","scale":0.05,"entries":[],"type":"range_dispatch"},"type":"condition","on_false":{"type":"model","model":"item/bow"},"property":"using_item"}}]}}