{"model":{"type":"range_dispatch","property":"custom_model_data","index":0,"fallback":{"on_false":{"property":"charge_type","type":"select","cases":[{"model":{"type":"model","model":"item/crossbow_arrow"},"when":"arrow"},{"model":{"type":"model","model":"item/crossbow_firework"},"when":"rocket"}],"fallback":{"type":"model","model":"item/crossbow"}},"on_true":{"type":"range_dispatch","property":"crossbow/pull","fallback":{"model":"item/crossbow_pulling_0","type":"model"},"entries":[{"model":{"type":"model","model":"item/crossbow_pulling_1"},"threshold":0.58},{"model":{"type":"model","model":"item/crossbow_pulling_2"},"threshold":1}]},"property":"using_item","type":"condition"},"entries":[{"threshold":10000,"model":{"on_false":{"property":"charge_type","type":"select","cases":[{"model":{"type":"model","model":"item/crossbow_arrow"},"when":"arrow"},{"model":{"type":"model","model":"item/crossbow_firework"},"when":"rocket"}],"fallback":{"type":"model","model":"item/crossbow"},"model":"valerieset:crossbow_firework"},"on_true":{"type":"range_dispatch","property":"crossbow/pull","fallback":{"model":"valerieset:crossbow_firework","type":"model"},"entries":[{"threshold":0.58,"model":{"type":"model","model":"valerieset:crossbow_1"}},{"threshold":1.0,"model":{"type":"model","model":"valerieset:crossbow_2"}}]},"property":"using_item","type":"condition"}},{"threshold":10001,"model":{"on_false":{"property":"charge_type","type":"select","cases":[{"model":{"type":"model","model":"item/crossbow_arrow"},"when":"arrow"},{"model":{"type":"model","model":"item/crossbow_firework"},"when":"rocket"}],"fallback":{"type":"model","model":"item/crossbow"},"model":"elitecreatures:ifrit_animated/crossbow_firework"},"on_true":{"type":"range_dispatch","property":"crossbow/pull","fallback":{"model":"elitecreatures:ifrit_animated/crossbow_firework","type":"model"},"entries":[{"threshold":0.58,"model":{"type":"model","model":"elitecreatures:ifrit_animated/crossbow_1"}},{"threshold":1.0,"model":{"type":"model","model":"elitecreatures:ifrit_animated/crossbow_2"}}]},"property":"using_item","type":"condition"}},{"threshold":10002,"model":{"on_false":{"property":"charge_type","type":"select","cases":[{"model":{"type":"model","model":"item/crossbow_arrow"},"when":"arrow"},{"model":{"type":"model","model":"item/crossbow_firework"},"when":"rocket"}],"fallback":{"type":"model","model":"item/crossbow"},"model":"azureset:crossbow_firework"},"on_true":{"type":"range_dispatch","property":"crossbow/pull","fallback":{"model":"azureset:crossbow_firework","type":"model"},"entries":[{"threshold":0.58,"model":{"type":"model","model":"azureset:crossbow_1"}},{"threshold":1.0,"model":{"type":"model","model":"azureset:crossbow_2"}}]},"property":"using_item","type":"condition"}},{"threshold":10003,"model":{"on_false":{"property":"charge_type","type":"select","cases":[{"model":{"type":"model","model":"item/crossbow_arrow"},"when":"arrow"},{"model":{"type":"model","model":"item/crossbow_firework"},"when":"rocket"}],"fallback":{"type":"model","model":"item/crossbow"},"model":"fairyset:crossbow_firework"},"on_true":{"type":"range_dispatch","property":"crossbow/pull","fallback":{"model":"fairyset:crossbow_firework","type":"model"},"entries":[{"threshold":0.58,"model":{"type":"model","model":"fairyset:crossbow_1"}},{"threshold":1.0,"model":{"type":"model","model":"fairyset:crossbow_2"}}]},"property":"using_item","type":"condition"}},{"threshold":10004,"model":{"on_false":{"property":"charge_type","type":"select","cases":[{"model":{"type":"model","model":"item/crossbow_arrow"},"when":"arrow"},{"model":{"type":"model","model":"item/crossbow_firework"},"when":"rocket"}],"fallback":{"type":"model","model":"item/crossbow"},"model":"item/crossbow"},"on_true":{"type":"range_dispatch","property":"crossbow/pull","fallback":{"model":"item/crossbow","type":"model"},"entries":[]},"property":"using_item","type":"condition"}}]}}