{"model":{"type":"range_dispatch","property":"custom_model_data","index":0,"fallback":{"model":"item/diamond_sword","type":"model"},"entries":[{"threshold":10000,"model":{"model":"elitecreatures:ifrit_animated/hammer","type":"model"}},{"threshold":10001,"model":{"model":"elitecreatures:ifrit_animated/sickle","type":"model"}},{"threshold":10002,"model":{"model":"elitecreatures:ifrit_animated/spear","type":"model"}},{"threshold":10003,"model":{"model":"elitecreatures:ifrit_animated/staff","type":"model"}},{"threshold":10004,"model":{"model":"elitecreatures:ifrit_animated/sword","type":"model"}},{"threshold":10005,"model":{"model":"elitecreatures:ifrit_animated/wings","type":"model"}},{"threshold":10006,"model":{"model":"item/diamond_sword","type":"model"}}]}}