{"model":{"type":"range_dispatch","property":"custom_model_data","index":0,"fallback":{"on_true":{"model":"item/fishing_rod_cast","type":"model"},"type":"condition","property":"fishing_rod/cast","on_false":{"model":"item/fishing_rod","type":"model"}},"entries":[{"threshold":10000,"model":{"on_true":{"model":"item/fishing_rod_cast","type":"model"},"type":"model","property":"fishing_rod/cast","on_false":{"model":"item/fishing_rod","type":"model"},"model":"cosmo_pack:fishing_rod"}},{"threshold":10001,"model":{"on_true":{"model":"item/fishing_rod_cast","type":"model"},"type":"model","property":"fishing_rod/cast","on_false":{"model":"item/fishing_rod","type":"model"},"model":"valerieset:fishing_rod"}},{"threshold":10002,"model":{"on_true":{"model":"item/fishing_rod_cast","type":"model"},"type":"model","property":"fishing_rod/cast","on_false":{"model":"item/fishing_rod","type":"model"},"model":"draculaset:fishing"}},{"threshold":10003,"model":{"on_true":{"model":"item/fishing_rod_cast","type":"model"},"type":"model","property":"fishing_rod/cast","on_false":{"model":"item/fishing_rod","type":"model"},"model":"elitecreatures:fishing_rod"}},{"threshold":10004,"model":{"on_true":{"model":"item/fishing_rod_cast","type":"model"},"type":"model","property":"fishing_rod/cast","on_false":{"model":"item/fishing_rod","type":"model"},"model":"elitecreatures:ifrit_animated/fishing_rod"}},{"threshold":10005,"model":{"on_true":{"model":"item/fishing_rod_cast","type":"model"},"type":"model","property":"fishing_rod/cast","on_false":{"model":"item/fishing_rod","type":"model"},"model":"azureset:fishing_rod"}},{"threshold":10006,"model":{"on_true":{"model":"item/fishing_rod_cast","type":"model"},"type":"model","property":"fishing_rod/cast","on_false":{"model":"item/fishing_rod","type":"model"},"model":"elitecreatures:pink_legacy_animated_weapon_set/fishing_rod"}},{"threshold":10007,"model":{"on_true":{"model":"item/fishing_rod_cast","type":"model"},"type":"model","property":"fishing_rod/cast","on_false":{"model":"item/fishing_rod","type":"model"},"model":"fairyset:fishing_rod"}},{"threshold":10008,"model":{"on_true":{"model":"item/fishing_rod_cast","type":"model"},"type":"model","property":"fishing_rod/cast","on_false":{"model":"item/fishing_rod","type":"model"},"model":"elitecreatures:bahamut_animated_weapon_set/fishing_rod"}},{"threshold":10009,"model":{"on_true":{"model":"item/fishing_rod_cast","type":"model"},"type":"model","property":"fishing_rod/cast","on_false":{"model":"item/fishing_rod","type":"model"},"model":"item/fishing_rod"}}]}}