{"model":{"type":"range_dispatch","property":"custom_model_data","index":0,"fallback":{"type":"model","model":"item/iron_shovel"},"entries":[{"threshold":10000,"model":{"type":"model","model":"cosmo_pack:shovel"}},{"threshold":10001,"model":{"type":"model","model":"valerieset:shovel"}},{"threshold":10002,"model":{"type":"model","model":"draculaset:shovel"}},{"threshold":10003,"model":{"type":"model","model":"elitecreatures:shovel"}},{"threshold":10004,"model":{"type":"model","model":"starlight:shovel"}},{"threshold":10005,"model":{"type":"model","model":"slayer_set:shovel"}},{"threshold":10006,"model":{"type":"model","model":"azureset:shovel"}},{"threshold":10007,"model":{"type":"model","model":"elitecreatures:pink_legacy_animated_weapon_set/shovel"}},{"threshold":10008,"model":{"type":"model","model":"fairyset:shovel"}},{"threshold":10009,"model":{"type":"model","model":"elitecreatures:bahamut_animated_weapon_set/shovel"}},{"threshold":10010,"model":{"type":"model","model":"item/iron_shovel"}}]}}