{"model":{"type":"range_dispatch","property":"custom_model_data","index":0,"fallback":{"type":"model","model":"item/iron_hoe"},"entries":[{"threshold":10000,"model":{"type":"model","model":"cosmo_pack:hoe"}},{"threshold":10001,"model":{"type":"model","model":"valerieset:hoe"}},{"threshold":10002,"model":{"type":"model","model":"draculaset:hoe"}},{"threshold":10003,"model":{"type":"model","model":"elitecreatures:hoe"}},{"threshold":10004,"model":{"type":"model","model":"starlight:hoe"}},{"threshold":10005,"model":{"type":"model","model":"slayer_set:hoe"}},{"threshold":10006,"model":{"type":"model","model":"azureset:hoe"}},{"threshold":10007,"model":{"type":"model","model":"elitecreatures:pink_legacy_animated_weapon_set/hoe"}},{"threshold":10008,"model":{"type":"model","model":"fairyset:hoe"}},{"threshold":10009,"model":{"type":"model","model":"elitecreatures:bahamut_animated_weapon_set/hoe"}},{"threshold":10010,"model":{"type":"model","model":"item/iron_hoe"}}]}}