{"model":{"type":"range_dispatch","property":"custom_model_data","index":0,"fallback":{"type":"model","model":"item/iron_sword"},"entries":[{"threshold":10000,"model":{"type":"model","model":"cosmo_pack:battle_axe"}},{"threshold":10001,"model":{"type":"model","model":"cosmo_pack:blade"}},{"threshold":10002,"model":{"type":"model","model":"cosmo_pack:dagger"}},{"threshold":10003,"model":{"type":"model","model":"cosmo_pack:halberd"}},{"threshold":10004,"model":{"type":"model","model":"cosmo_pack:sickle"}},{"threshold":10005,"model":{"type":"model","model":"cosmo_pack:spear"}},{"threshold":10006,"model":{"type":"model","model":"cosmo_pack:staff"}},{"threshold":10007,"model":{"type":"model","model":"cosmo_pack:sword"}},{"threshold":10008,"model":{"type":"model","model":"valerieset:hammer"}},{"threshold":10009,"model":{"type":"model","model":"valerieset:spear"}},{"threshold":10010,"model":{"type":"model","model":"valerieset:sword"}},{"threshold":10011,"model":{"type":"model","model":"valerieset:scythe"}},{"threshold":10012,"model":{"type":"model","model":"valerieset:staff"}},{"threshold":10013,"model":{"type":"model","model":"valerieset:greatsword"}},{"threshold":10014,"model":{"type":"model","model":"valerieset:trident"}},{"threshold":10015,"model":{"type":"model","model":"draculaset:battleaxe"}},{"threshold":10016,"model":{"type":"model","model":"draculaset:blade"}},{"threshold":10017,"model":{"type":"model","model":"draculaset:dagger"}},{"threshold":10018,"model":{"type":"model","model":"draculaset:halberd"}},{"threshold":10019,"model":{"type":"model","model":"draculaset:sickle"}},{"threshold":10020,"model":{"type":"model","model":"draculaset:spear"}},{"threshold":10021,"model":{"type":"model","model":"draculaset:staff"}},{"threshold":10022,"model":{"type":"model","model":"draculaset:sword"}},{"threshold":10023,"model":{"type":"model","model":"elitecreatures:big_sword"}},{"threshold":10024,"model":{"type":"model","model":"elitecreatures:dagger"}},{"threshold":10025,"model":{"type":"model","model":"elitecreatures:gauntlet"}},{"threshold":10026,"model":{"type":"model","model":"elitecreatures:mace"}},{"threshold":10027,"model":{"type":"model","model":"elitecreatures:spear"}},{"threshold":10028,"model":{"type":"model","model":"elitecreatures:scythe"}},{"threshold":10029,"model":{"type":"model","model":"elitecreatures:staff"}},{"threshold":10030,"model":{"type":"model","model":"elitecreatures:sword"}},{"threshold":10031,"model":{"type":"model","model":"starlight:battle_axe"}},{"threshold":10032,"model":{"type":"model","model":"starlight:blade"}},{"threshold":10033,"model":{"type":"model","model":"starlight:dagger"}},{"threshold":10034,"model":{"type":"model","model":"starlight:sickle"}},{"threshold":10035,"model":{"type":"model","model":"starlight:spear"}},{"threshold":10036,"model":{"type":"model","model":"starlight:staff"}},{"threshold":10037,"model":{"type":"model","model":"starlight:sword"}},{"threshold":10038,"model":{"type":"model","model":"slayer_set:spear"}},{"threshold":10039,"model":{"type":"model","model":"slayer_set:sword"}},{"threshold":10040,"model":{"type":"model","model":"slayer_set:knife"}},{"threshold":10041,"model":{"type":"model","model":"slayer_set:hammer"}},{"threshold":10042,"model":{"type":"model","model":"slayer_set:claymore"}},{"threshold":10043,"model":{"type":"model","model":"slayer_set:staff"}},{"threshold":10044,"model":{"type":"model","model":"azureset:greatsword"}},{"threshold":10045,"model":{"type":"model","model":"azureset:hammer"}},{"threshold":10046,"model":{"type":"model","model":"azureset:scythe"}},{"threshold":10047,"model":{"type":"model","model":"azureset:spear"}},{"threshold":10048,"model":{"type":"model","model":"azureset:staff"}},{"threshold":10049,"model":{"type":"model","model":"azureset:sword"}},{"threshold":10050,"model":{"type":"model","model":"azureset:trident"}},{"threshold":10051,"model":{"type":"model","model":"elitecreatures:pink_legacy_animated_weapon_set/spear"}},{"threshold":10052,"model":{"type":"model","model":"elitecreatures:pink_legacy_animated_weapon_set/staff"}},{"threshold":10053,"model":{"type":"model","model":"elitecreatures:pink_legacy_animated_weapon_set/sword"}},{"threshold":10054,"model":{"type":"model","model":"fairyset:greatsword"}},{"threshold":10055,"model":{"type":"model","model":"fairyset:hammer"}},{"threshold":10056,"model":{"type":"model","model":"fairyset:scythe"}},{"threshold":10057,"model":{"type":"model","model":"fairyset:spear"}},{"threshold":10058,"model":{"type":"model","model":"fairyset:staff"}},{"threshold":10059,"model":{"type":"model","model":"fairyset:sword"}},{"threshold":10060,"model":{"type":"model","model":"fairyset:trident"}},{"threshold":10061,"model":{"type":"model","model":"elitecreatures:bahamut_animated_weapon_set/big_sword"}},{"threshold":10062,"model":{"type":"model","model":"elitecreatures:bahamut_animated_weapon_set/club"}},{"threshold":10063,"model":{"type":"model","model":"elitecreatures:bahamut_animated_weapon_set/dagger"}},{"threshold":10064,"model":{"type":"model","model":"elitecreatures:bahamut_animated_weapon_set/halberd"}},{"threshold":10065,"model":{"type":"model","model":"elitecreatures:bahamut_animated_weapon_set/spear"}},{"threshold":10066,"model":{"type":"model","model":"elitecreatures:bahamut_animated_weapon_set/staff"}},{"threshold":10067,"model":{"type":"model","model":"elitecreatures:bahamut_animated_weapon_set/sword"}},{"threshold":10068,"model":{"type":"model","model":"item/iron_sword"}}]}}