{"model":{"type":"range_dispatch","property":"custom_model_data","index":0,"fallback":{"type":"model","model":"item/iron_pickaxe"},"entries":[{"threshold":10000,"model":{"type":"model","model":"cosmo_pack:pickaxe"}},{"threshold":10001,"model":{"type":"model","model":"valerieset:pickaxe"}},{"threshold":10002,"model":{"type":"model","model":"draculaset:pickaxe"}},{"threshold":10003,"model":{"type":"model","model":"elitecreatures:pickaxe"}},{"threshold":10004,"model":{"type":"model","model":"starlight:pickaxe"}},{"threshold":10005,"model":{"type":"model","model":"slayer_set:pickaxe"}},{"threshold":10006,"model":{"type":"model","model":"azureset:pickaxe"}},{"threshold":10007,"model":{"type":"model","model":"elitecreatures:pink_legacy_animated_weapon_set/pickaxe"}},{"threshold":10008,"model":{"type":"model","model":"fairyset:pickaxe"}},{"threshold":10009,"model":{"type":"model","model":"elitecreatures:bahamut_animated_weapon_set/pickaxe"}},{"threshold":10010,"model":{"type":"model","model":"item/iron_pickaxe"}}]}}