{"model":{"type":"range_dispatch","property":"custom_model_data","index":0,"fallback":{"model":"item/iron_axe","type":"model"},"entries":[{"threshold":10000,"model":{"model":"cosmo_pack:axe","type":"model"}},{"threshold":10001,"model":{"model":"valerieset:axe","type":"model"}},{"threshold":10002,"model":{"model":"draculaset:axe","type":"model"}},{"threshold":10003,"model":{"model":"elitecreatures:axe","type":"model"}},{"threshold":10004,"model":{"model":"elitecreatures:halberd","type":"model"}},{"threshold":10005,"model":{"model":"elitecreatures:hammer","type":"model"}},{"threshold":10006,"model":{"model":"starlight:axe","type":"model"}},{"threshold":10007,"model":{"model":"slayer_set:axe","type":"model"}},{"threshold":10008,"model":{"model":"azureset:axe","type":"model"}},{"threshold":10009,"model":{"model":"elitecreatures:pink_legacy_animated_weapon_set/axe","type":"model"}},{"threshold":10010,"model":{"model":"elitecreatures:pink_legacy_animated_weapon_set/battle_axe","type":"model"}},{"threshold":10011,"model":{"model":"elitecreatures:pink_legacy_animated_weapon_set/halberd","type":"model"}},{"threshold":10012,"model":{"model":"elitecreatures:pink_legacy_animated_weapon_set/hammer","type":"model"}},{"threshold":10013,"model":{"model":"fairyset:axe","type":"model"}},{"threshold":10014,"model":{"model":"elitecreatures:bahamut_animated_weapon_set/axe","type":"model"}},{"threshold":10015,"model":{"model":"elitecreatures:bahamut_animated_weapon_set/hammer","type":"model"}},{"threshold":10016,"model":{"model":"elitecreatures:bahamut_animated_weapon_set/mace","type":"model"}},{"threshold":10017,"model":{"model":"item/iron_axe","type":"model"}}]}}