{"model":{"type":"range_dispatch","property":"custom_model_data","index":0,"fallback":{"model":"item/kelp","type":"model"},"entries":[{"threshold":10000,"model":{"model":"elitecreatures:ifrit_animated/helmet","type":"model"}},{"threshold":10001,"model":{"model":"elitecreatures:ifrit_animated/balloon","type":"model"}},{"threshold":10002,"model":{"model":"elitecreatures:ifrit_animated/key","type":"model"}},{"threshold":10003,"model":{"model":"elitecreatures:ifrit_animated/quiver","type":"model"}},{"threshold":10004,"model":{"model":"item/kelp","type":"model"}}]}}