{"model":{"type":"range_dispatch","property":"custom_model_data","index":0,"fallback":{"type":"model","model":"item/paper"},"entries":[{"threshold":10000,"model":{"type":"model","model":"_iainternal:ia_auto_gen/icon_left_blue"}},{"threshold":10001,"model":{"type":"model","model":"_iainternal:ia_auto_gen/icon_right_blue"}},{"threshold":10002,"model":{"type":"model","model":"_iainternal:ia_auto_gen/icon_search"}},{"threshold":10003,"model":{"type":"model","model":"_iainternal:ia_auto_gen/icon_cancel"}},{"threshold":10004,"model":{"type":"model","model":"_iainternal:ia_auto_gen/icon_arrow_chest"}},{"threshold":10005,"model":{"type":"model","model":"_iainternal:ia_auto_gen/icon_back_orange"}},{"threshold":10006,"model":{"type":"model","model":"_iainternal:ia_auto_gen/icon_next_orange"}},{"threshold":10007,"model":{"type":"model","model":"cosmo_pack:key"}},{"threshold":10008,"model":{"type":"model","model":"cosmo_pack:wings"}},{"threshold":10009,"model":{"type":"model","model":"valerieset:chest"}},{"threshold":10010,"model":{"type":"model","model":"valerieset:chest_opening"}},{"threshold":10011,"model":{"type":"model","model":"valerieset:key"}},{"threshold":10012,"model":{"type":"model","model":"valerieset:wings"}},{"threshold":10013,"model":{"type":"model","model":"draculaset:key"}},{"threshold":10014,"model":{"type":"model","model":"draculaset:wings"}},{"threshold":10015,"model":{"type":"model","model":"elitecreatures:chest"}},{"threshold":10016,"model":{"type":"model","model":"elitecreatures:key"}},{"threshold":10017,"model":{"type":"model","model":"elitecreatures:wing"}},{"threshold":10018,"model":{"type":"model","model":"starlight:key"}},{"threshold":10019,"model":{"type":"model","model":"starlight:wings"}},{"threshold":10020,"model":{"type":"model","model":"elitecreatures:ifrit_animated/chest"}},{"threshold":10021,"model":{"type":"model","model":"slayer_set:chest"}},{"threshold":10022,"model":{"type":"model","model":"slayer_set:chest_opening"}},{"threshold":10023,"model":{"type":"model","model":"slayer_set:key"}},{"threshold":10024,"model":{"type":"model","model":"slayer_set:wings"}},{"threshold":10025,"model":{"type":"model","model":"slayer_set:helmet"}},{"threshold":10026,"model":{"type":"model","model":"azureset:key"}},{"threshold":10027,"model":{"type":"model","model":"azureset:wings"}},{"threshold":10028,"model":{"type":"model","model":"azureset:helmet"}},{"threshold":10029,"model":{"type":"model","model":"elitecreatures:pink_legacy_animated_weapon_set/chest"}},{"threshold":10030,"model":{"type":"model","model":"elitecreatures:pink_legacy_animated_weapon_set/key"}},{"threshold":10031,"model":{"type":"model","model":"elitecreatures:pink_legacy_animated_weapon_set/wings"}},{"threshold":10032,"model":{"type":"model","model":"fairyset:key"}},{"threshold":10033,"model":{"type":"model","model":"fairyset:wings"}},{"threshold":10034,"model":{"type":"model","model":"fairyset:helmet"}},{"threshold":10035,"model":{"type":"model","model":"elitecreatures:bahamut_animated_weapon_set/chest"}},{"threshold":10036,"model":{"type":"model","model":"elitecreatures:bahamut_animated_weapon_set/gauntlet"}},{"threshold":10037,"model":{"type":"model","model":"elitecreatures:bahamut_animated_weapon_set/hat"}},{"threshold":10038,"model":{"type":"model","model":"elitecreatures:bahamut_animated_weapon_set/helmet"}},{"threshold":10039,"model":{"type":"model","model":"elitecreatures:bahamut_animated_weapon_set/key"}},{"threshold":10040,"model":{"type":"model","model":"elitecreatures:bahamut_animated_weapon_set/wing"}},{"threshold":10041,"model":{"type":"model","model":"item/paper"}}]}}