{"model":{"type":"range_dispatch","property":"custom_model_data","index":0,"fallback":{"tints":[{"type":"potion","default":-13083194}],"model":"item/potion","type":"model"},"entries":[{"threshold":2000001,"model":{"tints":[{"type":"potion","default":-13083194}],"model":"fairyset:wings_cosmeticscore","type":"model"}},{"threshold":2000002,"model":{"tints":[{"type":"potion","default":-13083194}],"model":"fairyset:wings_cosmeticscore_self","type":"model"}},{"threshold":2000003,"model":{"tints":[{"type":"potion","default":-13083194}],"model":"fairyset:helmet","type":"model"}},{"threshold":2100001,"model":{"tints":[{"type":"potion","default":-13083194}],"model":"azureset:wings_cosmeticscore","type":"model"}},{"threshold":2100002,"model":{"tints":[{"type":"potion","default":-13083194}],"model":"azureset:wings_cosmeticscore_self","type":"model"}},{"threshold":2100003,"model":{"tints":[{"type":"potion","default":-13083194}],"model":"azureset:helmet","type":"model"}},{"threshold":7990900,"model":{"tints":[{"type":"potion","default":-13083194}],"model":"draculaset:wings_cosmetic","type":"model"}},{"threshold":7990901,"model":{"tints":[{"type":"potion","default":-13083194}],"model":"draculaset:wings_cosmetic_self","type":"model"}},{"threshold":7990902,"model":{"tints":[{"type":"potion","default":-13083194}],"model":"draculaset:wings_cosmetic_self_2","type":"model"}},{"threshold":7990903,"model":{"tints":[{"type":"potion","default":-13083194}],"model":"draculaset:wings_cosmetic_normal_2","type":"model"}},{"threshold":8390008,"model":{"tints":[{"type":"potion","default":-13083194}],"model":"starlight:wings_cosmetic","type":"model"}},{"threshold":8390009,"model":{"tints":[{"type":"potion","default":-13083194}],"model":"starlight:wings_cosmetic_self","type":"model"}},{"threshold":8390010,"model":{"tints":[{"type":"potion","default":-13083194}],"model":"starlight:wings_cosmetic_self_2","type":"model"}},{"threshold":8390011,"model":{"tints":[{"type":"potion","default":-13083194}],"model":"starlight:wings_cosmetic_normal_2","type":"model"}},{"threshold":8390012,"model":{"tints":[{"type":"potion","default":-13083194}],"model":"item/potion","type":"model"}}]}}