{"model":{"type":"range_dispatch","property":"custom_model_data","index":0,"fallback":{"type":"model","model":"block/sea_lantern"},"entries":[{"threshold":10000,"model":{"type":"model","model":"cosmo_pack:chest"}},{"threshold":10001,"model":{"type":"model","model":"draculaset:chest"}},{"threshold":10002,"model":{"type":"model","model":"starlight:chest"}},{"threshold":10003,"model":{"type":"model","model":"azureset:chest"}},{"threshold":10004,"model":{"type":"model","model":"azureset:chest_opening"}},{"threshold":10005,"model":{"type":"model","model":"fairyset:chest"}},{"threshold":10006,"model":{"type":"model","model":"fairyset:chest_opening"}},{"threshold":10007,"model":{"type":"model","model":"item/sea_lantern"}}]}}