{"model":{"type":"range_dispatch","property":"custom_model_data","index":0,"fallback":{"property":"using_item","on_true":{"base":"item/shield_blocking","type":"special","model":{"type":"shield"}},"type":"condition","on_false":{"model":{"type":"shield"},"base":"item/shield","type":"special"}},"entries":[{"threshold":10000,"model":{"property":"using_item","on_true":{"base":"item/shield_blocking","type":"model","model":"cosmo_pack:shield_blocking"},"type":"condition","on_false":{"model":"cosmo_pack:shield","base":"item/shield","type":"model"}}},{"threshold":10001,"model":{"property":"using_item","on_true":{"base":"item/shield_blocking","type":"model","model":"valerieset:shield_blocking"},"type":"condition","on_false":{"model":"valerieset:shield","base":"item/shield","type":"model"}}},{"threshold":10002,"model":{"property":"using_item","on_true":{"base":"item/shield_blocking","type":"model","model":"draculaset:shield_blocking"},"type":"condition","on_false":{"model":"draculaset:shield","base":"item/shield","type":"model"}}},{"threshold":10003,"model":{"property":"using_item","on_true":{"base":"item/shield_blocking","type":"model","model":"elitecreatures:shield_blocking"},"type":"condition","on_false":{"model":"elitecreatures:shield","base":"item/shield","type":"model"}}},{"threshold":10004,"model":{"property":"using_item","on_true":{"base":"item/shield_blocking","type":"model","model":"starlight:shield_blocking"},"type":"condition","on_false":{"model":"starlight:shield","base":"item/shield","type":"model"}}},{"threshold":10005,"model":{"property":"using_item","on_true":{"base":"item/shield_blocking","type":"model","model":"elitecreatures:ifrit_animated/shield_blocking"},"type":"condition","on_false":{"model":"elitecreatures:ifrit_animated/shield","base":"item/shield","type":"model"}}},{"threshold":10006,"model":{"property":"using_item","on_true":{"base":"item/shield_blocking","type":"model","model":"slayer_set:shield_blocking"},"type":"condition","on_false":{"model":"slayer_set:shield","base":"item/shield","type":"model"}}},{"threshold":10007,"model":{"property":"using_item","on_true":{"base":"item/shield_blocking","type":"model","model":"azureset:shield_blocking"},"type":"condition","on_false":{"model":"azureset:shield","base":"item/shield","type":"model"}}},{"threshold":10008,"model":{"property":"using_item","on_true":{"base":"item/shield_blocking","type":"model","model":"elitecreatures:pink_legacy_animated_weapon_set/shield_blocking"},"type":"condition","on_false":{"model":"elitecreatures:pink_legacy_animated_weapon_set/shield","base":"item/shield","type":"model"}}},{"threshold":10009,"model":{"property":"using_item","on_true":{"base":"item/shield_blocking","type":"model","model":"fairyset:shield_blocking"},"type":"condition","on_false":{"model":"fairyset:shield","base":"item/shield","type":"model"}}},{"threshold":10010,"model":{"property":"using_item","on_true":{"base":"item/shield_blocking","type":"model","model":"elitecreatures:bahamut_animated_weapon_set/shield_blocking"},"type":"condition","on_false":{"model":"elitecreatures:bahamut_animated_weapon_set/shield","base":"item/shield","type":"model"}}},{"threshold":10011,"model":{"property":"using_item","on_true":{"base":"item/shield_blocking","type":"special","model":{"type":"shield"}},"type":"condition","on_false":{"model":"item/shield","base":"item/shield","type":"model"}}}]}}