{"parent":"item/handheld_rod","textures":{"layer0":"item/fishing_rod"},"overrides":[{"predicate":{"cast":1},"model":"item/fishing_rod_cast"},{"predicate":{"custom_model_data":10000},"model":"cosmo_pack:fishing_rod"},{"predicate":{"cast":1,"custom_model_data":10000},"model":"cosmo_pack:fishing_rod_cast"},{"predicate":{"custom_model_data":10001},"model":"valerieset:fishing_rod"},{"predicate":{"cast":1,"custom_model_data":10001},"model":"valerieset:fishing_rod_cast"},{"predicate":{"custom_model_data":10002},"model":"draculaset:fishing"},{"predicate":{"cast":1,"custom_model_data":10002},"model":"draculaset:fishing_cast"},{"predicate":{"custom_model_data":10003},"model":"elitecreatures:fishing_rod"},{"predicate":{"cast":1,"custom_model_data":10003},"model":"elitecreatures:fishing_rod_cast"},{"predicate":{"custom_model_data":10004},"model":"elitecreatures:ifrit_animated/fishing_rod"},{"predicate":{"cast":1,"custom_model_data":10004},"model":"elitecreatures:ifrit_animated/fishing_rod_cast"},{"predicate":{"custom_model_data":10005},"model":"azureset:fishing_rod"},{"predicate":{"cast":1,"custom_model_data":10005},"model":"azureset:fishing_rod_cast"},{"predicate":{"custom_model_data":10006},"model":"elitecreatures:pink_legacy_animated_weapon_set/fishing_rod"},{"predicate":{"cast":1,"custom_model_data":10006},"model":"elitecreatures:pink_legacy_animated_weapon_set/fishing_rod_cast"},{"predicate":{"custom_model_data":10007},"model":"fairyset:fishing_rod"},{"predicate":{"cast":1,"custom_model_data":10007},"model":"fairyset:fishing_rod_cast"},{"predicate":{"custom_model_data":10008},"model":"elitecreatures:bahamut_animated_weapon_set/fishing_rod"},{"predicate":{"cast":1,"custom_model_data":10008},"model":"elitecreatures:bahamut_animated_weapon_set/fishing_rod_cast"},{"predicate":{"custom_model_data":10009},"model":"item/fishing_rod"}]}