{"parent":"minecraft:item/handheld","textures":{"layer0":"minecraft:item/iron_sword"},"overrides":[{"predicate":{"custom_model_data":10000},"model":"cosmo_pack:battle_axe"},{"predicate":{"custom_model_data":10001},"model":"cosmo_pack:blade"},{"predicate":{"custom_model_data":10002},"model":"cosmo_pack:dagger"},{"predicate":{"custom_model_data":10003},"model":"cosmo_pack:halberd"},{"predicate":{"custom_model_data":10004},"model":"cosmo_pack:sickle"},{"predicate":{"custom_model_data":10005},"model":"cosmo_pack:spear"},{"predicate":{"custom_model_data":10006},"model":"cosmo_pack:staff"},{"predicate":{"custom_model_data":10007},"model":"cosmo_pack:sword"},{"predicate":{"custom_model_data":10008},"model":"valerieset:hammer"},{"predicate":{"custom_model_data":10009},"model":"valerieset:spear"},{"predicate":{"custom_model_data":10010},"model":"valerieset:sword"},{"predicate":{"custom_model_data":10011},"model":"valerieset:scythe"},{"predicate":{"custom_model_data":10012},"model":"valerieset:staff"},{"predicate":{"custom_model_data":10013},"model":"valerieset:greatsword"},{"predicate":{"custom_model_data":10014},"model":"valerieset:trident"},{"predicate":{"custom_model_data":10015},"model":"draculaset:battleaxe"},{"predicate":{"custom_model_data":10016},"model":"draculaset:blade"},{"predicate":{"custom_model_data":10017},"model":"draculaset:dagger"},{"predicate":{"custom_model_data":10018},"model":"draculaset:halberd"},{"predicate":{"custom_model_data":10019},"model":"draculaset:sickle"},{"predicate":{"custom_model_data":10020},"model":"draculaset:spear"},{"predicate":{"custom_model_data":10021},"model":"draculaset:staff"},{"predicate":{"custom_model_data":10022},"model":"draculaset:sword"},{"predicate":{"custom_model_data":10023},"model":"elitecreatures:big_sword"},{"predicate":{"custom_model_data":10024},"model":"elitecreatures:dagger"},{"predicate":{"custom_model_data":10025},"model":"elitecreatures:gauntlet"},{"predicate":{"custom_model_data":10026},"model":"elitecreatures:mace"},{"predicate":{"custom_model_data":10027},"model":"elitecreatures:spear"},{"predicate":{"custom_model_data":10028},"model":"elitecreatures:scythe"},{"predicate":{"custom_model_data":10029},"model":"elitecreatures:staff"},{"predicate":{"custom_model_data":10030},"model":"elitecreatures:sword"},{"predicate":{"custom_model_data":10031},"model":"starlight:battle_axe"},{"predicate":{"custom_model_data":10032},"model":"starlight:blade"},{"predicate":{"custom_model_data":10033},"model":"starlight:dagger"},{"predicate":{"custom_model_data":10034},"model":"starlight:sickle"},{"predicate":{"custom_model_data":10035},"model":"starlight:spear"},{"predicate":{"custom_model_data":10036},"model":"starlight:staff"},{"predicate":{"custom_model_data":10037},"model":"starlight:sword"},{"predicate":{"custom_model_data":10038},"model":"slayer_set:spear"},{"predicate":{"custom_model_data":10039},"model":"slayer_set:sword"},{"predicate":{"custom_model_data":10040},"model":"slayer_set:knife"},{"predicate":{"custom_model_data":10041},"model":"slayer_set:hammer"},{"predicate":{"custom_model_data":10042},"model":"slayer_set:claymore"},{"predicate":{"custom_model_data":10043},"model":"slayer_set:staff"},{"predicate":{"custom_model_data":10044},"model":"azureset:greatsword"},{"predicate":{"custom_model_data":10045},"model":"azureset:hammer"},{"predicate":{"custom_model_data":10046},"model":"azureset:scythe"},{"predicate":{"custom_model_data":10047},"model":"azureset:spear"},{"predicate":{"custom_model_data":10048},"model":"azureset:staff"},{"predicate":{"custom_model_data":10049},"model":"azureset:sword"},{"predicate":{"custom_model_data":10050},"model":"azureset:trident"},{"predicate":{"custom_model_data":10051},"model":"elitecreatures:pink_legacy_animated_weapon_set/spear"},{"predicate":{"custom_model_data":10052},"model":"elitecreatures:pink_legacy_animated_weapon_set/staff"},{"predicate":{"custom_model_data":10053},"model":"elitecreatures:pink_legacy_animated_weapon_set/sword"},{"predicate":{"custom_model_data":10054},"model":"fairyset:greatsword"},{"predicate":{"custom_model_data":10055},"model":"fairyset:hammer"},{"predicate":{"custom_model_data":10056},"model":"fairyset:scythe"},{"predicate":{"custom_model_data":10057},"model":"fairyset:spear"},{"predicate":{"custom_model_data":10058},"model":"fairyset:staff"},{"predicate":{"custom_model_data":10059},"model":"fairyset:sword"},{"predicate":{"custom_model_data":10060},"model":"fairyset:trident"},{"predicate":{"custom_model_data":10061},"model":"elitecreatures:bahamut_animated_weapon_set/big_sword"},{"predicate":{"custom_model_data":10062},"model":"elitecreatures:bahamut_animated_weapon_set/club"},{"predicate":{"custom_model_data":10063},"model":"elitecreatures:bahamut_animated_weapon_set/dagger"},{"predicate":{"custom_model_data":10064},"model":"elitecreatures:bahamut_animated_weapon_set/halberd"},{"predicate":{"custom_model_data":10065},"model":"elitecreatures:bahamut_animated_weapon_set/spear"},{"predicate":{"custom_model_data":10066},"model":"elitecreatures:bahamut_animated_weapon_set/staff"},{"predicate":{"custom_model_data":10067},"model":"elitecreatures:bahamut_animated_weapon_set/sword"},{"predicate":{"custom_model_data":10068},"model":"item/iron_sword"}]}