{"parent":"minecraft:item/handheld","textures":{"layer0":"minecraft:item/iron_shovel"},"overrides":[{"predicate":{"custom_model_data":10000},"model":"cosmo_pack:shovel"},{"predicate":{"custom_model_data":10001},"model":"valerieset:shovel"},{"predicate":{"custom_model_data":10002},"model":"draculaset:shovel"},{"predicate":{"custom_model_data":10003},"model":"elitecreatures:shovel"},{"predicate":{"custom_model_data":10004},"model":"starlight:shovel"},{"predicate":{"custom_model_data":10005},"model":"slayer_set:shovel"},{"predicate":{"custom_model_data":10006},"model":"azureset:shovel"},{"predicate":{"custom_model_data":10007},"model":"elitecreatures:pink_legacy_animated_weapon_set/shovel"},{"predicate":{"custom_model_data":10008},"model":"fairyset:shovel"},{"predicate":{"custom_model_data":10009},"model":"elitecreatures:bahamut_animated_weapon_set/shovel"},{"predicate":{"custom_model_data":10010},"model":"item/iron_shovel"}]}