{"parent":"minecraft:item/handheld","textures":{"layer0":"minecraft:item/iron_pickaxe"},"overrides":[{"predicate":{"custom_model_data":10000},"model":"cosmo_pack:pickaxe"},{"predicate":{"custom_model_data":10001},"model":"valerieset:pickaxe"},{"predicate":{"custom_model_data":10002},"model":"draculaset:pickaxe"},{"predicate":{"custom_model_data":10003},"model":"elitecreatures:pickaxe"},{"predicate":{"custom_model_data":10004},"model":"starlight:pickaxe"},{"predicate":{"custom_model_data":10005},"model":"slayer_set:pickaxe"},{"predicate":{"custom_model_data":10006},"model":"azureset:pickaxe"},{"predicate":{"custom_model_data":10007},"model":"elitecreatures:pink_legacy_animated_weapon_set/pickaxe"},{"predicate":{"custom_model_data":10008},"model":"fairyset:pickaxe"},{"predicate":{"custom_model_data":10009},"model":"elitecreatures:bahamut_animated_weapon_set/pickaxe"},{"predicate":{"custom_model_data":10010},"model":"item/iron_pickaxe"}]}