{"parent":"minecraft:item/generated","textures":{"layer0":"minecraft:item/kelp"},"overrides":[{"predicate":{"custom_model_data":10000},"model":"elitecreatures:ifrit_animated/helmet"},{"predicate":{"custom_model_data":10001},"model":"elitecreatures:ifrit_animated/balloon"},{"predicate":{"custom_model_data":10002},"model":"elitecreatures:ifrit_animated/key"},{"predicate":{"custom_model_data":10003},"model":"elitecreatures:ifrit_animated/quiver"},{"predicate":{"custom_model_data":10004},"model":"item/kelp"}]}