{"parent":"minecraft:item/generated","textures":{"layer0":"minecraft:item/paper"},"overrides":[{"predicate":{"custom_model_data":10000},"model":"_iainternal:ia_auto_gen/icon_left_blue"},{"predicate":{"custom_model_data":10001},"model":"_iainternal:ia_auto_gen/icon_right_blue"},{"predicate":{"custom_model_data":10002},"model":"_iainternal:ia_auto_gen/icon_search"},{"predicate":{"custom_model_data":10003},"model":"_iainternal:ia_auto_gen/icon_cancel"},{"predicate":{"custom_model_data":10004},"model":"_iainternal:ia_auto_gen/icon_arrow_chest"},{"predicate":{"custom_model_data":10005},"model":"_iainternal:ia_auto_gen/icon_back_orange"},{"predicate":{"custom_model_data":10006},"model":"_iainternal:ia_auto_gen/icon_next_orange"},{"predicate":{"custom_model_data":10007},"model":"cosmo_pack:key"},{"predicate":{"custom_model_data":10008},"model":"cosmo_pack:wings"},{"predicate":{"custom_model_data":10009},"model":"valerieset:chest"},{"predicate":{"custom_model_data":10010},"model":"valerieset:chest_opening"},{"predicate":{"custom_model_data":10011},"model":"valerieset:key"},{"predicate":{"custom_model_data":10012},"model":"valerieset:wings"},{"predicate":{"custom_model_data":10013},"model":"draculaset:key"},{"predicate":{"custom_model_data":10014},"model":"draculaset:wings"},{"predicate":{"custom_model_data":10015},"model":"elitecreatures:chest"},{"predicate":{"custom_model_data":10016},"model":"elitecreatures:key"},{"predicate":{"custom_model_data":10017},"model":"elitecreatures:wing"},{"predicate":{"custom_model_data":10018},"model":"starlight:key"},{"predicate":{"custom_model_data":10019},"model":"starlight:wings"},{"predicate":{"custom_model_data":10020},"model":"elitecreatures:ifrit_animated/chest"},{"predicate":{"custom_model_data":10021},"model":"slayer_set:chest"},{"predicate":{"custom_model_data":10022},"model":"slayer_set:chest_opening"},{"predicate":{"custom_model_data":10023},"model":"slayer_set:key"},{"predicate":{"custom_model_data":10024},"model":"slayer_set:wings"},{"predicate":{"custom_model_data":10025},"model":"slayer_set:helmet"},{"predicate":{"custom_model_data":10026},"model":"azureset:key"},{"predicate":{"custom_model_data":10027},"model":"azureset:wings"},{"predicate":{"custom_model_data":10028},"model":"azureset:helmet"},{"predicate":{"custom_model_data":10029},"model":"elitecreatures:pink_legacy_animated_weapon_set/chest"},{"predicate":{"custom_model_data":10030},"model":"elitecreatures:pink_legacy_animated_weapon_set/key"},{"predicate":{"custom_model_data":10031},"model":"elitecreatures:pink_legacy_animated_weapon_set/wings"},{"predicate":{"custom_model_data":10032},"model":"fairyset:key"},{"predicate":{"custom_model_data":10033},"model":"fairyset:wings"},{"predicate":{"custom_model_data":10034},"model":"fairyset:helmet"},{"predicate":{"custom_model_data":10035},"model":"elitecreatures:bahamut_animated_weapon_set/chest"},{"predicate":{"custom_model_data":10036},"model":"elitecreatures:bahamut_animated_weapon_set/gauntlet"},{"predicate":{"custom_model_data":10037},"model":"elitecreatures:bahamut_animated_weapon_set/hat"},{"predicate":{"custom_model_data":10038},"model":"elitecreatures:bahamut_animated_weapon_set/helmet"},{"predicate":{"custom_model_data":10039},"model":"elitecreatures:bahamut_animated_weapon_set/key"},{"predicate":{"custom_model_data":10040},"model":"elitecreatures:bahamut_animated_weapon_set/wing"},{"predicate":{"custom_model_data":10041},"model":"item/paper"}]}