{"parent":"minecraft:block/sea_lantern","overrides":[{"predicate":{"custom_model_data":10000},"model":"cosmo_pack:chest"},{"predicate":{"custom_model_data":10001},"model":"draculaset:chest"},{"predicate":{"custom_model_data":10002},"model":"starlight:chest"},{"predicate":{"custom_model_data":10003},"model":"azureset:chest"},{"predicate":{"custom_model_data":10004},"model":"azureset:chest_opening"},{"predicate":{"custom_model_data":10005},"model":"fairyset:chest"},{"predicate":{"custom_model_data":10006},"model":"fairyset:chest_opening"},{"predicate":{"custom_model_data":10007},"model":"item/sea_lantern"}]}