{"parent":"builtin/entity","gui_light":"front","textures":{"particle":"block/dark_oak_planks"},"display":{"thirdperson_righthand":{"rotation":[0,90,0],"translation":[10,6,-4],"scale":[1,1,1]},"thirdperson_lefthand":{"rotation":[0,90,0],"translation":[10,6,12],"scale":[1,1,1]},"firstperson_righthand":{"rotation":[0,180,5],"translation":[-10,2,-10],"scale":[1.25,1.25,1.25]},"firstperson_lefthand":{"rotation":[0,180,5],"translation":[10,0,-10],"scale":[1.25,1.25,1.25]},"gui":{"rotation":[15,-25,-5],"translation":[2,3,0],"scale":[0.65,0.65,0.65]},"fixed":{"rotation":[0,180,0],"translation":[-4.5,4.5,-5],"scale":[0.55,0.55,0.55]},"ground":{"rotation":[0,0,0],"translation":[2,4,2],"scale":[0.25,0.25,0.25]}},"overrides":[{"predicate":{"blocking":1},"model":"item/shield_blocking"},{"predicate":{"custom_model_data":10000},"model":"cosmo_pack:shield"},{"predicate":{"blocking":1,"custom_model_data":10000},"model":"cosmo_pack:shield_blocking"},{"predicate":{"custom_model_data":10001},"model":"valerieset:shield"},{"predicate":{"blocking":1,"custom_model_data":10001},"model":"valerieset:shield_blocking"},{"predicate":{"custom_model_data":10002},"model":"draculaset:shield"},{"predicate":{"blocking":1,"custom_model_data":10002},"model":"draculaset:shield_blocking"},{"predicate":{"custom_model_data":10003},"model":"elitecreatures:shield"},{"predicate":{"blocking":1,"custom_model_data":10003},"model":"elitecreatures:shield_blocking"},{"predicate":{"custom_model_data":10004},"model":"starlight:shield"},{"predicate":{"blocking":1,"custom_model_data":10004},"model":"starlight:shield_blocking"},{"predicate":{"custom_model_data":10005},"model":"elitecreatures:ifrit_animated/shield"},{"predicate":{"blocking":1,"custom_model_data":10005},"model":"elitecreatures:ifrit_animated/shield_blocking"},{"predicate":{"custom_model_data":10006},"model":"slayer_set:shield"},{"predicate":{"blocking":1,"custom_model_data":10006},"model":"slayer_set:shield_blocking"},{"predicate":{"custom_model_data":10007},"model":"azureset:shield"},{"predicate":{"blocking":1,"custom_model_data":10007},"model":"azureset:shield_blocking"},{"predicate":{"custom_model_data":10008},"model":"elitecreatures:pink_legacy_animated_weapon_set/shield"},{"predicate":{"blocking":1,"custom_model_data":10008},"model":"elitecreatures:pink_legacy_animated_weapon_set/shield_blocking"},{"predicate":{"custom_model_data":10009},"model":"fairyset:shield"},{"predicate":{"blocking":1,"custom_model_data":10009},"model":"fairyset:shield_blocking"},{"predicate":{"custom_model_data":10010},"model":"elitecreatures:bahamut_animated_weapon_set/shield"},{"predicate":{"blocking":1,"custom_model_data":10010},"model":"elitecreatures:bahamut_animated_weapon_set/shield_blocking"},{"predicate":{"custom_model_data":10011},"model":"item/shield"}]}