{"credit":"MadewithBlockbench","textures":{"0":"elitecreatures:pink_legacy_animated_weapon_set/texture","1":"elitecreatures:pink_legacy_animated_weapon_set/eff_01","2":"elitecreatures:pink_legacy_animated_weapon_set/eff_02","3":"elitecreatures:pink_legacy_animated_weapon_set/eff_03","particle":"elitecreatures:pink_legacy_animated_weapon_set/texture"},"elements":[{"name":"eff","from":[-3.5,-1.26,7.75],"to":[19.5,21.74,7.75],"rotation":{"angle":0,"axis":"y","origin":[5.775,8.225,8.25]},"faces":{"north":{"uv":[16,0,0,16],"texture":"#1"},"east":{"uv":[0,0,0,3.6],"texture":"#1"},"south":{"uv":[0,0,16,16],"texture":"#1"},"west":{"uv":[0,0,0,3.6],"texture":"#1"},"up":{"uv":[0,0,3.8,0],"texture":"#1"},"down":{"uv":[0,0,3.8,0],"texture":"#1"}}},{"from":[7.415,-8.85,7.415],"to":[8.585,-2.55,8.585],"rotation":{"angle":0,"axis":"y","origin":[8.045,-3,8.045]},"faces":{"north":{"uv":[8.4,0,8.9,2.5],"texture":"#0"},"east":{"uv":[8.4,2.8,8.9,5.3],"texture":"#0"},"south":{"uv":[8.4,5.6,8.9,8.1],"texture":"#0"},"west":{"uv":[8.4,8.4,8.9,10.9],"texture":"#0"},"up":{"uv":[5.3,13.7,4.8,13.2],"texture":"#0"},"down":{"uv":[6.1,13.2,5.6,13.7],"texture":"#0"}}},{"from":[6.065,5.5415,7.7575],"to":[9.935,12.7415,8.2525],"rotation":{"angle":0,"axis":"y","origin":[8,3.49575,8.0025]},"faces":{"north":{"uv":[5.2,3.6,6.7,6.5],"rotation":180,"texture":"#0"},"east":{"uv":[10.4,10,10.6,12.9],"rotation":180,"texture":"#0"},"south":{"uv":[6.8,0,8.3,2.9],"rotation":180,"texture":"#0"},"west":{"uv":[10,10,10.2,12.9],"rotation":180,"texture":"#0"},"up":{"uv":[14.3,7.2,12.8,7.4],"rotation":180,"texture":"#0"},"down":{"uv":[14.3,2.2,12.8,2],"rotation":180,"texture":"#0"}}},{"from":[13.6,9.9565,8],"to":[20.8,13.8265,8],"rotation":{"angle":-22.5,"axis":"z","origin":[17.2,11.8915,8]},"faces":{"north":{"uv":[5,8.1,3.5,11],"rotation":90,"texture":"#0"},"east":{"uv":[14.3,7.2,12.8,7.4],"rotation":270,"texture":"#0"},"south":{"uv":[3.5,8.1,5,11],"rotation":270,"texture":"#0"},"west":{"uv":[14.3,2.2,12.8,2],"rotation":270,"texture":"#0"},"up":{"uv":[10,10,10.2,12.9],"rotation":270,"texture":"#0"},"down":{"uv":[10.4,10,10.6,12.9],"rotation":270,"texture":"#0"}}},{"from":[7.31,5.5415,7.5075],"to":[8.68,9.9915,8.5025],"rotation":{"angle":0,"axis":"y","origin":[8,3.49575,8.0025]},"faces":{"north":{"uv":[6.8,8.8,7.3,10.6],"rotation":180,"texture":"#0"},"east":{"uv":[9.2,6.4,9.6,8.2],"rotation":180,"texture":"#0"},"south":{"uv":[9.2,2.4,9.7,4.2],"rotation":180,"texture":"#0"},"west":{"uv":[9.2,4.4,9.6,6.2],"rotation":180,"texture":"#0"},"up":{"uv":[14.1,5.2,13.6,5.6],"rotation":180,"texture":"#0"},"down":{"uv":[14.1,5.2,13.6,4.8],"rotation":180,"texture":"#0"}}},{"from":[7.14,-2.8585,7.6275],"to":[8.86,11.0415,8.3725],"rotation":{"angle":0,"axis":"y","origin":[8,8.99575,8.0025]},"faces":{"north":{"uv":[6.8,3.2,7.5,8.8],"rotation":180,"texture":"#0"},"east":{"uv":[6.4,6.8,6.7,12.4],"rotation":180,"texture":"#0"},"south":{"uv":[5.2,6.8,5.9,12.4],"rotation":180,"texture":"#0"},"west":{"uv":[6,6.8,6.3,12.4],"rotation":180,"texture":"#0"},"up":{"uv":[14.3,1.6,13.6,1.9],"rotation":180,"texture":"#0"},"down":{"uv":[14.3,1.5,13.6,1.2],"rotation":180,"texture":"#0"}}},{"from":[15.77364,-0.02789,7.6],"to":[17.02364,1.22211,8.4],"rotation":{"angle":-45,"axis":"z","origin":[8,8.99575,8.0025]},"faces":{"north":{"uv":[13.2,5.6,13.7,6.1],"rotation":180,"texture":"#0"},"east":{"uv":[4.4,13.6,4.8,14.1],"rotation":180,"texture":"#0"},"south":{"uv":[13.2,6.4,13.7,6.9],"rotation":180,"texture":"#0"},"west":{"uv":[6.4,13.2,6.8,13.7],"rotation":180,"texture":"#0"},"up":{"uv":[8.1,13.6,7.6,14],"rotation":180,"texture":"#0"},"down":{"uv":[7.3,14,6.8,13.6],"rotation":180,"texture":"#0"}}},{"from":[8.73,8.7815,8],"to":[18.28,17.7515,8],"rotation":{"angle":0,"axis":"y","origin":[8,3.49575,8.0025]},"faces":{"north":{"uv":[6.6,0,2.83,3.6],"rotation":180,"texture":"#0"},"east":{"uv":[0,0,0,3.6],"rotation":180,"texture":"#0"},"south":{"uv":[2.83,0,6.6,3.6],"rotation":180,"texture":"#0"},"west":{"uv":[0,0,0,3.6],"rotation":180,"texture":"#0"},"up":{"uv":[0,0,3.8,0],"rotation":180,"texture":"#0"},"down":{"uv":[0,0,3.8,0],"rotation":180,"texture":"#0"}}},{"from":[6.23,-13.2185,8],"to":[13.78,-6.2485,8],"rotation":{"angle":-22.5,"axis":"z","origin":[10.005,-9.7335,8]},"faces":{"north":{"uv":[6.6,0,2.83,3.6],"rotation":180,"texture":"#0"},"east":{"uv":[0,0,0,3.6],"rotation":180,"texture":"#0"},"south":{"uv":[2.83,0,6.6,3.6],"rotation":180,"texture":"#0"},"west":{"uv":[0,0,0,3.6],"rotation":180,"texture":"#0"},"up":{"uv":[0,0,3.8,0],"rotation":180,"texture":"#0"},"down":{"uv":[0,0,3.8,0],"rotation":180,"texture":"#0"}}},{"from":[2.22,-13.2185,8],"to":[9.77,-6.2485,8],"rotation":{"angle":22.5,"axis":"z","origin":[5.995,-9.7335,8]},"faces":{"north":{"uv":[2.83,0,6.6,3.6],"rotation":180,"texture":"#0"},"east":{"uv":[0,0,0,3.6],"rotation":180,"texture":"#0"},"south":{"uv":[6.6,0,2.83,3.6],"rotation":180,"texture":"#0"},"west":{"uv":[0,0,0,3.6],"rotation":180,"texture":"#0"},"up":{"uv":[3.8,0,0,0],"rotation":180,"texture":"#0"},"down":{"uv":[3.8,0,0,0],"rotation":180,"texture":"#0"}}},{"from":[6.5,3.0015,7.75],"to":[15.5,12.0015,8.25],"rotation":{"angle":0,"axis":"y","origin":[8,3.49575,8.0025]},"faces":{"north":{"uv":[16,0,0,16],"rotation":180,"texture":"#2"},"east":{"uv":[0,0,0,3.6],"rotation":180,"texture":"#2"},"south":{"uv":[0,0,16,16],"rotation":180,"texture":"#2"},"west":{"uv":[0,0,0,3.6],"rotation":180,"texture":"#2"},"up":{"uv":[0,0,3.8,0],"rotation":180,"texture":"#2"},"down":{"uv":[0,0,3.8,0],"rotation":180,"texture":"#2"}}},{"from":[0.5,3.0015,7.75],"to":[9.5,12.0015,7.75],"rotation":{"angle":0,"axis":"y","origin":[8,3.49575,8.0025]},"faces":{"north":{"uv":[0,0,16,16],"rotation":180,"texture":"#2"},"east":{"uv":[0,0,0,3.6],"rotation":180,"texture":"#2"},"south":{"uv":[16,0,0,16],"rotation":180,"texture":"#2"},"west":{"uv":[0,0,0,3.6],"rotation":180,"texture":"#2"},"up":{"uv":[3.8,0,0,0],"rotation":180,"texture":"#2"},"down":{"uv":[3.8,0,0,0],"rotation":180,"texture":"#2"}}},{"from":[9.5,9.5015,7.75],"to":[16.5,16.5015,7.75],"rotation":{"angle":0,"axis":"y","origin":[8,3.49575,8.0025]},"faces":{"north":{"uv":[0,16,16,0],"rotation":90,"texture":"#3"},"east":{"uv":[3.8,0,0,0],"rotation":270,"texture":"#3"},"south":{"uv":[16,16,0,0],"rotation":270,"texture":"#3"},"west":{"uv":[3.8,0,0,0],"rotation":270,"texture":"#3"},"up":{"uv":[0,3.6,0,0],"rotation":270,"texture":"#3"},"down":{"uv":[0,3.6,0,0],"rotation":270,"texture":"#3"}}},{"from":[2.63235,7.5434,7.5525],"to":[3.95235,8.8634,8.4475],"rotation":{"angle":-45,"axis":"z","origin":[8,3.49575,8.0025]},"faces":{"north":{"uv":[13.2,7.6,13.7,8.1],"rotation":270,"texture":"#0"},"east":{"uv":[0.9,14.4,0.4,14],"rotation":90,"texture":"#0"},"south":{"uv":[8.4,13.2,8.9,13.7],"rotation":90,"texture":"#0"},"west":{"uv":[14.5,0.8,14,1.2],"rotation":90,"texture":"#0"},"up":{"uv":[14,0,14.4,0.5],"rotation":90,"texture":"#0"},"down":{"uv":[0,14,0.4,14.5],"rotation":90,"texture":"#0"}}},{"from":[5.19312,3.59556,7.4625],"to":[7.89312,6.29556,8.5475],"rotation":{"angle":-45,"axis":"z","origin":[8,3.49575,8.0025]},"faces":{"north":{"uv":[9.2,0,10.3,1.1],"rotation":270,"texture":"#0"},"east":{"uv":[12.7,4.4,11.6,4],"rotation":90,"texture":"#0"},"south":{"uv":[10.3,0,9.2,1.1],"rotation":90,"texture":"#0"},"west":{"uv":[13.1,0,12,0.4],"rotation":90,"texture":"#0"},"up":{"uv":[11.6,11.2,12,12.3],"rotation":90,"texture":"#0"},"down":{"uv":[11.6,10,12,11.1],"rotation":90,"texture":"#0"}}},{"from":[6.75,4.30109,7.4825],"to":[9.25,6.80109,8.5175],"rotation":{"angle":0,"axis":"y","origin":[8,3.49575,8.0025]},"faces":{"north":{"uv":[9.2,1.2,10.2,2.3],"rotation":180,"texture":"#0"},"east":{"uv":[12.7,10.7,12.8,11.8],"rotation":180,"texture":"#0"},"south":{"uv":[9.2,1.2,10.2,2.3],"rotation":180,"texture":"#0"},"west":{"uv":[12.7,10.7,12.8,11.8],"rotation":180,"texture":"#0"},"up":{"uv":[13.2,1,12.5,1.1],"rotation":180,"texture":"#0"},"down":{"uv":[13.2,3.9,12.3,3.8],"rotation":180,"texture":"#0"}}},{"from":[7.2125,12.6515,7.2125],"to":[8.7875,14.5415,8.7875],"rotation":{"angle":0,"axis":"y","origin":[8,3.49575,8.0025]},"faces":{"north":{"uv":[8.4,11.2,9,12],"rotation":180,"texture":"#0"},"east":{"uv":[11.6,2.4,12.2,3.2],"rotation":180,"texture":"#0"},"south":{"uv":[10.8,11.2,11.4,12],"rotation":180,"texture":"#0"},"west":{"uv":[9.2,11.2,9.8,12],"rotation":180,"texture":"#0"},"up":{"uv":[7.4,12,6.8,12.6],"rotation":180,"texture":"#0"},"down":{"uv":[12.6,6.6,12,6],"rotation":180,"texture":"#0"}}},{"from":[7.2125,-3.145,7.2125],"to":[8.7875,-2.515,8.7875],"rotation":{"angle":0,"axis":"y","origin":[8,-2.65,8]},"faces":{"north":{"uv":[14,12,14.6,12.3],"texture":"#0"},"east":{"uv":[12.4,14,13,14.3],"texture":"#0"},"south":{"uv":[14,12.4,14.6,12.7],"texture":"#0"},"west":{"uv":[14,12.8,14.6,13.1],"texture":"#0"},"up":{"uv":[12.6,7.4,12,6.8],"texture":"#0"},"down":{"uv":[8.2,12,7.6,12.6],"texture":"#0"}}},{"from":[7.2125,-10.74,7.2125],"to":[8.7875,-8.85,8.7875],"rotation":{"angle":0,"axis":"y","origin":[8,9.6,8]},"faces":{"north":{"uv":[11.6,3.2,12.2,4],"texture":"#0"},"east":{"uv":[11.6,7.6,12.2,8.4],"texture":"#0"},"south":{"uv":[11.6,8.4,12.2,9.2],"texture":"#0"},"west":{"uv":[11.6,9.2,12.2,10],"texture":"#0"},"up":{"uv":[9,12.6,8.4,12],"texture":"#0"},"down":{"uv":[9.8,12,9.2,12.6],"texture":"#0"}}},{"from":[7.2125,-8.535,7.2125],"to":[8.7875,-7.905,8.7875],"rotation":{"angle":0,"axis":"y","origin":[8,9.6,8]},"faces":{"north":{"uv":[14,13.6,14.6,13.9],"texture":"#0"},"east":{"uv":[14,14,14.6,14.3],"texture":"#0"},"south":{"uv":[14.4,0,15,0.3],"texture":"#0"},"west":{"uv":[0.4,14.4,1,14.7],"texture":"#0"},"up":{"uv":[12.6,10.6,12,10],"texture":"#0"},"down":{"uv":[11.4,12,10.8,12.6],"texture":"#0"}}},{"from":[9.58913,11.27808,7.51],"to":[11.38913,11.95308,8.5],"rotation":{"angle":-22.5,"axis":"z","origin":[8,3.49575,8.0025]},"faces":{"north":{"uv":[13.6,4,14.3,4.3],"rotation":180,"texture":"#0"},"east":{"uv":[10,14.4,10.4,14.7],"rotation":180,"texture":"#0"},"south":{"uv":[13.6,4.4,14.3,4.7],"rotation":180,"texture":"#0"},"west":{"uv":[14.4,9.6,14.8,9.9],"rotation":180,"texture":"#0"},"up":{"uv":[13.5,10.4,12.8,10.8],"rotation":180,"texture":"#0"},"down":{"uv":[13.5,10.4,12.8,10],"rotation":180,"texture":"#0"}}},{"from":[1.51323,13.46877,7.51],"to":[2.18823,14.81877,8.5],"rotation":{"angle":-45,"axis":"z","origin":[8,3.49575,8.0025]},"faces":{"north":{"uv":[14.4,6.4,14.9,6.7],"rotation":270,"texture":"#0"},"east":{"uv":[6.1,14.4,5.6,14],"rotation":90,"texture":"#0"},"south":{"uv":[7.2,14.4,7.7,14.7],"rotation":90,"texture":"#0"},"west":{"uv":[14.5,5.6,14,6],"rotation":90,"texture":"#0"},"up":{"uv":[11.6,14.4,12,14.7],"rotation":90,"texture":"#0"},"down":{"uv":[11.2,14.4,11.6,14.7],"rotation":90,"texture":"#0"}}},{"from":[1.51323,11.66877,7.51],"to":[2.63823,13.46877,8.5],"rotation":{"angle":-45,"axis":"z","origin":[8,3.49575,8.0025]},"faces":{"north":{"uv":[12.4,3.2,13.1,3.7],"rotation":270,"texture":"#0"},"east":{"uv":[13.5,11.6,12.8,11.2],"rotation":90,"texture":"#0"},"south":{"uv":[4.8,12.4,5.5,12.9],"rotation":90,"texture":"#0"},"west":{"uv":[13.5,11.6,12.8,12],"rotation":90,"texture":"#0"},"up":{"uv":[14,6,14.4,6.5],"rotation":90,"texture":"#0"},"down":{"uv":[4,14,4.4,14.5],"rotation":90,"texture":"#0"}}},{"from":[5.98913,10.60308,7.51],"to":[9.58913,11.95308,8.5],"rotation":{"angle":-22.5,"axis":"z","origin":[8,3.49575,8.0025]},"faces":{"north":{"uv":[9.6,4.4,11,4.9],"rotation":180,"texture":"#0"},"east":{"uv":[6.8,14,7.2,14.5],"rotation":180,"texture":"#0"},"south":{"uv":[9.6,5.2,11,5.7],"rotation":180,"texture":"#0"},"west":{"uv":[6.4,14,6.8,14.5],"rotation":180,"texture":"#0"},"up":{"uv":[11.8,2,10.4,2.4],"rotation":180,"texture":"#0"},"down":{"uv":[11.8,2,10.4,1.6],"rotation":180,"texture":"#0"}}},{"from":[4.3827,11.90451,7.33],"to":[6.4077,13.70451,8.68],"rotation":{"angle":-22.5,"axis":"z","origin":[8,3.49575,8.0025]},"faces":{"north":{"uv":[10.4,6,11.2,6.7],"rotation":180,"texture":"#0"},"east":{"uv":[12.4,7.6,12.9,8.3],"rotation":180,"texture":"#0"},"south":{"uv":[10.4,6.8,11.2,7.5],"rotation":180,"texture":"#0"},"west":{"uv":[5.6,12.4,6.1,13.1],"rotation":180,"texture":"#0"},"up":{"uv":[12.8,5.2,12,5.7],"rotation":180,"texture":"#0"},"down":{"uv":[12.8,4.9,12,4.4],"rotation":180,"texture":"#0"}}},{"from":[12.49717,9.03359,7.555],"to":[13.84717,11.73359,8.455],"rotation":{"angle":22.5,"axis":"z","origin":[8,3.49575,8.0025]},"faces":{"north":{"uv":[7.6,10.8,8.1,11.9],"rotation":180,"texture":"#0"},"east":{"uv":[3.6,12,4,13.1],"rotation":180,"texture":"#0"},"south":{"uv":[10.8,7.6,11.3,8.7],"rotation":180,"texture":"#0"},"west":{"uv":[3.2,12,3.6,13.1],"rotation":180,"texture":"#0"},"up":{"uv":[7.7,14,7.2,14.4],"rotation":180,"texture":"#0"},"down":{"uv":[14.5,7.2,14,6.8],"rotation":180,"texture":"#0"}}},{"from":[6.85,11.80109,7.0825],"to":[9.15,14.10109,8.9175],"rotation":{"angle":0,"axis":"y","origin":[8,3.49575,8.0025]},"faces":{"north":{"uv":[10.7,9.5,11.5,10.3],"rotation":180,"texture":"#0"},"east":{"uv":[12.7,10.7,12.8,11.8],"rotation":180,"texture":"#0"},"south":{"uv":[10.7,9.5,11.5,10.3],"rotation":180,"texture":"#0"},"west":{"uv":[12.7,10.7,12.8,11.8],"rotation":180,"texture":"#0"},"up":{"uv":[13.2,1,12.5,1.1],"rotation":180,"texture":"#0"},"down":{"uv":[13.2,3.9,12.3,3.8],"rotation":180,"texture":"#0"}}},{"from":[0.29963,9.18904,7.005],"to":[2.29963,11.18904,9.005],"rotation":{"angle":-45,"axis":"z","origin":[8,3.49575,8.0025]},"faces":{"north":{"uv":[11.5,3.6,10.8,4.3],"rotation":180,"texture":"#0"},"east":{"uv":[11.5,11.1,10.8,10.4],"rotation":180,"texture":"#0"},"south":{"uv":[10.8,3.6,11.5,4.3],"rotation":180,"texture":"#0"},"west":{"uv":[10.8,8.8,11.5,9.5],"rotation":180,"texture":"#0"},"up":{"uv":[2.8,11.2,3.5,11.9],"rotation":180,"texture":"#0"},"down":{"uv":[11.2,0,11.9,0.7],"rotation":180,"texture":"#0"}}},{"from":[7.005,-11.225,7.005],"to":[9.005,-9.225,9.005],"rotation":{"angle":-45,"axis":"z","origin":[8.005,-10.225,8.005]},"faces":{"north":{"uv":[11.5,3.6,10.8,4.3],"texture":"#0"},"east":{"uv":[10.8,8.8,11.5,9.5],"texture":"#0"},"south":{"uv":[10.8,3.6,11.5,4.3],"texture":"#0"},"west":{"uv":[11.5,11.1,10.8,10.4],"texture":"#0"},"up":{"uv":[11.2,0,11.9,0.7],"texture":"#0"},"down":{"uv":[2.8,11.2,3.5,11.9],"texture":"#0"}}},{"from":[6.85,-11.35959,7.0825],"to":[9.15,-9.05959,8.9175],"rotation":{"angle":0,"axis":"y","origin":[8,-10.20959,8]},"faces":{"north":{"uv":[10.7,9.5,11.5,10.3],"texture":"#0"},"east":{"uv":[12.7,10.7,12.8,11.8],"texture":"#0"},"south":{"uv":[10.7,9.5,11.5,10.3],"texture":"#0"},"west":{"uv":[12.7,10.7,12.8,11.8],"texture":"#0"},"up":{"uv":[13.2,3.9,12.3,3.8],"texture":"#0"},"down":{"uv":[13.2,1,12.5,1.1],"texture":"#0"}}},{"from":[8.07955,-11.06935,7.325],"to":[9.20455,-9.51935,8.675],"rotation":{"angle":-22.5,"axis":"z","origin":[9.42955,-10.53185,8]},"faces":{"north":{"uv":[12.4,8.4,12.9,9.1],"texture":"#0"},"east":{"uv":[12.4,9.2,12.9,9.9],"texture":"#0"},"south":{"uv":[11.6,12.4,12.1,13.1],"texture":"#0"},"west":{"uv":[12.4,12.4,12.9,13.1],"texture":"#0"},"up":{"uv":[13.7,8.9,13.2,8.4],"texture":"#0"},"down":{"uv":[9.7,13.2,9.2,13.7],"texture":"#0"}}},{"from":[6.79545,-11.06935,7.325],"to":[7.92045,-9.51935,8.675],"rotation":{"angle":22.5,"axis":"z","origin":[6.57045,-10.53185,8]},"faces":{"north":{"uv":[12.8,1.2,13.3,1.9],"texture":"#0"},"east":{"uv":[4,12.8,4.5,13.5],"texture":"#0"},"south":{"uv":[12.8,4,13.3,4.7],"texture":"#0"},"west":{"uv":[12.8,4.8,13.3,5.5],"texture":"#0"},"up":{"uv":[13.7,9.7,13.2,9.2],"texture":"#0"},"down":{"uv":[10.5,13.2,10,13.7],"texture":"#0"}}},{"from":[6.1674,-11.55291,7.55],"to":[7.2024,-10.20291,8.45],"rotation":{"angle":-22.5,"axis":"z","origin":[6.7524,-11.55291,8]},"faces":{"north":{"uv":[14,7.6,14.4,8.1],"texture":"#0"},"east":{"uv":[8,14,8.4,14.5],"texture":"#0"},"south":{"uv":[8.4,14,8.8,14.5],"texture":"#0"},"west":{"uv":[14,8.4,14.4,8.9],"texture":"#0"},"up":{"uv":[14.8,2.4,14.4,2],"texture":"#0"},"down":{"uv":[2.8,14.4,2.4,14.8],"texture":"#0"}}},{"from":[8.7976,-11.55291,7.55],"to":[9.8326,-10.20291,8.45],"rotation":{"angle":22.5,"axis":"z","origin":[9.2476,-11.55291,8]},"faces":{"north":{"uv":[8.8,14,9.2,14.5],"texture":"#0"},"east":{"uv":[9.2,14,9.6,14.5],"texture":"#0"},"south":{"uv":[14,9.2,14.4,9.7],"texture":"#0"},"west":{"uv":[9.6,14,10,14.5],"texture":"#0"},"up":{"uv":[14.8,2.8,14.4,2.4],"texture":"#0"},"down":{"uv":[14.8,2.8,14.4,3.2],"texture":"#0"}}},{"from":[8.08835,-9.25012,7.505],"to":[9.21335,-8.35012,8.495],"rotation":{"angle":45,"axis":"z","origin":[9.88835,-8.57512,8]},"faces":{"north":{"uv":[10,14,10.5,14.4],"texture":"#0"},"east":{"uv":[14.4,3.6,14.8,4],"texture":"#0"},"south":{"uv":[14,10,14.5,10.4],"texture":"#0"},"west":{"uv":[14.4,4,14.8,4.4],"texture":"#0"},"up":{"uv":[14.5,10.8,14,10.4],"texture":"#0"},"down":{"uv":[11.3,14,10.8,14.4],"texture":"#0"}}},{"from":[7.98835,-11.50012,7.505],"to":[9.78835,-10.60012,8.495],"rotation":{"angle":45,"axis":"z","origin":[9.78835,-11.05012,8]},"faces":{"north":{"uv":[12.8,12,13.5,12.4],"texture":"#0"},"east":{"uv":[4.4,14.4,4.8,14.8],"texture":"#0"},"south":{"uv":[13.2,0,13.9,0.4],"texture":"#0"},"west":{"uv":[14.4,4.4,14.8,4.8],"texture":"#0"},"up":{"uv":[13.9,0.8,13.2,0.4],"texture":"#0"},"down":{"uv":[13.9,0.8,13.2,1.2],"texture":"#0"}}},{"from":[6.21165,-11.50012,7.505],"to":[8.01165,-10.60012,8.495],"rotation":{"angle":-45,"axis":"z","origin":[6.21165,-11.05012,8]},"faces":{"north":{"uv":[13.2,2.4,13.9,2.8],"texture":"#0"},"east":{"uv":[4.8,14.4,5.2,14.8],"texture":"#0"},"south":{"uv":[2.8,13.2,3.5,13.6],"texture":"#0"},"west":{"uv":[14.4,4.8,14.8,5.2],"texture":"#0"},"up":{"uv":[13.9,3.2,13.2,2.8],"texture":"#0"},"down":{"uv":[13.9,3.2,13.2,3.6],"texture":"#0"}}},{"from":[6.78665,-9.25012,7.505],"to":[7.91165,-8.35012,8.495],"rotation":{"angle":-45,"axis":"z","origin":[6.11165,-8.57512,8]},"faces":{"north":{"uv":[14,10.8,14.5,11.2],"texture":"#0"},"east":{"uv":[5.2,14.4,5.6,14.8],"texture":"#0"},"south":{"uv":[14,11.2,14.5,11.6],"texture":"#0"},"west":{"uv":[14.4,5.2,14.8,5.6],"texture":"#0"},"up":{"uv":[12.1,14.4,11.6,14],"texture":"#0"},"down":{"uv":[14.5,11.6,14,12],"texture":"#0"}}},{"from":[3.80661,12.69602,7.775],"to":[5.15661,14.04602,8.225],"rotation":{"angle":-45,"axis":"z","origin":[8,3.49575,8.0025]},"faces":{"north":{"uv":[12.4,13.2,12.9,13.7],"rotation":270,"texture":"#0"},"east":{"uv":[15.3,2.2,14.8,2],"rotation":90,"texture":"#0"},"south":{"uv":[13.2,12.4,13.7,12.9],"rotation":90,"texture":"#0"},"west":{"uv":[2.9,14.8,2.4,15],"rotation":90,"texture":"#0"},"up":{"uv":[14.8,1.2,15,1.7],"rotation":90,"texture":"#0"},"down":{"uv":[14.8,0.4,15,0.9],"rotation":90,"texture":"#0"}}},{"from":[-1.97302,8.85752,7.51],"to":[-0.17302,9.98252,8.5],"rotation":{"angle":-45,"axis":"z","origin":[8,3.49575,8.0025]},"faces":{"north":{"uv":[13.1,3.2,12.4,3.7],"rotation":180,"texture":"#0"},"east":{"uv":[4.4,14,4,14.5],"rotation":180,"texture":"#0"},"south":{"uv":[5.5,12.4,4.8,12.9],"rotation":180,"texture":"#0"},"west":{"uv":[14.4,6,14,6.5],"rotation":180,"texture":"#0"},"up":{"uv":[12.8,11.6,13.5,12],"rotation":180,"texture":"#0"},"down":{"uv":[12.8,11.6,13.5,11.2],"rotation":180,"texture":"#0"}}},{"from":[-3.32302,9.30752,7.51],"to":[-1.97302,9.98252,8.5],"rotation":{"angle":-45,"axis":"z","origin":[8,3.49575,8.0025]},"faces":{"north":{"uv":[14.9,6.4,14.4,6.7],"rotation":180,"texture":"#0"},"east":{"uv":[11.6,14.4,11.2,14.7],"rotation":180,"texture":"#0"},"south":{"uv":[7.7,14.4,7.2,14.7],"rotation":180,"texture":"#0"},"west":{"uv":[12,14.4,11.6,14.7],"rotation":180,"texture":"#0"},"up":{"uv":[14,5.6,14.5,6],"rotation":180,"texture":"#0"},"down":{"uv":[5.6,14.4,6.1,14],"rotation":180,"texture":"#0"}}},{"from":[9.5923,11.90451,7.33],"to":[11.6173,13.70451,8.68],"rotation":{"angle":22.5,"axis":"z","origin":[8,3.49575,8.0025]},"faces":{"north":{"uv":[11.2,6,10.4,6.7],"rotation":180,"texture":"#0"},"east":{"uv":[6.1,12.4,5.6,13.1],"rotation":180,"texture":"#0"},"south":{"uv":[11.2,6.8,10.4,7.5],"rotation":180,"texture":"#0"},"west":{"uv":[12.9,7.6,12.4,8.3],"rotation":180,"texture":"#0"},"up":{"uv":[12,5.2,12.8,5.7],"rotation":180,"texture":"#0"},"down":{"uv":[12,4.9,12.8,4.4],"rotation":180,"texture":"#0"}}}],"gui_light":"front","display":{"thirdperson_righthand":{"rotation":[0,90,0],"translation":[0,11.5,1.75]},"thirdperson_lefthand":{"rotation":[0,-90,0],"translation":[0,11.5,1.75]},"firstperson_righthand":{"rotation":[0,90,0],"translation":[24.25,7.25,-21.5],"scale":[1.77297,1.77297,1.77297]},"firstperson_lefthand":{"rotation":[0,-90,0],"translation":[24.25,7.25,-21.5],"scale":[1.77297,1.77297,1.77297]},"ground":{"rotation":[0,0,-45],"translation":[0,11,3],"scale":[0.5,0.5,0.5]},"gui":{"rotation":[0,0,45],"translation":[-2.25,1.75,0],"scale":[0.55008,0.55008,0.55008]},"head":{"rotation":[7.5,0,-149.5],"translation":[-0.25,-17.75,6.75],"scale":[0,0,0]},"fixed":{"translation":[0,14.5,-0.75],"scale":[1.8,1.8,1.8]}}}