{"credit":"MadewithBlockbench","texture_size":[40,40],"textures":{"0":"elitecreatures:pink_legacy_animated_weapon_set/texture","1":"elitecreatures:pink_legacy_animated_weapon_set/eff_01","2":"elitecreatures:pink_legacy_animated_weapon_set/eff_02","3":"elitecreatures:pink_legacy_animated_weapon_set/eff_03","particle":"elitecreatures:pink_legacy_animated_weapon_set/texture"},"elements":[{"from":[7.415,-12.85,7.415],"to":[8.585,-6.55,8.585],"rotation":{"angle":0,"axis":"y","origin":[8.045,-7,8.045]},"faces":{"north":{"uv":[8.4,0,8.9,2.5],"texture":"#0"},"east":{"uv":[8.4,2.8,8.9,5.3],"texture":"#0"},"south":{"uv":[8.4,5.6,8.9,8.1],"texture":"#0"},"west":{"uv":[8.4,8.4,8.9,10.9],"texture":"#0"},"up":{"uv":[5.3,13.7,4.8,13.2],"texture":"#0"},"down":{"uv":[6.1,13.2,5.6,13.7],"texture":"#0"}}},{"from":[6.065,-4.75,7.7575],"to":[9.935,2.45,8.2525],"rotation":{"angle":0,"axis":"y","origin":[7.595,2,8.1625]},"faces":{"north":{"uv":[5.2,3.6,6.7,6.5],"texture":"#0"},"east":{"uv":[10,10,10.2,12.9],"texture":"#0"},"south":{"uv":[6.8,0,8.3,2.9],"texture":"#0"},"west":{"uv":[10.4,10,10.6,12.9],"texture":"#0"},"up":{"uv":[14.3,2.2,12.8,2],"texture":"#0"},"down":{"uv":[14.3,7.2,12.8,7.4],"texture":"#0"}}},{"from":[7.32,-2,7.5075],"to":[8.69,2.45,8.5025],"rotation":{"angle":0,"axis":"y","origin":[7.6,2,8.1625]},"faces":{"north":{"uv":[6.8,8.8,7.3,10.6],"texture":"#0"},"east":{"uv":[9.2,4.4,9.6,6.2],"texture":"#0"},"south":{"uv":[9.2,2.4,9.7,4.2],"texture":"#0"},"west":{"uv":[9.2,6.4,9.6,8.2],"texture":"#0"},"up":{"uv":[14.1,5.2,13.6,4.8],"texture":"#0"},"down":{"uv":[14.1,5.2,13.6,5.6],"texture":"#0"}}},{"from":[7.14,2.45,7.6275],"to":[8.86,16.35,8.3725],"rotation":{"angle":0,"axis":"y","origin":[6.97,9.2,8.2825]},"faces":{"north":{"uv":[6.8,3.2,7.5,8.8],"texture":"#0"},"east":{"uv":[6,6.8,6.3,12.4],"texture":"#0"},"south":{"uv":[5.2,6.8,5.9,12.4],"texture":"#0"},"west":{"uv":[6.4,6.8,6.7,12.4],"texture":"#0"},"up":{"uv":[14.3,1.5,13.6,1.2],"texture":"#0"},"down":{"uv":[14.3,1.6,13.6,1.9],"texture":"#0"}}},{"from":[7.5,15.8,7.6],"to":[8.75,17.05,8.4],"rotation":{"angle":-45,"axis":"z","origin":[8,16.55,8]},"faces":{"north":{"uv":[13.2,5.6,13.7,6.1],"texture":"#0"},"east":{"uv":[6.4,13.2,6.8,13.7],"texture":"#0"},"south":{"uv":[13.2,6.4,13.7,6.9],"texture":"#0"},"west":{"uv":[4.4,13.6,4.8,14.1],"texture":"#0"},"up":{"uv":[7.3,14,6.8,13.6],"texture":"#0"},"down":{"uv":[8.1,13.6,7.6,14],"texture":"#0"}}},{"from":[4.52,-2.55,8],"to":[11.49,32,8],"rotation":{"angle":0,"axis":"y","origin":[7.6,9.2,7.91]},"faces":{"north":{"uv":[0,0,2.8,13.8],"texture":"#0"},"east":{"uv":[0,0,0,13.8],"texture":"#0"},"south":{"uv":[2.8,0,0,13.8],"texture":"#0"},"west":{"uv":[0,0,0,13.8],"texture":"#0"},"up":{"uv":[2.8,0,0,0],"texture":"#0"},"down":{"uv":[2.8,0,0,0],"texture":"#0"}}},{"from":[8.73,-9.76,8],"to":[18.28,-0.79,8],"rotation":{"angle":0,"axis":"z","origin":[13.005,-4.275,8]},"faces":{"north":{"uv":[2.83,0,6.6,3.6],"texture":"#0"},"east":{"uv":[0,0,0,3.6],"texture":"#0"},"south":{"uv":[6.6,0,2.83,3.6],"texture":"#0"},"west":{"uv":[0,0,0,3.6],"texture":"#0"},"up":{"uv":[3.8,0,0,0],"texture":"#0"},"down":{"uv":[3.8,0,0,0],"texture":"#0"}}},{"from":[-2.28,-9.76,8],"to":[7.27,-0.79,8],"rotation":{"angle":0,"axis":"z","origin":[2.995,-4.275,8]},"faces":{"north":{"uv":[6.6,0,2.83,3.6],"texture":"#0"},"east":{"uv":[0,0,0,3.6],"texture":"#0"},"south":{"uv":[2.83,0,6.6,3.6],"texture":"#0"},"west":{"uv":[0,0,0,3.6],"texture":"#0"},"up":{"uv":[0,0,3.8,0],"texture":"#0"},"down":{"uv":[0,0,3.8,0],"texture":"#0"}}},{"from":[-3.5,2.74,7.75],"to":[19.5,25.74,7.75],"rotation":{"angle":0,"axis":"z","origin":[5.775,12.225,8.25]},"faces":{"north":{"uv":[16,0,0,16],"texture":"#1"},"east":{"uv":[0,0,0,3.6],"texture":"#1"},"south":{"uv":[0,0,16,16],"texture":"#1"},"west":{"uv":[0,0,0,3.6],"texture":"#1"},"up":{"uv":[0,0,3.8,0],"texture":"#1"},"down":{"uv":[0,0,3.8,0],"texture":"#1"}}},{"from":[0.5,-4.01,7.75],"to":[9.5,4.99,7.75],"rotation":{"angle":0,"axis":"z","origin":[5,0.49,8]},"faces":{"north":{"uv":[16,0,0,16],"texture":"#2"},"east":{"uv":[0,0,0,3.6],"texture":"#2"},"south":{"uv":[0,0,16,16],"texture":"#2"},"west":{"uv":[0,0,0,3.6],"texture":"#2"},"up":{"uv":[0,0,3.8,0],"texture":"#2"},"down":{"uv":[0,0,3.8,0],"texture":"#2"}}},{"from":[6.5,-4.01,7.75],"to":[15.5,4.99,7.75],"rotation":{"angle":0,"axis":"z","origin":[11,0.49,8]},"faces":{"north":{"uv":[0,0,16,16],"texture":"#2"},"east":{"uv":[0,0,0,3.6],"texture":"#2"},"south":{"uv":[16,0,0,16],"texture":"#2"},"west":{"uv":[0,0,0,3.6],"texture":"#2"},"up":{"uv":[3.8,0,0,0],"texture":"#2"},"down":{"uv":[3.8,0,0,0],"texture":"#2"}}},{"from":[9.5,-8.51,7.75],"to":[16.5,-1.51,7.75],"rotation":{"angle":0,"axis":"z","origin":[13,-5.01,8]},"faces":{"north":{"uv":[0,0,16,16],"rotation":270,"texture":"#3"},"east":{"uv":[3.8,0,0,0],"rotation":90,"texture":"#3"},"south":{"uv":[16,0,0,16],"rotation":90,"texture":"#3"},"west":{"uv":[3.8,0,0,0],"rotation":90,"texture":"#3"},"up":{"uv":[0,0,0,3.6],"rotation":90,"texture":"#3"},"down":{"uv":[0,0,0,3.6],"rotation":90,"texture":"#3"}}},{"from":[-0.5,-8.51,7.75],"to":[6.5,-1.51,7.75],"rotation":{"angle":0,"axis":"z","origin":[3,-5.01,8]},"faces":{"north":{"uv":[0,16,16,0],"rotation":270,"texture":"#3"},"east":{"uv":[3.8,0,0,0],"rotation":90,"texture":"#3"},"south":{"uv":[16,16,0,0],"rotation":90,"texture":"#3"},"west":{"uv":[3.8,0,0,0],"rotation":90,"texture":"#3"},"up":{"uv":[0,3.6,0,0],"rotation":90,"texture":"#3"},"down":{"uv":[0,3.6,0,0],"rotation":90,"texture":"#3"}}},{"from":[6.14571,-2.2686,7.5525],"to":[7.46571,-0.9486,8.4475],"rotation":{"angle":45,"axis":"z","origin":[8.07071,-0.4436,7.81]},"faces":{"north":{"uv":[13.2,7.6,13.7,8.1],"texture":"#0"},"east":{"uv":[0,14,0.4,14.5],"texture":"#0"},"south":{"uv":[8.4,13.2,8.9,13.7],"texture":"#0"},"west":{"uv":[14,0,14.4,0.5],"texture":"#0"},"up":{"uv":[0.9,14.4,0.4,14],"texture":"#0"},"down":{"uv":[14.5,0.8,14,1.2],"texture":"#0"}}},{"from":[5.80959,2.2314,7.4625],"to":[8.50959,4.9314,8.5475],"rotation":{"angle":45,"axis":"z","origin":[8.95959,4.0314,7.96]},"faces":{"north":{"uv":[9.2,0,10.3,1.1],"texture":"#0"},"east":{"uv":[11.6,10,12,11.1],"texture":"#0"},"south":{"uv":[10.3,0,9.2,1.1],"texture":"#0"},"west":{"uv":[11.6,11.2,12,12.3],"texture":"#0"},"up":{"uv":[12.7,4.4,11.6,4],"texture":"#0"},"down":{"uv":[13.1,0,12,0.4],"texture":"#0"}}},{"from":[6.75,1.19041,7.4825],"to":[9.25,3.69041,8.5175],"rotation":{"angle":0,"axis":"z","origin":[8,2.44041,8]},"faces":{"north":{"uv":[9.2,1.2,10.2,2.3],"texture":"#0"},"east":{"uv":[12.7,10.7,12.8,11.8],"texture":"#0"},"south":{"uv":[9.2,1.2,10.2,2.3],"texture":"#0"},"west":{"uv":[12.7,10.7,12.8,11.8],"texture":"#0"},"up":{"uv":[13.2,3.9,12.3,3.8],"texture":"#0"},"down":{"uv":[13.2,1,12.5,1.1],"texture":"#0"}}},{"from":[7.2125,-6.55,7.2125],"to":[8.7875,-4.66,8.7875],"rotation":{"angle":0,"axis":"y","origin":[8,-7,8]},"faces":{"north":{"uv":[8.4,11.2,9,12],"texture":"#0"},"east":{"uv":[9.2,11.2,9.8,12],"texture":"#0"},"south":{"uv":[10.8,11.2,11.4,12],"texture":"#0"},"west":{"uv":[11.6,2.4,12.2,3.2],"texture":"#0"},"up":{"uv":[12.6,6.6,12,6],"texture":"#0"},"down":{"uv":[7.4,12,6.8,12.6],"texture":"#0"}}},{"from":[7.2125,-7.495,7.2125],"to":[8.7875,-6.865,8.7875],"rotation":{"angle":0,"axis":"y","origin":[8,-7,8]},"faces":{"north":{"uv":[14,12,14.6,12.3],"texture":"#0"},"east":{"uv":[12.4,14,13,14.3],"texture":"#0"},"south":{"uv":[14,12.4,14.6,12.7],"texture":"#0"},"west":{"uv":[14,12.8,14.6,13.1],"texture":"#0"},"up":{"uv":[12.6,7.4,12,6.8],"texture":"#0"},"down":{"uv":[8.2,12,7.6,12.6],"texture":"#0"}}},{"from":[7.2125,-14.74,7.2125],"to":[8.7875,-12.85,8.7875],"rotation":{"angle":0,"axis":"y","origin":[8,5.6,8]},"faces":{"north":{"uv":[11.6,3.2,12.2,4],"texture":"#0"},"east":{"uv":[11.6,7.6,12.2,8.4],"texture":"#0"},"south":{"uv":[11.6,8.4,12.2,9.2],"texture":"#0"},"west":{"uv":[11.6,9.2,12.2,10],"texture":"#0"},"up":{"uv":[9,12.6,8.4,12],"texture":"#0"},"down":{"uv":[9.8,12,9.2,12.6],"texture":"#0"}}},{"from":[7.2125,-12.535,7.2125],"to":[8.7875,-11.905,8.7875],"rotation":{"angle":0,"axis":"y","origin":[8,5.6,8]},"faces":{"north":{"uv":[14,13.6,14.6,13.9],"texture":"#0"},"east":{"uv":[14,14,14.6,14.3],"texture":"#0"},"south":{"uv":[14.4,0,15,0.3],"texture":"#0"},"west":{"uv":[0.4,14.4,1,14.7],"texture":"#0"},"up":{"uv":[12.6,10.6,12,10],"texture":"#0"},"down":{"uv":[11.4,12,10.8,12.6],"texture":"#0"}}},{"from":[1.5824,-3.62209,7.51],"to":[3.3824,-2.94709,8.5],"rotation":{"angle":-22.5,"axis":"z","origin":[5.6324,-2.94709,7.96]},"faces":{"north":{"uv":[13.6,4,14.3,4.3],"texture":"#0"},"east":{"uv":[14.4,9.6,14.8,9.9],"texture":"#0"},"south":{"uv":[13.6,4.4,14.3,4.7],"texture":"#0"},"west":{"uv":[10,14.4,10.4,14.7],"texture":"#0"},"up":{"uv":[13.5,10.4,12.8,10],"texture":"#0"},"down":{"uv":[13.5,10.4,12.8,10.8],"texture":"#0"}}},{"from":[3.86665,-7.27488,7.51],"to":[5.21665,-6.59988,8.5],"rotation":{"angle":45,"axis":"z","origin":[5.21665,-6.82488,8.005]},"faces":{"north":{"uv":[14.4,6.4,14.9,6.7],"texture":"#0"},"east":{"uv":[11.2,14.4,11.6,14.7],"texture":"#0"},"south":{"uv":[7.2,14.4,7.7,14.7],"texture":"#0"},"west":{"uv":[11.6,14.4,12,14.7],"texture":"#0"},"up":{"uv":[6.1,14.4,5.6,14],"texture":"#0"},"down":{"uv":[14.5,5.6,14,6],"texture":"#0"}}},{"from":[5.21665,-7.27488,7.51],"to":[7.01665,-6.14988,8.5],"rotation":{"angle":45,"axis":"z","origin":[5.21665,-6.82488,8.005]},"faces":{"north":{"uv":[12.4,3.2,13.1,3.7],"texture":"#0"},"east":{"uv":[4,14,4.4,14.5],"texture":"#0"},"south":{"uv":[4.8,12.4,5.5,12.9],"texture":"#0"},"west":{"uv":[14,6,14.4,6.5],"texture":"#0"},"up":{"uv":[13.5,11.6,12.8,11.2],"texture":"#0"},"down":{"uv":[13.5,11.6,12.8,12],"texture":"#0"}}},{"from":[3.3824,-3.62209,7.51],"to":[6.9824,-2.27209,8.5],"rotation":{"angle":-22.5,"axis":"z","origin":[5.6324,-2.94709,7.96]},"faces":{"north":{"uv":[9.6,4.4,11,4.9],"texture":"#0"},"east":{"uv":[6.4,14,6.8,14.5],"texture":"#0"},"south":{"uv":[9.6,5.2,11,5.7],"texture":"#0"},"west":{"uv":[6.8,14,7.2,14.5],"texture":"#0"},"up":{"uv":[11.8,2,10.4,1.6],"texture":"#0"},"down":{"uv":[11.8,2,10.4,2.4],"texture":"#0"}}},{"from":[5.90045,-5.88065,7.33],"to":[7.92545,-4.08065,8.68],"rotation":{"angle":-22.5,"axis":"z","origin":[6.57545,-4.86815,8.005]},"faces":{"north":{"uv":[10.4,6,11.2,6.7],"texture":"#0"},"east":{"uv":[5.6,12.4,6.1,13.1],"texture":"#0"},"south":{"uv":[10.4,6.8,11.2,7.5],"texture":"#0"},"west":{"uv":[12.4,7.6,12.9,8.3],"texture":"#0"},"up":{"uv":[12.8,4.9,12,4.4],"texture":"#0"},"down":{"uv":[12.8,5.2,12,5.7],"texture":"#0"}}},{"from":[5.1824,-5.19709,7.555],"to":[6.5324,-2.49709,8.455],"rotation":{"angle":22.5,"axis":"z","origin":[5.8574,-3.84709,8.005]},"faces":{"north":{"uv":[7.6,10.8,8.1,11.9],"texture":"#0"},"east":{"uv":[3.2,12,3.6,13.1],"texture":"#0"},"south":{"uv":[10.8,7.6,11.3,8.7],"texture":"#0"},"west":{"uv":[3.6,12,4,13.1],"texture":"#0"},"up":{"uv":[14.5,7.2,14,6.8],"texture":"#0"},"down":{"uv":[7.7,14,7.2,14.4],"texture":"#0"}}},{"from":[6.85,-6.10959,7.0825],"to":[9.15,-3.80959,8.9175],"rotation":{"angle":0,"axis":"z","origin":[8,-4.95959,8]},"faces":{"north":{"uv":[10.7,9.5,11.5,10.3],"texture":"#0"},"east":{"uv":[12.7,10.7,12.8,11.8],"texture":"#0"},"south":{"uv":[10.7,9.5,11.5,10.3],"texture":"#0"},"west":{"uv":[12.7,10.7,12.8,11.8],"texture":"#0"},"up":{"uv":[13.2,3.9,12.3,3.8],"texture":"#0"},"down":{"uv":[13.2,1,12.5,1.1],"texture":"#0"}}},{"from":[7.005,-5.975,7.005],"to":[9.005,-3.975,9.005],"rotation":{"angle":-45,"axis":"z","origin":[8.005,-4.975,8.005]},"faces":{"north":{"uv":[11.5,3.6,10.8,4.3],"texture":"#0"},"east":{"uv":[10.8,8.8,11.5,9.5],"texture":"#0"},"south":{"uv":[10.8,3.6,11.5,4.3],"texture":"#0"},"west":{"uv":[11.5,11.1,10.8,10.4],"texture":"#0"},"up":{"uv":[11.2,0,11.9,0.7],"texture":"#0"},"down":{"uv":[2.8,11.2,3.5,11.9],"texture":"#0"}}},{"from":[7.005,-15.225,7.005],"to":[9.005,-13.225,9.005],"rotation":{"angle":-45,"axis":"z","origin":[8.005,-14.225,8.005]},"faces":{"north":{"uv":[11.5,3.6,10.8,4.3],"texture":"#0"},"east":{"uv":[10.8,8.8,11.5,9.5],"texture":"#0"},"south":{"uv":[10.8,3.6,11.5,4.3],"texture":"#0"},"west":{"uv":[11.5,11.1,10.8,10.4],"texture":"#0"},"up":{"uv":[11.2,0,11.9,0.7],"texture":"#0"},"down":{"uv":[2.8,11.2,3.5,11.9],"texture":"#0"}}},{"from":[6.85,-15.35959,7.0825],"to":[9.15,-13.05959,8.9175],"rotation":{"angle":0,"axis":"z","origin":[8,-14.20959,8]},"faces":{"north":{"uv":[10.7,9.5,11.5,10.3],"texture":"#0"},"east":{"uv":[12.7,10.7,12.8,11.8],"texture":"#0"},"south":{"uv":[10.7,9.5,11.5,10.3],"texture":"#0"},"west":{"uv":[12.7,10.7,12.8,11.8],"texture":"#0"},"up":{"uv":[13.2,3.9,12.3,3.8],"texture":"#0"},"down":{"uv":[13.2,1,12.5,1.1],"texture":"#0"}}},{"from":[8.07955,-15.06935,7.325],"to":[9.20455,-13.51935,8.675],"rotation":{"angle":-22.5,"axis":"z","origin":[9.42955,-14.53185,8]},"faces":{"north":{"uv":[12.4,8.4,12.9,9.1],"texture":"#0"},"east":{"uv":[12.4,9.2,12.9,9.9],"texture":"#0"},"south":{"uv":[11.6,12.4,12.1,13.1],"texture":"#0"},"west":{"uv":[12.4,12.4,12.9,13.1],"texture":"#0"},"up":{"uv":[13.7,8.9,13.2,8.4],"texture":"#0"},"down":{"uv":[9.7,13.2,9.2,13.7],"texture":"#0"}}},{"from":[6.79545,-15.06935,7.325],"to":[7.92045,-13.51935,8.675],"rotation":{"angle":22.5,"axis":"z","origin":[6.57045,-14.53185,8]},"faces":{"north":{"uv":[12.8,1.2,13.3,1.9],"texture":"#0"},"east":{"uv":[4,12.8,4.5,13.5],"texture":"#0"},"south":{"uv":[12.8,4,13.3,4.7],"texture":"#0"},"west":{"uv":[12.8,4.8,13.3,5.5],"texture":"#0"},"up":{"uv":[13.7,9.7,13.2,9.2],"texture":"#0"},"down":{"uv":[10.5,13.2,10,13.7],"texture":"#0"}}},{"from":[6.1674,-15.55291,7.55],"to":[7.2024,-14.20291,8.45],"rotation":{"angle":-22.5,"axis":"z","origin":[6.7524,-15.55291,8]},"faces":{"north":{"uv":[14,7.6,14.4,8.1],"texture":"#0"},"east":{"uv":[8,14,8.4,14.5],"texture":"#0"},"south":{"uv":[8.4,14,8.8,14.5],"texture":"#0"},"west":{"uv":[14,8.4,14.4,8.9],"texture":"#0"},"up":{"uv":[14.8,2.4,14.4,2],"texture":"#0"},"down":{"uv":[2.8,14.4,2.4,14.8],"texture":"#0"}}},{"from":[8.7976,-15.55291,7.55],"to":[9.8326,-14.20291,8.45],"rotation":{"angle":22.5,"axis":"z","origin":[9.2476,-15.55291,8]},"faces":{"north":{"uv":[8.8,14,9.2,14.5],"texture":"#0"},"east":{"uv":[9.2,14,9.6,14.5],"texture":"#0"},"south":{"uv":[14,9.2,14.4,9.7],"texture":"#0"},"west":{"uv":[9.6,14,10,14.5],"texture":"#0"},"up":{"uv":[14.8,2.8,14.4,2.4],"texture":"#0"},"down":{"uv":[14.8,2.8,14.4,3.2],"texture":"#0"}}},{"from":[8.08835,-13.25012,7.505],"to":[9.21335,-12.35012,8.495],"rotation":{"angle":45,"axis":"z","origin":[9.88835,-12.57512,8]},"faces":{"north":{"uv":[10,14,10.5,14.4],"texture":"#0"},"east":{"uv":[14.4,3.6,14.8,4],"texture":"#0"},"south":{"uv":[14,10,14.5,10.4],"texture":"#0"},"west":{"uv":[14.4,4,14.8,4.4],"texture":"#0"},"up":{"uv":[14.5,10.8,14,10.4],"texture":"#0"},"down":{"uv":[11.3,14,10.8,14.4],"texture":"#0"}}},{"from":[7.98835,-15.50012,7.505],"to":[9.78835,-14.60012,8.495],"rotation":{"angle":45,"axis":"z","origin":[9.78835,-15.05012,8]},"faces":{"north":{"uv":[12.8,12,13.5,12.4],"texture":"#0"},"east":{"uv":[4.4,14.4,4.8,14.8],"texture":"#0"},"south":{"uv":[13.2,0,13.9,0.4],"texture":"#0"},"west":{"uv":[14.4,4.4,14.8,4.8],"texture":"#0"},"up":{"uv":[13.9,0.8,13.2,0.4],"texture":"#0"},"down":{"uv":[13.9,0.8,13.2,1.2],"texture":"#0"}}},{"from":[6.21165,-15.50012,7.505],"to":[8.01165,-14.60012,8.495],"rotation":{"angle":-45,"axis":"z","origin":[6.21165,-15.05012,8]},"faces":{"north":{"uv":[13.2,2.4,13.9,2.8],"texture":"#0"},"east":{"uv":[4.8,14.4,5.2,14.8],"texture":"#0"},"south":{"uv":[2.8,13.2,3.5,13.6],"texture":"#0"},"west":{"uv":[14.4,4.8,14.8,5.2],"texture":"#0"},"up":{"uv":[13.9,3.2,13.2,2.8],"texture":"#0"},"down":{"uv":[13.9,3.2,13.2,3.6],"texture":"#0"}}},{"from":[6.78665,-13.25012,7.505],"to":[7.91165,-12.35012,8.495],"rotation":{"angle":-45,"axis":"z","origin":[6.11165,-12.57512,8]},"faces":{"north":{"uv":[14,10.8,14.5,11.2],"texture":"#0"},"east":{"uv":[5.2,14.4,5.6,14.8],"texture":"#0"},"south":{"uv":[14,11.2,14.5,11.6],"texture":"#0"},"west":{"uv":[14.4,5.2,14.8,5.6],"texture":"#0"},"up":{"uv":[12.1,14.4,11.6,14],"texture":"#0"},"down":{"uv":[14.5,11.6,14,12],"texture":"#0"}}},{"from":[2.83,-5.65,7.775],"to":[4.18,-4.3,8.225],"rotation":{"angle":45,"axis":"z","origin":[3.505,-4.975,8]},"faces":{"north":{"uv":[12.4,13.2,12.9,13.7],"texture":"#0"},"east":{"uv":[14.8,0.4,15,0.9],"texture":"#0"},"south":{"uv":[13.2,12.4,13.7,12.9],"texture":"#0"},"west":{"uv":[14.8,1.2,15,1.7],"texture":"#0"},"up":{"uv":[15.3,2.2,14.8,2],"texture":"#0"},"down":{"uv":[2.9,14.8,2.4,15],"texture":"#0"}}},{"from":[12.6176,-3.62209,7.51],"to":[14.4176,-2.94709,8.5],"rotation":{"angle":22.5,"axis":"z","origin":[10.3676,-2.94709,7.96]},"faces":{"north":{"uv":[14.3,4,13.6,4.3],"texture":"#0"},"east":{"uv":[10.4,14.4,10,14.7],"texture":"#0"},"south":{"uv":[14.3,4.4,13.6,4.7],"texture":"#0"},"west":{"uv":[14.8,9.6,14.4,9.9],"texture":"#0"},"up":{"uv":[12.8,10.4,13.5,10],"texture":"#0"},"down":{"uv":[12.8,10.4,13.5,10.8],"texture":"#0"}}},{"from":[9.0176,-3.62209,7.51],"to":[12.6176,-2.27209,8.5],"rotation":{"angle":22.5,"axis":"z","origin":[10.3676,-2.94709,7.96]},"faces":{"north":{"uv":[11,4.4,9.6,4.9],"texture":"#0"},"east":{"uv":[7.2,14,6.8,14.5],"texture":"#0"},"south":{"uv":[11,5.2,9.6,5.7],"texture":"#0"},"west":{"uv":[6.8,14,6.4,14.5],"texture":"#0"},"up":{"uv":[10.4,2,11.8,1.6],"texture":"#0"},"down":{"uv":[10.4,2,11.8,2.4],"texture":"#0"}}},{"from":[11.82,-5.65,7.775],"to":[13.17,-4.3,8.225],"rotation":{"angle":-45,"axis":"z","origin":[12.495,-4.975,8]},"faces":{"north":{"uv":[12.9,13.2,12.4,13.7],"texture":"#0"},"east":{"uv":[15,1.2,14.8,1.7],"texture":"#0"},"south":{"uv":[13.7,12.4,13.2,12.9],"texture":"#0"},"west":{"uv":[15,0.4,14.8,0.9],"texture":"#0"},"up":{"uv":[14.8,2.2,15.3,2],"texture":"#0"},"down":{"uv":[2.4,14.8,2.9,15],"texture":"#0"}}},{"from":[8.98335,-7.27488,7.51],"to":[10.78335,-6.14988,8.5],"rotation":{"angle":-45,"axis":"z","origin":[10.78335,-6.82488,8.005]},"faces":{"north":{"uv":[13.1,3.2,12.4,3.7],"texture":"#0"},"east":{"uv":[14.4,6,14,6.5],"texture":"#0"},"south":{"uv":[5.5,12.4,4.8,12.9],"texture":"#0"},"west":{"uv":[4.4,14,4,14.5],"texture":"#0"},"up":{"uv":[12.8,11.6,13.5,11.2],"texture":"#0"},"down":{"uv":[12.8,11.6,13.5,12],"texture":"#0"}}},{"from":[10.78335,-7.27488,7.51],"to":[12.13335,-6.59988,8.5],"rotation":{"angle":-45,"axis":"z","origin":[10.78335,-6.82488,8.005]},"faces":{"north":{"uv":[14.9,6.4,14.4,6.7],"texture":"#0"},"east":{"uv":[12,14.4,11.6,14.7],"texture":"#0"},"south":{"uv":[7.7,14.4,7.2,14.7],"texture":"#0"},"west":{"uv":[11.6,14.4,11.2,14.7],"texture":"#0"},"up":{"uv":[5.6,14.4,6.1,14],"texture":"#0"},"down":{"uv":[14,5.6,14.5,6],"texture":"#0"}}},{"from":[9.4676,-5.19709,7.555],"to":[10.8176,-2.49709,8.455],"rotation":{"angle":-22.5,"axis":"z","origin":[10.1426,-3.84709,8.005]},"faces":{"north":{"uv":[8.1,10.8,7.6,11.9],"texture":"#0"},"east":{"uv":[4,12,3.6,13.1],"texture":"#0"},"south":{"uv":[11.3,7.6,10.8,8.7],"texture":"#0"},"west":{"uv":[3.6,12,3.2,13.1],"texture":"#0"},"up":{"uv":[14,7.2,14.5,6.8],"texture":"#0"},"down":{"uv":[7.2,14,7.7,14.4],"texture":"#0"}}},{"from":[8.07455,-5.88065,7.33],"to":[10.09955,-4.08065,8.68],"rotation":{"angle":22.5,"axis":"z","origin":[9.42455,-4.86815,8.005]},"faces":{"north":{"uv":[11.2,6,10.4,6.7],"texture":"#0"},"east":{"uv":[12.9,7.6,12.4,8.3],"texture":"#0"},"south":{"uv":[11.2,6.8,10.4,7.5],"texture":"#0"},"west":{"uv":[6.1,12.4,5.6,13.1],"texture":"#0"},"up":{"uv":[12,4.9,12.8,4.4],"texture":"#0"},"down":{"uv":[12,5.2,12.8,5.7],"texture":"#0"}}}],"gui_light":"front","display":{"thirdperson_righthand":{"rotation":[0,90,0],"translation":[0,16,1.75]},"thirdperson_lefthand":{"rotation":[0,-90,0],"translation":[0,16,1.75]},"firstperson_righthand":{"rotation":[0,90,0],"translation":[24.25,2.75,-21.5],"scale":[1.10305,1.10305,1.10305]},"firstperson_lefthand":{"rotation":[0,-90,0],"translation":[24.25,2.75,-21.5],"scale":[1.10305,1.10305,1.10305]},"ground":{"rotation":[0,0,-45],"translation":[0,11,3],"scale":[0.5,0.5,0.5]},"gui":{"rotation":[0,0,135],"translation":[-0.25,-0.25,0],"scale":[0.41148,0.41148,0.41148]},"head":{"rotation":[7.5,0,-149.5],"translation":[-0.25,-17.75,6.75]},"fixed":{"translation":[0,14.5,-0.75],"scale":[1.8,1.8,1.8]}}}