{"credit":"MadewithBlockbench","texture_size":[12,12],"textures":{"1":"slayer_set:axe","2":"slayer_set:animation_1","particle":"slayer_set:animation_1"},"elements":[{"from":[7.35,-0.15,7.35],"to":[8.65,1.15,8.65],"rotation":{"angle":-45,"axis":"x","origin":[8,0.5,8]},"faces":{"north":{"uv":[4,13,5.25,14.25],"texture":"#1"},"east":{"uv":[13,5,14.25,6.25],"texture":"#1"},"south":{"uv":[13,8,14.25,9.25],"texture":"#1"},"west":{"uv":[13,10,14.25,11.25],"texture":"#1"},"up":{"uv":[13.25,14.25,12,13],"texture":"#1"},"down":{"uv":[1.25,14,0,15.25],"texture":"#1"}}},{"from":[7.45,11.65,7.35],"to":[8.55,13.95,9.65],"rotation":{"angle":-45,"axis":"x","origin":[8,12.3,8]},"faces":{"north":{"uv":[7,11,8,13.25],"texture":"#1"},"east":{"uv":[6,0,8.25,2.25],"texture":"#1"},"south":{"uv":[11,7,12,9.25],"texture":"#1"},"west":{"uv":[6,3,8.25,5.25],"texture":"#1"},"up":{"uv":[9,13.25,8,11],"texture":"#1"},"down":{"uv":[10,11,9,13.25],"texture":"#1"}}},{"from":[7.25,11.95,7.65],"to":[8.75,13.65,9.35],"rotation":{"angle":-45,"axis":"x","origin":[8,12.3,8]},"faces":{"north":{"uv":[3,10,4.5,11.75],"texture":"#1"},"east":{"uv":[9,7,10.75,8.75],"texture":"#1"},"south":{"uv":[11,0,12.5,1.75],"texture":"#1"},"west":{"uv":[9,9,10.75,10.75],"texture":"#1"},"up":{"uv":[12.5,3.75,11,2],"texture":"#1"},"down":{"uv":[6.5,11,5,12.75],"texture":"#1"}}},{"from":[7.5,0.9,7.5],"to":[8.5,1.9,8.5],"rotation":{"angle":0,"axis":"x","origin":[8,1.4,8]},"faces":{"north":{"uv":[5,10,6,11],"texture":"#1"},"east":{"uv":[13,3,14,4],"texture":"#1"},"south":{"uv":[6,13,7,14],"texture":"#1"},"west":{"uv":[14,1,15,2],"texture":"#1"},"up":{"uv":[3,15,2,14],"texture":"#1"},"down":{"uv":[15,2,14,3],"texture":"#1"}}},{"from":[7.6,1.9,7.6],"to":[8.4,5.9,8.4],"rotation":{"angle":0,"axis":"x","origin":[8,2.4,8]},"faces":{"north":{"uv":[0,10,0.75,14],"texture":"#1"},"east":{"uv":[10,0,10.75,4],"texture":"#1"},"south":{"uv":[1,10,1.75,14],"texture":"#1"},"west":{"uv":[2,10,2.75,14],"texture":"#1"},"up":{"uv":[15.75,4.75,15,4],"texture":"#1"},"down":{"uv":[5.75,15,5,15.75],"texture":"#1"}}},{"from":[7.6,10.9,7.6],"to":[8.4,11.9,8.4],"rotation":{"angle":0,"axis":"x","origin":[8,11.4,8]},"faces":{"north":{"uv":[15,2,15.75,3],"texture":"#1"},"east":{"uv":[3,15,3.75,16],"texture":"#1"},"south":{"uv":[15,3,15.75,4],"texture":"#1"},"west":{"uv":[4,15,4.75,16],"texture":"#1"},"up":{"uv":[15.75,5.75,15,5],"texture":"#1"},"down":{"uv":[6.75,15,6,15.75],"texture":"#1"}}},{"from":[7.5,2.9,7.5],"to":[8.5,3.4,8.5],"rotation":{"angle":0,"axis":"x","origin":[8,3.4,8]},"faces":{"north":{"uv":[15,6,16,6.5],"texture":"#1"},"east":{"uv":[7,15,8,15.5],"texture":"#1"},"south":{"uv":[15,7,16,7.5],"texture":"#1"},"west":{"uv":[8,15,9,15.5],"texture":"#1"},"up":{"uv":[15,4,14,3],"texture":"#1"},"down":{"uv":[15,4,14,5],"texture":"#1"}}},{"from":[7.5,3.9,7.5],"to":[8.5,4.4,8.5],"rotation":{"angle":0,"axis":"x","origin":[8,4.4,8]},"faces":{"north":{"uv":[15,8,16,8.5],"texture":"#1"},"east":{"uv":[15,9,16,9.5],"texture":"#1"},"south":{"uv":[10,15,11,15.5],"texture":"#1"},"west":{"uv":[15,10,16,10.5],"texture":"#1"},"up":{"uv":[7,15,6,14],"texture":"#1"},"down":{"uv":[8,14,7,15],"texture":"#1"}}},{"from":[7.55,3.4,7.55],"to":[8.45,3.9,8.45],"rotation":{"angle":0,"axis":"x","origin":[8,3.9,8]},"faces":{"north":{"uv":[15,11,16,11.5],"texture":"#1"},"east":{"uv":[12,15,13,15.5],"texture":"#1"},"south":{"uv":[15,12,16,12.5],"texture":"#1"},"west":{"uv":[13,15,14,15.5],"texture":"#1"},"up":{"uv":[15,8,14,7],"texture":"#1"},"down":{"uv":[9,14,8,15],"texture":"#1"}}},{"from":[7.75,13.64399,2.60499],"to":[8.25,14.64399,6.60499],"rotation":{"angle":22.5,"axis":"x","origin":[8,12.94399,5.20499]},"faces":{"north":{"uv":[15,13,15.5,14],"texture":"#1"},"east":{"uv":[9,5,13,6],"texture":"#1"},"south":{"uv":[14,15,14.5,16],"texture":"#1"},"west":{"uv":[9,6,13,7],"texture":"#1"},"up":{"uv":[10.5,15,10,11],"texture":"#1"},"down":{"uv":[11.5,10,11,14],"texture":"#1"}}},{"from":[7.755,15.14634,1.71723],"to":[8.245,16.14634,3.71723],"rotation":{"angle":45,"axis":"x","origin":[8,15.64634,2.71723]},"faces":{"north":{"uv":[15,14,15.5,15],"texture":"#1"},"east":{"uv":[10,4,12,5],"texture":"#1"},"south":{"uv":[15,15,15.5,16],"texture":"#1"},"west":{"uv":[3,12,5,13],"texture":"#1"},"up":{"uv":[9.5,16,9,14],"texture":"#1"},"down":{"uv":[11.5,14,11,16],"texture":"#1"}}},{"from":[7.5,13.34221,5.85918],"to":[8.5,14.34221,7.85918],"rotation":{"angle":22.5,"axis":"x","origin":[8,14.26463,7.04239]},"faces":{"north":{"uv":[14,12,15,13],"texture":"#1"},"east":{"uv":[12,4,14,5],"texture":"#1"},"south":{"uv":[14,13,15,14],"texture":"#1"},"west":{"uv":[12,7,14,8],"texture":"#1"},"up":{"uv":[13,10,12,8],"texture":"#1"},"down":{"uv":[13,10,12,12],"texture":"#1"}}},{"from":[7.5,13.34221,8.14082],"to":[8.5,14.34221,10.14082],"rotation":{"angle":-22.5,"axis":"x","origin":[8,14.26463,8.95761]},"faces":{"north":{"uv":[14,14,15,15],"texture":"#1"},"east":{"uv":[12,12,14,13],"texture":"#1"},"south":{"uv":[15,0,16,1],"texture":"#1"},"west":{"uv":[13,0,15,1],"texture":"#1"},"up":{"uv":[14,3,13,1],"texture":"#1"},"down":{"uv":[4,13,3,15],"texture":"#1"}}},{"from":[7.5,5.9,7.5],"to":[8.5,10.9,8.5],"rotation":{"angle":0,"axis":"y","origin":[7.1,3.8,7.1]},"faces":{"north":{"uv":[6,6,7,11],"texture":"#1"},"east":{"uv":[7,6,8,11],"texture":"#1"},"south":{"uv":[8,6,9,11],"texture":"#1"},"west":{"uv":[9,0,10,5],"texture":"#1"},"up":{"uv":[16,2,15,1],"texture":"#1"},"down":{"uv":[3,15,2,16],"texture":"#1"}}},{"from":[8,8,1],"to":[8,18,7],"rotation":{"angle":-22.5,"axis":"x","origin":[8,12.5,4]},"faces":{"north":{"uv":[0.1,0.1,0.1,10],"texture":"#1"},"east":{"uv":[6,0,0,10],"texture":"#1"},"south":{"uv":[0.1,0.1,0.1,10],"texture":"#1"},"west":{"uv":[0,0,6,10],"texture":"#1"},"up":{"uv":[0,6,0,0],"texture":"#1"},"down":{"uv":[0.1,0.1,0.1,6],"texture":"#1"}}},{"from":[7.75,13.64399,9.39501],"to":[8.25,14.64399,13.39501],"rotation":{"angle":-22.5,"axis":"x","origin":[8,12.94399,10.79501]},"faces":{"north":{"uv":[14.5,15,14,16],"texture":"#1"},"east":{"uv":[13,5,9,6],"texture":"#1"},"south":{"uv":[15.5,13,15,14],"texture":"#1"},"west":{"uv":[13,6,9,7],"texture":"#1"},"up":{"uv":[10.5,11,10,15],"texture":"#1"},"down":{"uv":[11.5,14,11,10],"texture":"#1"}}},{"from":[7.755,15.14634,12.28277],"to":[8.245,16.14634,14.28277],"rotation":{"angle":-45,"axis":"x","origin":[8,15.64634,13.28277]},"faces":{"north":{"uv":[15.5,15,15,16],"texture":"#1"},"east":{"uv":[12,4,10,5],"texture":"#1"},"south":{"uv":[15.5,14,15,15],"texture":"#1"},"west":{"uv":[5,12,3,13],"texture":"#1"},"up":{"uv":[9.5,14,9,16],"texture":"#1"},"down":{"uv":[11.5,16,11,14],"texture":"#1"}}},{"from":[8,8,9],"to":[8,18,15],"rotation":{"angle":22.5,"axis":"x","origin":[8,12.5,12]},"faces":{"north":{"uv":[0.1,0.1,0.1,10],"texture":"#1"},"east":{"uv":[0,0,6,10],"texture":"#1"},"south":{"uv":[0.1,0.1,0.1,10],"texture":"#1"},"west":{"uv":[6,0,0,10],"texture":"#1"},"up":{"uv":[0.1,0.1,0.1,6],"texture":"#1"},"down":{"uv":[0,6,0,0],"texture":"#1"}}},{"from":[8.722,12.85,6.15],"to":[8.722,20.15,13.45],"rotation":{"angle":45,"axis":"x","origin":[8,15.5,8.1]},"faces":{"north":{"uv":[0.1,0.1,0.1,5],"texture":"#2"},"east":{"uv":[16,0,0,16],"texture":"#2"},"south":{"uv":[0.1,0.1,0.1,5],"texture":"#2"},"up":{"uv":[0.1,0.1,0.1,5],"texture":"#2"},"down":{"uv":[0.1,0.1,0.1,5],"texture":"#2"}}},{"from":[7.278,12.85,6.15],"to":[7.278,20.15,13.45],"rotation":{"angle":45,"axis":"x","origin":[8,15.5,8.1]},"faces":{"north":{"uv":[0.1,0.1,0.1,5],"texture":"#2"},"south":{"uv":[0.1,0.1,0.1,5],"texture":"#2"},"west":{"uv":[0,0,16,16],"texture":"#2"},"up":{"uv":[0.1,0.1,0.1,5],"texture":"#2"},"down":{"uv":[0.1,0.1,0.1,5],"texture":"#2"}}}],"gui_light":"front","display":{"thirdperson_righthand":{"translation":[0,1.75,1.5]},"thirdperson_lefthand":{"translation":[0,1.75,1.5]},"firstperson_righthand":{"rotation":[-10,15,0],"translation":[-2.5,4.5,2.25],"scale":[0.68555,0.68555,0.68555]},"firstperson_lefthand":{"rotation":[-10,15,0],"translation":[-2.5,4.5,2.25],"scale":[0.68555,0.68555,0.68555]},"ground":{"rotation":[0,0,86]},"gui":{"rotation":[90,-135,90],"translation":[-2.25,-2.25,0],"scale":[0.8457,0.8457,0.8457]},"head":{"scale":[0,0,0]},"fixed":{"rotation":[0,-90,0],"translation":[0,0.25,-1.5],"scale":[2.2793,2.2793,2.2793]}}}