{"credit":"MadewithBlockbench","texture_size":[20,20],"textures":{"1":"slayer_set:animation_1","2":"slayer_set:bow","particle":"slayer_set:bow"},"elements":[{"from":[7.6,5.025,7.6],"to":[8.4,6.025,8.4],"rotation":{"angle":0,"axis":"x","origin":[8,5.525,8]},"faces":{"north":{"uv":[12,3.2,12.6,4],"texture":"#2"},"east":{"uv":[12,4,12.6,4.8],"texture":"#2"},"south":{"uv":[12,4.8,12.6,5.6],"texture":"#2"},"west":{"uv":[5.6,12,6.2,12.8],"texture":"#2"},"up":{"uv":[12.6,6.2,12,5.6],"texture":"#2"},"down":{"uv":[7,12,6.4,12.6],"texture":"#2"}}},{"from":[7.5,6.025,7.5],"to":[8.5,7.025,8.5],"rotation":{"angle":0,"axis":"x","origin":[8,6.525,8]},"faces":{"north":{"uv":[11.2,2.4,12,3.2],"texture":"#2"},"east":{"uv":[11.2,3.2,12,4],"texture":"#2"},"south":{"uv":[11.2,4,12,4.8],"texture":"#2"},"west":{"uv":[11.2,4.8,12,5.6],"texture":"#2"},"up":{"uv":[6.4,12,5.6,11.2],"texture":"#2"},"down":{"uv":[12,5.6,11.2,6.4],"texture":"#2"}}},{"from":[7.6,7.025,7.6],"to":[8.4,11.025,8.4],"rotation":{"angle":0,"axis":"x","origin":[8,7.525,8]},"faces":{"north":{"uv":[8,3.2,8.6,6.4],"texture":"#2"},"east":{"uv":[5.6,8,6.2,11.2],"texture":"#2"},"south":{"uv":[6.4,8,7,11.2],"texture":"#2"},"west":{"uv":[7.2,8,7.8,11.2],"texture":"#2"},"up":{"uv":[12.6,7,12,6.4],"texture":"#2"},"down":{"uv":[7.8,12,7.2,12.6],"texture":"#2"}}},{"from":[7.5,8.025,7.5],"to":[8.5,8.525,8.5],"rotation":{"angle":0,"axis":"x","origin":[8,8.525,8]},"faces":{"north":{"uv":[12,11.2,12.8,11.6],"texture":"#2"},"east":{"uv":[12,12,12.8,12.4],"texture":"#2"},"south":{"uv":[12.8,1.6,13.6,2],"texture":"#2"},"west":{"uv":[12.8,2.4,13.6,2.8],"texture":"#2"},"up":{"uv":[11.2,11.2,10.4,10.4],"texture":"#2"},"down":{"uv":[12,1.6,11.2,2.4],"texture":"#2"}}},{"from":[7.5,9.025,7.5],"to":[8.5,9.525,8.5],"rotation":{"angle":0,"axis":"x","origin":[8,9.525,8]},"faces":{"north":{"uv":[12,9.6,12.8,10],"texture":"#2"},"east":{"uv":[10.4,12,11.2,12.4],"texture":"#2"},"south":{"uv":[12,10.4,12.8,10.8],"texture":"#2"},"west":{"uv":[11.2,12,12,12.4],"texture":"#2"},"up":{"uv":[9.6,11.2,8.8,10.4],"texture":"#2"},"down":{"uv":[11.2,9.6,10.4,10.4],"texture":"#2"}}},{"from":[7.55,8.525,7.55],"to":[8.45,9.025,8.45],"rotation":{"angle":0,"axis":"x","origin":[8,9.025,8]},"faces":{"north":{"uv":[12,8,12.8,8.4],"texture":"#2"},"east":{"uv":[8.8,12,9.6,12.4],"texture":"#2"},"south":{"uv":[12,8.8,12.8,9.2],"texture":"#2"},"west":{"uv":[9.6,12,10.4,12.4],"texture":"#2"},"up":{"uv":[9.6,6.4,8.8,5.6],"texture":"#2"},"down":{"uv":[8.8,10.4,8,11.2],"texture":"#2"}}},{"from":[7.5,16.48556,10.64965],"to":[8.5,17.48556,11.64965],"rotation":{"angle":45,"axis":"x","origin":[8,15.61056,11.14965]},"faces":{"north":{"uv":[11.2,9.6,12,10.4],"texture":"#2"},"east":{"uv":[10.4,11.2,11.2,12],"texture":"#2"},"south":{"uv":[11.2,10.4,12,11.2],"texture":"#2"},"west":{"uv":[11.2,11.2,12,12],"texture":"#2"},"up":{"uv":[12.8,2.4,12,1.6],"texture":"#2"},"down":{"uv":[12.8,2.4,12,3.2],"texture":"#2"}}},{"from":[7.6,12.48556,10.74965],"to":[8.4,16.48556,11.54965],"rotation":{"angle":45,"axis":"x","origin":[8,15.61056,11.14965]},"faces":{"north":{"uv":[9.6,5.6,10.2,8.8],"texture":"#2"},"east":{"uv":[9.6,8.8,10.2,12],"texture":"#2"},"south":{"uv":[10.4,3.2,11,6.4],"texture":"#2"},"west":{"uv":[10.4,6.4,11,9.6],"texture":"#2"},"up":{"uv":[12.6,7.8,12,7.2],"texture":"#2"},"down":{"uv":[8.6,12,8,12.6],"texture":"#2"}}},{"from":[7.5,14.98556,10.64965],"to":[8.5,15.48556,11.64965],"rotation":{"angle":45,"axis":"x","origin":[8,15.61056,11.14965]},"faces":{"north":{"uv":[12.8,7.2,13.6,7.6],"texture":"#2"},"east":{"uv":[8,12.8,8.8,13.2],"texture":"#2"},"south":{"uv":[12.8,8,13.6,8.4],"texture":"#2"},"west":{"uv":[8.8,12.8,9.6,13.2],"texture":"#2"},"up":{"uv":[9.6,12,8.8,11.2],"texture":"#2"},"down":{"uv":[12,8.8,11.2,9.6],"texture":"#2"}}},{"from":[7.5,13.98556,10.64965],"to":[8.5,14.48556,11.64965],"rotation":{"angle":45,"axis":"x","origin":[8,15.61056,11.14965]},"faces":{"north":{"uv":[12.8,5.6,13.6,6],"texture":"#2"},"east":{"uv":[6.4,12.8,7.2,13.2],"texture":"#2"},"south":{"uv":[12.8,6.4,13.6,6.8],"texture":"#2"},"west":{"uv":[7.2,12.8,8,13.2],"texture":"#2"},"up":{"uv":[8.8,12,8,11.2],"texture":"#2"},"down":{"uv":[12,8,11.2,8.8],"texture":"#2"}}},{"from":[7.55,14.48556,10.69965],"to":[8.45,14.98556,11.59965],"rotation":{"angle":45,"axis":"x","origin":[8,15.61056,11.14965]},"faces":{"north":{"uv":[12.8,3.2,13.6,3.6],"texture":"#2"},"east":{"uv":[12.8,4,13.6,4.4],"texture":"#2"},"south":{"uv":[12.8,4.8,13.6,5.2],"texture":"#2"},"west":{"uv":[5.6,12.8,6.4,13.2],"texture":"#2"},"up":{"uv":[8,12,7.2,11.2],"texture":"#2"},"down":{"uv":[12,7.2,11.2,8],"texture":"#2"}}},{"from":[7.5,10.4,9.325],"to":[8.5,13.4,10.325],"rotation":{"angle":22.5,"axis":"x","origin":[8,15.35,9.825]},"faces":{"north":{"uv":[8,8,8.8,10.4],"texture":"#2"},"east":{"uv":[8.8,3.2,9.6,5.6],"texture":"#2"},"south":{"uv":[8.8,8,9.6,10.4],"texture":"#2"},"west":{"uv":[9.6,3.2,10.4,5.6],"texture":"#2"},"up":{"uv":[7.2,12,6.4,11.2],"texture":"#2"},"down":{"uv":[12,6.4,11.2,7.2],"texture":"#2"}}},{"from":[8,12,4.3],"to":[8,18,7.3],"rotation":{"angle":22.5,"axis":"x","origin":[8,10,4]},"faces":{"north":{"uv":[0.1,0.1,0.1,4.8],"texture":"#2"},"east":{"uv":[8,1.6,5.6,6.4],"texture":"#2"},"south":{"uv":[0.1,0.1,0.1,4.8],"texture":"#2"},"west":{"uv":[5.6,1.6,8,6.4],"texture":"#2"},"up":{"uv":[0,2.4,0,0],"texture":"#2"},"down":{"uv":[0.1,0.1,0.1,2.4],"texture":"#2"}}},{"from":[8,15.79772,8.65518],"to":[8,17.79772,13.65518],"rotation":{"angle":-22.5,"axis":"x","origin":[8,20.39772,10.25518]},"faces":{"north":{"uv":[0.1,0.1,0.1,1.6],"texture":"#2"},"east":{"uv":[5.6,8,9.6,6.4],"rotation":180,"texture":"#2"},"south":{"uv":[0.1,0.1,0.1,1.6],"texture":"#2"},"west":{"uv":[5.6,6.4,9.6,8],"texture":"#2"},"up":{"uv":[0,4,0,0],"texture":"#2"},"down":{"uv":[0.1,0.1,0.1,4],"texture":"#2"}}},{"from":[7.5,2.6,9.325],"to":[8.5,5.6,10.325],"rotation":{"angle":-22.5,"axis":"x","origin":[8,0.65,9.825]},"faces":{"north":{"uv":[8,10.4,8.8,8],"texture":"#2"},"east":{"uv":[8.8,5.6,9.6,3.2],"texture":"#2"},"south":{"uv":[8.8,10.4,9.6,8],"texture":"#2"},"west":{"uv":[9.6,5.6,10.4,3.2],"texture":"#2"},"up":{"uv":[12,7.2,11.2,6.4],"texture":"#2"},"down":{"uv":[7.2,11.2,6.4,12],"texture":"#2"}}},{"from":[7.55,1.01444,10.69965],"to":[8.45,1.51444,11.59965],"rotation":{"angle":-45,"axis":"x","origin":[8,0.38944,11.14965]},"faces":{"north":{"uv":[12.8,3.6,13.6,3.2],"texture":"#2"},"east":{"uv":[12.8,4.4,13.6,4],"texture":"#2"},"south":{"uv":[12.8,5.2,13.6,4.8],"texture":"#2"},"west":{"uv":[5.6,13.2,6.4,12.8],"texture":"#2"},"up":{"uv":[12,8,11.2,7.2],"texture":"#2"},"down":{"uv":[8,11.2,7.2,12],"texture":"#2"}}},{"from":[7.5,1.51444,10.64965],"to":[8.5,2.01444,11.64965],"rotation":{"angle":-45,"axis":"x","origin":[8,0.38944,11.14965]},"faces":{"north":{"uv":[12.8,6,13.6,5.6],"texture":"#2"},"east":{"uv":[6.4,13.2,7.2,12.8],"texture":"#2"},"south":{"uv":[12.8,6.8,13.6,6.4],"texture":"#2"},"west":{"uv":[7.2,13.2,8,12.8],"texture":"#2"},"up":{"uv":[12,8.8,11.2,8],"texture":"#2"},"down":{"uv":[8.8,11.2,8,12],"texture":"#2"}}},{"from":[7.5,0.51444,10.64965],"to":[8.5,1.01444,11.64965],"rotation":{"angle":-45,"axis":"x","origin":[8,0.38944,11.14965]},"faces":{"north":{"uv":[12.8,7.6,13.6,7.2],"texture":"#2"},"east":{"uv":[8,13.2,8.8,12.8],"texture":"#2"},"south":{"uv":[12.8,8.4,13.6,8],"texture":"#2"},"west":{"uv":[8.8,13.2,9.6,12.8],"texture":"#2"},"up":{"uv":[12,9.6,11.2,8.8],"texture":"#2"},"down":{"uv":[9.6,11.2,8.8,12],"texture":"#2"}}},{"from":[7.6,-0.48556,10.74965],"to":[8.4,3.51444,11.54965],"rotation":{"angle":-45,"axis":"x","origin":[8,0.38944,11.14965]},"faces":{"north":{"uv":[9.6,8.8,10.2,5.6],"texture":"#2"},"east":{"uv":[9.6,12,10.2,8.8],"texture":"#2"},"south":{"uv":[10.4,6.4,11,3.2],"texture":"#2"},"west":{"uv":[10.4,9.6,11,6.4],"texture":"#2"},"up":{"uv":[8.6,12.6,8,12],"texture":"#2"},"down":{"uv":[12.6,7.2,12,7.8],"texture":"#2"}}},{"from":[7.5,-1.48556,10.64965],"to":[8.5,-0.48556,11.64965],"rotation":{"angle":-45,"axis":"x","origin":[8,0.38944,11.14965]},"faces":{"north":{"uv":[11.2,10.4,12,9.6],"texture":"#2"},"east":{"uv":[10.4,12,11.2,11.2],"texture":"#2"},"south":{"uv":[11.2,11.2,12,10.4],"texture":"#2"},"west":{"uv":[11.2,12,12,11.2],"texture":"#2"},"up":{"uv":[12.8,3.2,12,2.4],"texture":"#2"},"down":{"uv":[12.8,1.6,12,2.4],"texture":"#2"}}},{"from":[8,-2,4.3],"to":[8,4,7.3],"rotation":{"angle":-22.5,"axis":"x","origin":[8,6,4]},"faces":{"north":{"uv":[0,4.8,0,0],"texture":"#2"},"east":{"uv":[8,6.4,5.6,1.6],"texture":"#2"},"south":{"uv":[0,4.8,0,0],"texture":"#2"},"west":{"uv":[5.6,6.4,8,1.6],"texture":"#2"},"up":{"uv":[0,2.4,0,0],"texture":"#2"},"down":{"uv":[0.1,0.1,0.1,2.4],"texture":"#2"}}},{"from":[8,-1.79772,8.65518],"to":[8,0.20228,13.65518],"rotation":{"angle":22.5,"axis":"x","origin":[8,-4.39772,10.25518]},"faces":{"north":{"uv":[0,1.6,0,0],"texture":"#2"},"east":{"uv":[5.6,6.4,9.6,8],"rotation":180,"texture":"#2"},"south":{"uv":[0,1.6,0,0],"texture":"#2"},"west":{"uv":[5.6,8,9.6,6.4],"texture":"#2"},"up":{"uv":[0,4,0,0],"texture":"#2"},"down":{"uv":[0.1,0.1,0.1,4],"texture":"#2"}}},{"from":[8,-0.35,12.3],"to":[8,16.35,19.3],"rotation":{"angle":0,"axis":"y","origin":[8,-0.05,0]},"faces":{"north":{"uv":[0.1,0.1,0.1,13.4],"texture":"#2"},"east":{"uv":[5.6,0,0,13.4],"texture":"#2"},"south":{"uv":[0.1,0.1,0.1,13.4],"texture":"#2"},"west":{"uv":[0,0,5.6,13.4],"texture":"#2"},"up":{"uv":[0,5.6,0,0],"texture":"#2"},"down":{"uv":[0.1,0.1,0.1,5.6],"texture":"#2"}}},{"from":[9.5,9,3],"to":[9.5,10,7],"rotation":{"angle":-45,"axis":"z","origin":[9.5,9.5,5]},"faces":{"north":{"uv":[0.1,0.1,0.1,1.6],"texture":"#2"},"east":{"uv":[11.2,2.4,8,3.2],"texture":"#2"},"south":{"uv":[0.1,0.1,0.1,1.6],"texture":"#2"},"west":{"uv":[8,2.4,11.2,3.2],"texture":"#2"},"up":{"uv":[0,3.2,0,0],"texture":"#2"},"down":{"uv":[0.1,0.1,0.1,3.2],"texture":"#2"}}},{"from":[6.5,9,3],"to":[6.5,10,7],"rotation":{"angle":45,"axis":"z","origin":[6.5,9.5,5]},"faces":{"north":{"uv":[0.1,0.1,0.1,1.6],"texture":"#2"},"east":{"uv":[11.2,2.4,8,3.2],"texture":"#2"},"south":{"uv":[0.1,0.1,0.1,1.6],"texture":"#2"},"west":{"uv":[8,2.4,11.2,3.2],"texture":"#2"},"up":{"uv":[0,3.2,0,0],"texture":"#2"},"down":{"uv":[0.1,0.1,0.1,3.2],"texture":"#2"}}},{"from":[6.5,6,3],"to":[6.5,7,7],"rotation":{"angle":-45,"axis":"z","origin":[6.5,6.5,5]},"faces":{"north":{"uv":[0,1.6,0,0],"texture":"#2"},"east":{"uv":[11.2,3.2,8,2.4],"texture":"#2"},"south":{"uv":[0,1.6,0,0],"texture":"#2"},"west":{"uv":[8,3.2,11.2,2.4],"texture":"#2"},"up":{"uv":[0,3.2,0,0],"texture":"#2"},"down":{"uv":[0.1,0.1,0.1,3.2],"texture":"#2"}}},{"from":[9.5,6,3],"to":[9.5,7,7],"rotation":{"angle":45,"axis":"z","origin":[9.5,6.5,5]},"faces":{"north":{"uv":[0,1.6,0,0],"texture":"#2"},"east":{"uv":[11.2,3.2,8,2.4],"texture":"#2"},"south":{"uv":[0,1.6,0,0],"texture":"#2"},"west":{"uv":[8,3.2,11.2,2.4],"texture":"#2"},"up":{"uv":[0,3.2,0,0],"texture":"#2"},"down":{"uv":[0.1,0.1,0.1,3.2],"texture":"#2"}}},{"from":[7.378,10.35,5.65],"to":[7.378,17.65,12.95],"rotation":{"angle":22.5,"axis":"x","origin":[7.278,14,9.3]},"faces":{"north":{"uv":[0.1,0.1,0.1,3],"texture":"#1"},"east":{"uv":[0.1,0.1,0.1,0],"texture":"#1"},"south":{"uv":[0.1,0.1,0.1,3],"texture":"#1"},"west":{"uv":[0,0,16,16],"texture":"#1"},"up":{"uv":[0.1,0.1,0.1,3],"texture":"#1"},"down":{"uv":[0.1,0.1,0.1,3],"texture":"#1"}}},{"from":[8.622,10.35,5.65],"to":[8.622,17.65,12.95],"rotation":{"angle":22.5,"axis":"x","origin":[8.722,14,9.3]},"faces":{"north":{"uv":[0.1,0.1,0.1,3],"texture":"#1"},"east":{"uv":[16,0,0,16],"texture":"#1"},"south":{"uv":[0.1,0.1,0.1,3],"texture":"#1"},"west":{"uv":[0.1,0.1,0.1,0],"texture":"#1"},"up":{"uv":[0.1,0.1,0.1,3],"texture":"#1"},"down":{"uv":[0.1,0.1,0.1,3],"texture":"#1"}}},{"from":[8.622,-1.65,5.65],"to":[8.622,5.65,12.95],"rotation":{"angle":-22.5,"axis":"x","origin":[8.722,2,9.3]},"faces":{"north":{"uv":[0,3,0,0],"texture":"#1"},"east":{"uv":[16,16,0,0],"texture":"#1"},"south":{"uv":[0,3,0,0],"texture":"#1"},"west":{"uv":[0.1,0.1,0.1,0],"texture":"#1"},"up":{"uv":[0,3,0,0],"texture":"#1"},"down":{"uv":[0,3,0,0],"texture":"#1"}}},{"from":[7.378,-1.65,5.65],"to":[7.378,5.65,12.95],"rotation":{"angle":-22.5,"axis":"x","origin":[7.278,2,9.3]},"faces":{"north":{"uv":[0,3,0,0],"texture":"#1"},"east":{"uv":[0.1,0.1,0.1,0],"texture":"#1"},"south":{"uv":[0,3,0,0],"texture":"#1"},"west":{"uv":[0,16,16,0],"texture":"#1"},"up":{"uv":[0,3,0,0],"texture":"#1"},"down":{"uv":[0,3,0,0],"texture":"#1"}}}],"gui_light":"front","display":{"thirdperson_righthand":{"translation":[0,-1.75,-0.25],"scale":[1.2,1.2,1.2]},"thirdperson_lefthand":{"translation":[0,-1.75,-0.5],"scale":[1.2,1.2,1.2]},"firstperson_righthand":{"translation":[-0.75,4.5,1],"scale":[0.80664,0.80664,0.80664]},"firstperson_lefthand":{"translation":[-0.75,4.5,1],"scale":[0.80664,0.80664,0.80664]},"ground":{"rotation":[0,0,95],"translation":[0,0.25,0],"scale":[1.00195,1.00195,1.00195]},"gui":{"rotation":[90,-45,90],"translation":[2.25,2.25,0],"scale":[0.7793,0.7793,0.7793]},"head":{"scale":[0,0,0]},"fixed":{"rotation":[0,-90,0],"translation":[0.5,0,-1.5],"scale":[2.38477,2.38477,2.38477]}}}