{"credit":"MadewithBlockbench","texture_size":[36,36],"textures":{"0":"slayer_set:chest","1":"slayer_set:animation_1","particle":"slayer_set:chest"},"elements":[{"from":[11.18,5.97,3.76],"to":[12.24,7.03,12.24],"rotation":{"angle":0,"axis":"y","origin":[8,7.825,8]},"faces":{"north":{"uv":[8,11.55556,8.44444,12],"texture":"#0"},"east":{"uv":[10.66667,5.33333,14.22222,5.77778],"texture":"#0"},"south":{"uv":[8.44444,11.55556,8.88889,12],"texture":"#0"},"west":{"uv":[10.66667,5.77778,14.22222,6.22222],"texture":"#0"},"down":{"uv":[8,10.66667,7.55556,14.22222],"texture":"#0"}}},{"from":[4.82,5.97,3.76],"to":[11.18,7.03,4.82],"rotation":{"angle":0,"axis":"y","origin":[8,7.825,8]},"faces":{"north":{"uv":[11.11111,7.55556,13.77778,8],"texture":"#0"},"east":{"uv":[8.88889,11.55556,9.33333,12],"texture":"#0"},"south":{"uv":[8,11.11111,10.66667,11.55556],"texture":"#0"},"west":{"uv":[9.33333,11.55556,9.77778,12],"texture":"#0"},"down":{"uv":[13.77778,8,11.11111,8.44444],"texture":"#0"}}},{"from":[3.654,7.03,3.654],"to":[12.346,8.09,12.346],"rotation":{"angle":0,"axis":"y","origin":[8,7.825,8]},"faces":{"north":{"uv":[7.55556,9.33333,11.22222,9.77778],"texture":"#0"},"east":{"uv":[7.55556,9.33333,11.22222,9.77778],"texture":"#0"},"south":{"uv":[7.55556,9.33333,11.22222,9.77778],"texture":"#0"},"west":{"uv":[7.55556,9.33333,11.22222,9.77778],"texture":"#0"},"up":{"uv":[3.66667,3.66667,0,0],"texture":"#0"},"down":{"uv":[3.66667,4,0,7.66667],"texture":"#0"}}},{"from":[4.714,8.09,4.714],"to":[11.286,9.15,11.286],"rotation":{"angle":0,"axis":"y","origin":[8,7.825,8]},"faces":{"north":{"uv":[11.11111,0.44444,13.88889,0.88889],"texture":"#0"},"east":{"uv":[11.11111,0.44444,13.88889,0.88889],"texture":"#0"},"south":{"uv":[11.11111,0.44444,13.88889,0.88889],"texture":"#0"},"west":{"uv":[11.11111,0.44444,13.88889,0.88889],"texture":"#0"},"up":{"uv":[10.33333,6.33333,7.55556,3.55556],"texture":"#0"}}},{"from":[9.166,7.56,11.021],"to":[14.466,10.74,11.021],"rotation":{"angle":0,"axis":"y","origin":[8,7.825,8]},"faces":{"north":{"uv":[0,8.88889,2.22222,10.22222],"texture":"#0"},"east":{"uv":[0.1,0.1,0.1,1.33333],"texture":"#0"},"south":{"uv":[2.22222,8.88889,0,10.22222],"texture":"#0"},"west":{"uv":[0.1,0.1,0.1,1.33333],"texture":"#0"},"up":{"uv":[2.22222,0,0,0],"texture":"#0"},"down":{"uv":[2.22222,0,0,0],"texture":"#0"}}},{"from":[3.76,5.97,3.76],"to":[4.82,7.03,12.24],"rotation":{"angle":0,"axis":"y","origin":[8,7.825,8]},"faces":{"north":{"uv":[8.44444,11.55556,8,12],"texture":"#0"},"east":{"uv":[14.22222,5.77778,10.66667,6.22222],"texture":"#0"},"south":{"uv":[8.88889,11.55556,8.44444,12],"texture":"#0"},"west":{"uv":[14.22222,5.33333,10.66667,5.77778],"texture":"#0"},"down":{"uv":[7.55556,10.66667,8,14.22222],"texture":"#0"}}},{"from":[4.82,5.97,11.18],"to":[11.18,7.03,12.24],"rotation":{"angle":0,"axis":"y","origin":[8,7.825,8]},"faces":{"north":{"uv":[10.66667,11.11111,8,11.55556],"texture":"#0"},"east":{"uv":[9.33333,11.55556,8.88889,12],"texture":"#0"},"south":{"uv":[13.77778,7.55556,11.11111,8],"texture":"#0"},"west":{"uv":[9.77778,11.55556,9.33333,12],"texture":"#0"},"down":{"uv":[13.77778,8.44444,11.11111,8],"texture":"#0"}}},{"from":[1.534,7.56,11.021],"to":[6.834,10.74,11.021],"rotation":{"angle":0,"axis":"y","origin":[8,7.825,8]},"faces":{"north":{"uv":[2.22222,8.88889,0,10.22222],"texture":"#0"},"east":{"uv":[0.1,0.1,0.1,1.33333],"texture":"#0"},"south":{"uv":[0,8.88889,2.22222,10.22222],"texture":"#0"},"west":{"uv":[0.1,0.1,0.1,1.33333],"texture":"#0"},"up":{"uv":[0,0,2.22222,0],"texture":"#0"},"down":{"uv":[0,0,2.22222,0],"texture":"#0"}}},{"from":[9.166,7.56,4.979],"to":[14.466,10.74,4.979],"rotation":{"angle":0,"axis":"y","origin":[8,7.825,8]},"faces":{"north":{"uv":[0,8.88889,2.22222,10.22222],"texture":"#0"},"east":{"uv":[0.1,0.1,0.1,1.33333],"texture":"#0"},"south":{"uv":[2.22222,8.88889,0,10.22222],"texture":"#0"},"west":{"uv":[0.1,0.1,0.1,1.33333],"texture":"#0"},"up":{"uv":[2.22222,0,0,0],"texture":"#0"},"down":{"uv":[2.22222,0,0,0],"texture":"#0"}}},{"from":[1.534,7.56,4.979],"to":[6.834,10.74,4.979],"rotation":{"angle":0,"axis":"y","origin":[8,7.825,8]},"faces":{"north":{"uv":[2.22222,8.88889,0,10.22222],"texture":"#0"},"east":{"uv":[0.1,0.1,0.1,1.33333],"texture":"#0"},"south":{"uv":[0,8.88889,2.22222,10.22222],"texture":"#0"},"west":{"uv":[0.1,0.1,0.1,1.33333],"texture":"#0"},"up":{"uv":[0,0,2.22222,0],"texture":"#0"},"down":{"uv":[0,0,2.22222,0],"texture":"#0"}}},{"from":[5.47972,3.77028,3.5],"to":[7.47972,5.77028,4.5],"rotation":{"angle":-45,"axis":"z","origin":[8,3.25,8]},"faces":{"north":{"uv":[1.33333,11.55556,2.22222,12.44444],"texture":"#0"},"east":{"uv":[3.55556,8,4,8.88889],"texture":"#0"},"south":{"uv":[2.22222,11.55556,3.11111,12.44444],"texture":"#0"},"west":{"uv":[3.11111,11.55556,3.55556,12.44444],"texture":"#0"},"up":{"uv":[3.11111,10.22222,2.22222,9.77778],"texture":"#0"},"down":{"uv":[4,9.77778,3.11111,10.22222],"texture":"#0"}}},{"from":[11,0,3],"to":[13,2,5],"rotation":{"angle":0,"axis":"y","origin":[8,3.25,8]},"faces":{"north":{"uv":[2.22222,8.88889,3.11111,9.77778],"texture":"#0"},"east":{"uv":[3.11111,8.88889,2.22222,9.77778],"texture":"#0"},"south":{"uv":[11.11111,8.44444,12,9.33333],"rotation":270,"texture":"#0"},"west":{"uv":[11.11111,8.44444,12,9.33333],"texture":"#0"},"up":{"uv":[12,9.33333,11.11111,8.44444],"texture":"#0"},"down":{"uv":[0.88889,11.55556,0,12.44444],"texture":"#0"}}},{"from":[3,0,3],"to":[5,2,5],"rotation":{"angle":0,"axis":"y","origin":[8,3.25,8]},"faces":{"north":{"uv":[3.11111,8.88889,2.22222,9.77778],"texture":"#0"},"east":{"uv":[12,8.44444,11.11111,9.33333],"texture":"#0"},"south":{"uv":[11.11111,9.33333,12,8.44444],"rotation":270,"texture":"#0"},"west":{"uv":[2.22222,8.88889,3.11111,9.77778],"texture":"#0"},"up":{"uv":[11.11111,9.33333,12,8.44444],"texture":"#0"},"down":{"uv":[0,11.55556,0.88889,12.44444],"texture":"#0"}}},{"from":[3,0,11],"to":[5,2,13],"rotation":{"angle":0,"axis":"y","origin":[8,3.25,8]},"faces":{"north":{"uv":[11.11111,8.44444,12,9.33333],"rotation":270,"texture":"#0"},"east":{"uv":[11.11111,8.44444,12,9.33333],"texture":"#0"},"south":{"uv":[2.22222,8.88889,3.11111,9.77778],"texture":"#0"},"west":{"uv":[3.11111,8.88889,2.22222,9.77778],"texture":"#0"},"up":{"uv":[11.11111,8.44444,12,9.33333],"texture":"#0"},"down":{"uv":[0,12.44444,0.88889,11.55556],"texture":"#0"}}},{"from":[11,0,11],"to":[13,2,13],"rotation":{"angle":0,"axis":"y","origin":[8,3.25,8]},"faces":{"north":{"uv":[11.11111,9.33333,12,8.44444],"rotation":270,"texture":"#0"},"east":{"uv":[2.22222,8.88889,3.11111,9.77778],"texture":"#0"},"south":{"uv":[3.11111,8.88889,2.22222,9.77778],"texture":"#0"},"west":{"uv":[12,8.44444,11.11111,9.33333],"texture":"#0"},"up":{"uv":[12,8.44444,11.11111,9.33333],"texture":"#0"},"down":{"uv":[0.88889,12.44444,0,11.55556],"texture":"#0"}}},{"from":[13.65685,2,8],"to":[14.65685,6,8],"rotation":{"angle":45,"axis":"y","origin":[8,3.25,8]},"faces":{"north":{"uv":[0.88889,11.55556,1.33333,13.33333],"texture":"#0"},"east":{"uv":[0.1,0.1,0.1,1.77778],"texture":"#0"},"south":{"uv":[1.33333,11.55556,0.88889,13.33333],"texture":"#0"},"west":{"uv":[0.1,0.1,0.1,1.77778],"texture":"#0"},"up":{"uv":[0.44444,0,0,0],"texture":"#0"},"down":{"uv":[0.44444,0,0,0],"texture":"#0"}}},{"from":[1.34315,2,8],"to":[2.34315,6,8],"rotation":{"angle":-45,"axis":"y","origin":[8,3.25,8]},"faces":{"north":{"uv":[1.33333,11.55556,0.88889,13.33333],"texture":"#0"},"east":{"uv":[0.1,0.1,0.1,1.77778],"texture":"#0"},"south":{"uv":[0.88889,11.55556,1.33333,13.33333],"texture":"#0"},"west":{"uv":[0.1,0.1,0.1,1.77778],"texture":"#0"},"up":{"uv":[0,0,0.44444,0],"texture":"#0"},"down":{"uv":[0,0,0.44444,0],"texture":"#0"}}},{"from":[1.34315,2,8],"to":[2.34315,6,8],"rotation":{"angle":45,"axis":"y","origin":[8,3.25,8]},"faces":{"north":{"uv":[1.33333,11.55556,0.88889,13.33333],"texture":"#0"},"east":{"uv":[0.1,0.1,0.1,1.77778],"texture":"#0"},"south":{"uv":[0.88889,11.55556,1.33333,13.33333],"texture":"#0"},"west":{"uv":[0.1,0.1,0.1,1.77778],"texture":"#0"},"up":{"uv":[0,0,0.44444,0],"texture":"#0"},"down":{"uv":[0,0,0.44444,0],"texture":"#0"}}},{"from":[13.65685,2,8],"to":[14.65685,6,8],"rotation":{"angle":-45,"axis":"y","origin":[8,3.25,8]},"faces":{"north":{"uv":[0.88889,11.55556,1.33333,13.33333],"texture":"#0"},"east":{"uv":[0.1,0.1,0.1,1.77778],"texture":"#0"},"south":{"uv":[1.33333,11.55556,0.88889,13.33333],"texture":"#0"},"west":{"uv":[0.1,0.1,0.1,1.77778],"texture":"#0"},"up":{"uv":[0.44444,0,0,0],"texture":"#0"},"down":{"uv":[0.44444,0,0,0],"texture":"#0"}}},{"from":[4,1,4],"to":[12,3,12],"rotation":{"angle":0,"axis":"y","origin":[8,3.25,8]},"faces":{"north":{"uv":[7.55556,6.66667,11.11111,7.55556],"texture":"#0"},"east":{"uv":[7.55556,6.66667,11.11111,7.55556],"texture":"#0"},"south":{"uv":[7.55556,6.66667,11.11111,7.55556],"texture":"#0"},"west":{"uv":[7.55556,6.66667,11.11111,7.55556],"texture":"#0"},"up":{"uv":[7.55556,3.55556,4,0],"texture":"#0"},"down":{"uv":[7.55556,3.55556,4,7.11111],"texture":"#0"}}},{"from":[4,4,4],"to":[12,5,12],"rotation":{"angle":0,"axis":"y","origin":[8,3.25,8]},"faces":{"north":{"uv":[0,10.66667,3.55556,11.11111],"texture":"#0"},"east":{"uv":[3.55556,10.66667,7.11111,11.11111],"texture":"#0"},"south":{"uv":[10.66667,3.55556,14.22222,4],"texture":"#0"},"west":{"uv":[10.66667,4,14.22222,4.44444],"texture":"#0"},"up":{"uv":[7.55556,10.66667,4,7.11111],"texture":"#0"},"down":{"uv":[11.11111,0,7.55556,3.55556],"texture":"#0"}}},{"from":[11,5,4],"to":[12,6,12],"rotation":{"angle":0,"axis":"y","origin":[8,3.25,8]},"faces":{"north":{"uv":[3.55556,11.55556,4,12],"texture":"#0"},"east":{"uv":[10.66667,4.44444,14.22222,4.88889],"texture":"#0"},"south":{"uv":[4,11.55556,4.44444,12],"texture":"#0"},"west":{"uv":[10.66667,4.88889,14.22222,5.33333],"texture":"#0"},"up":{"uv":[7.55556,14.22222,7.11111,10.66667],"texture":"#0"}}},{"from":[4,5,4],"to":[5,6,12],"rotation":{"angle":0,"axis":"y","origin":[8,3.25,8]},"faces":{"north":{"uv":[4,11.55556,3.55556,12],"texture":"#0"},"east":{"uv":[14.22222,4.88889,10.66667,5.33333],"texture":"#0"},"south":{"uv":[4.44444,11.55556,4,12],"texture":"#0"},"west":{"uv":[14.22222,4.44444,10.66667,4.88889],"texture":"#0"},"up":{"uv":[7.11111,14.22222,7.55556,10.66667],"texture":"#0"}}},{"from":[5,5,11],"to":[11,6,12],"rotation":{"angle":0,"axis":"y","origin":[8,3.25,8]},"faces":{"north":{"uv":[11.11111,2.22222,13.77778,2.66667],"texture":"#0"},"east":{"uv":[4.44444,11.55556,4.88889,12],"texture":"#0"},"south":{"uv":[11.11111,2.66667,13.77778,3.11111],"texture":"#0"},"west":{"uv":[4.88889,11.55556,5.33333,12],"texture":"#0"},"up":{"uv":[13.77778,3.55556,11.11111,3.11111],"texture":"#0"}}},{"from":[5,5,4],"to":[11,6,5],"rotation":{"angle":0,"axis":"y","origin":[8,3.25,8]},"faces":{"north":{"uv":[3.55556,11.11111,6.22222,11.55556],"texture":"#0"},"east":{"uv":[5.33333,11.55556,5.77778,12],"texture":"#0"},"south":{"uv":[11.11111,6.66667,13.77778,7.11111],"texture":"#0"},"west":{"uv":[5.77778,11.55556,6.22222,12],"texture":"#0"},"up":{"uv":[13.77778,7.55556,11.11111,7.11111],"texture":"#0"}}},{"from":[4.3,3,4.3],"to":[11.7,4,11.7],"rotation":{"angle":0,"axis":"y","origin":[8,3.25,8]},"faces":{"north":{"uv":[10.66667,6.22222,14,6.66667],"texture":"#0"},"east":{"uv":[10.66667,6.22222,14,6.66667],"texture":"#0"},"south":{"uv":[10.66667,6.22222,14,6.66667],"texture":"#0"},"west":{"uv":[10.66667,6.22222,14,6.66667],"texture":"#0"}}},{"from":[4.35,4.35,3.6],"to":[11.65,11.65,3.6],"rotation":{"angle":0,"axis":"y","origin":[8,15.5,8.1]},"faces":{"north":{"uv":[0,0,16,16],"texture":"#1"},"east":{"uv":[0.1,0.1,0.1,1.66667],"texture":"#1"},"south":{"uv":[0.1,0.1,0.1,0],"texture":"#1"},"west":{"uv":[0.1,0.1,0.1,1.66667],"texture":"#1"},"up":{"uv":[0.1,0.1,0.1,1.66667],"rotation":90,"texture":"#1"},"down":{"uv":[0.1,0.1,0.1,1.66667],"rotation":270,"texture":"#1"}}}],"gui_light":"front","display":{"thirdperson_righthand":{"rotation":[65,0,0],"translation":[0,4.5,3],"scale":[0.82031,0.82031,0.82031]},"thirdperson_lefthand":{"rotation":[65,0,0],"translation":[0,4.5,3],"scale":[0.82031,0.82031,0.82031]},"firstperson_righthand":{"rotation":[15,180,0],"translation":[-9,6.5,-2]},"firstperson_lefthand":{"rotation":[15,180,0],"translation":[-9,6.5,-2]},"ground":{"translation":[0,6.5,0],"scale":[0.98242,0.98242,0.98242]},"gui":{"rotation":[18,162,0],"translation":[0,2,0],"scale":[0.93359,0.93359,0.93359]},"head":{"translation":[0,-23.25,0],"scale":[2.5,2.5,2.5]},"fixed":{"rotation":[-90,0,0],"translation":[0,0,-26.75],"scale":[4,4,4]}}}