{"credit":"MadewithBlockbench","texture_size":[24,24],"textures":{"1":"slayer_set:claymore","2":"slayer_set:animation_1","particle":"slayer_set:animation_1"},"elements":[{"from":[7.35,-0.15,7.35],"to":[8.65,1.15,8.65],"rotation":{"angle":-45,"axis":"x","origin":[8,0.5,8]},"faces":{"north":{"uv":[8.66667,11.33333,9.5,12.16667],"texture":"#1"},"east":{"uv":[11.33333,9.33333,12.16667,10.16667],"texture":"#1"},"south":{"uv":[10,11.33333,10.83333,12.16667],"texture":"#1"},"west":{"uv":[11.33333,10.66667,12.16667,11.5],"texture":"#1"},"up":{"uv":[12.83333,0.83333,12,0],"texture":"#1"},"down":{"uv":[12.83333,1.33333,12,2.16667],"texture":"#1"}}},{"from":[7.45,5.65,7.35],"to":[8.55,7.95,9.65],"rotation":{"angle":-45,"axis":"x","origin":[8,6.3,8]},"faces":{"north":{"uv":[10,9.33333,10.66667,10.83333],"texture":"#1"},"east":{"uv":[7.33333,2,8.83333,3.5],"texture":"#1"},"south":{"uv":[10.66667,0,11.33333,1.5],"texture":"#1"},"west":{"uv":[7.33333,4,8.83333,5.5],"texture":"#1"},"up":{"uv":[11.33333,3.5,10.66667,2],"texture":"#1"},"down":{"uv":[7.33333,10.66667,6.66667,12.16667],"texture":"#1"}}},{"from":[7.25,5.95,7.65],"to":[8.75,7.65,9.35],"rotation":{"angle":-45,"axis":"x","origin":[8,6.3,8]},"faces":{"north":{"uv":[10,5.33333,11,6.5],"texture":"#1"},"east":{"uv":[8.66667,6,9.83333,7.16667],"texture":"#1"},"south":{"uv":[10,6.66667,11,7.83333],"texture":"#1"},"west":{"uv":[8.66667,7.33333,9.83333,8.5],"texture":"#1"},"up":{"uv":[11,9.16667,10,8],"texture":"#1"},"down":{"uv":[9.66667,10,8.66667,11.16667],"texture":"#1"}}},{"from":[7.5,0.9,7.5],"to":[8.5,1.9,8.5],"rotation":{"angle":0,"axis":"x","origin":[8,1.4,8]},"faces":{"north":{"uv":[9.33333,5.33333,10,6],"texture":"#1"},"east":{"uv":[12,5.33333,12.66667,6],"texture":"#1"},"south":{"uv":[12,8,12.66667,8.66667],"texture":"#1"},"west":{"uv":[12,8.66667,12.66667,9.33333],"texture":"#1"},"up":{"uv":[5.33333,13.33333,4.66667,12.66667],"texture":"#1"},"down":{"uv":[13.33333,4.66667,12.66667,5.33333],"texture":"#1"}}},{"from":[7.6,1.9,7.6],"to":[8.4,5.9,8.4],"rotation":{"angle":0,"axis":"x","origin":[8,2.4,8]},"faces":{"north":{"uv":[9.33333,0,9.83333,2.66667],"texture":"#1"},"east":{"uv":[9.33333,2.66667,9.83333,5.33333],"texture":"#1"},"south":{"uv":[10,0,10.5,2.66667],"texture":"#1"},"west":{"uv":[10,2.66667,10.5,5.33333],"texture":"#1"},"up":{"uv":[13.83333,4.5,13.33333,4],"texture":"#1"},"down":{"uv":[5.16667,13.33333,4.66667,13.83333],"texture":"#1"}}},{"from":[7.5,2.9,7.5],"to":[8.5,3.4,8.5],"rotation":{"angle":0,"axis":"x","origin":[8,3.4,8]},"faces":{"north":{"uv":[13.33333,4.66667,14,5],"texture":"#1"},"east":{"uv":[5.33333,13.33333,6,13.66667],"texture":"#1"},"south":{"uv":[13.33333,5.33333,14,5.66667],"texture":"#1"},"west":{"uv":[6,13.33333,6.66667,13.66667],"texture":"#1"},"up":{"uv":[6,13.33333,5.33333,12.66667],"texture":"#1"},"down":{"uv":[13.33333,5.33333,12.66667,6],"texture":"#1"}}},{"from":[7.5,3.9,7.5],"to":[8.5,4.4,8.5],"rotation":{"angle":0,"axis":"x","origin":[8,4.4,8]},"faces":{"north":{"uv":[13.33333,6,14,6.33333],"texture":"#1"},"east":{"uv":[6.66667,13.33333,7.33333,13.66667],"texture":"#1"},"south":{"uv":[13.33333,6.66667,14,7],"texture":"#1"},"west":{"uv":[7.33333,13.33333,8,13.66667],"texture":"#1"},"up":{"uv":[6.66667,13.33333,6,12.66667],"texture":"#1"},"down":{"uv":[13.33333,6,12.66667,6.66667],"texture":"#1"}}},{"from":[7.55,3.4,7.55],"to":[8.45,3.9,8.45],"rotation":{"angle":0,"axis":"x","origin":[8,3.9,8]},"faces":{"north":{"uv":[13.33333,7.33333,14,7.66667],"texture":"#1"},"east":{"uv":[8,13.33333,8.66667,13.66667],"texture":"#1"},"south":{"uv":[13.33333,8,14,8.33333],"texture":"#1"},"west":{"uv":[8.66667,13.33333,9.33333,13.66667],"texture":"#1"},"up":{"uv":[7.33333,13.33333,6.66667,12.66667],"texture":"#1"},"down":{"uv":[13.33333,6.66667,12.66667,7.33333],"texture":"#1"}}},{"from":[7.75,7,8.6],"to":[8.25,15,9.6],"rotation":{"angle":0,"axis":"y","origin":[7.75,11.96194,9.3949]},"faces":{"north":{"uv":[7.33333,6,7.66667,11.33333],"texture":"#1"},"east":{"uv":[6.66667,0,7.33333,5.33333],"texture":"#1"},"south":{"uv":[8,6,8.33333,11.33333],"texture":"#1"},"west":{"uv":[6.66667,5.33333,7.33333,10.66667],"texture":"#1"},"up":{"uv":[13.66667,9.33333,13.33333,8.66667],"texture":"#1"},"down":{"uv":[9.66667,13.33333,9.33333,14],"texture":"#1"}}},{"from":[7.7525,14.61679,8.26326],"to":[8.2475,15.61679,9.26326],"rotation":{"angle":22.5,"axis":"x","origin":[7.75,13.96194,9.3949]},"faces":{"north":{"uv":[13.33333,9.33333,13.66667,10],"texture":"#1"},"east":{"uv":[12.66667,7.33333,13.33333,8],"texture":"#1"},"south":{"uv":[10,13.33333,10.33333,14],"texture":"#1"},"west":{"uv":[12.66667,8,13.33333,8.66667],"texture":"#1"},"up":{"uv":[13.66667,10.66667,13.33333,10],"texture":"#1"},"down":{"uv":[13.66667,10.66667,13.33333,11.33333],"texture":"#1"}}},{"from":[7.755,15.05776,7.71612],"to":[8.245,16.05776,8.71612],"rotation":{"angle":45,"axis":"x","origin":[7.75,13.96194,9.3949]},"faces":{"north":{"uv":[13.33333,11.33333,13.66667,12],"texture":"#1"},"east":{"uv":[8.66667,12.66667,9.33333,13.33333],"texture":"#1"},"south":{"uv":[13.33333,12,13.66667,12.66667],"texture":"#1"},"west":{"uv":[12.66667,8.66667,13.33333,9.33333],"texture":"#1"},"up":{"uv":[13,14,12.66667,13.33333],"texture":"#1"},"down":{"uv":[13.66667,12.66667,13.33333,13.33333],"texture":"#1"}}},{"from":[7.75,7,6.4],"to":[8.25,15,7.4],"rotation":{"angle":0,"axis":"y","origin":[7.75,11.96194,6.6051]},"faces":{"north":{"uv":[8.33333,6,8,11.33333],"texture":"#1"},"east":{"uv":[7.33333,0,6.66667,5.33333],"texture":"#1"},"south":{"uv":[7.66667,6,7.33333,11.33333],"texture":"#1"},"west":{"uv":[7.33333,5.33333,6.66667,10.66667],"texture":"#1"},"up":{"uv":[13.66667,8.66667,13.33333,9.33333],"texture":"#1"},"down":{"uv":[9.66667,14,9.33333,13.33333],"texture":"#1"}}},{"from":[7.7525,14.61679,6.73674],"to":[8.2475,15.61679,7.73674],"rotation":{"angle":-22.5,"axis":"x","origin":[7.75,13.96194,6.6051]},"faces":{"north":{"uv":[10.33333,13.33333,10,14],"texture":"#1"},"east":{"uv":[13.33333,7.33333,12.66667,8],"texture":"#1"},"south":{"uv":[13.66667,9.33333,13.33333,10],"texture":"#1"},"west":{"uv":[13.33333,8,12.66667,8.66667],"texture":"#1"},"up":{"uv":[13.66667,10,13.33333,10.66667],"texture":"#1"},"down":{"uv":[13.66667,11.33333,13.33333,10.66667],"texture":"#1"}}},{"from":[7.755,15.05776,7.28388],"to":[8.245,16.05776,8.28388],"rotation":{"angle":-45,"axis":"x","origin":[7.75,13.96194,6.6051]},"faces":{"north":{"uv":[13.66667,12,13.33333,12.66667],"texture":"#1"},"east":{"uv":[9.33333,12.66667,8.66667,13.33333],"texture":"#1"},"south":{"uv":[13.66667,11.33333,13.33333,12],"texture":"#1"},"west":{"uv":[13.33333,8.66667,12.66667,9.33333],"texture":"#1"},"up":{"uv":[13,13.33333,12.66667,14],"texture":"#1"},"down":{"uv":[13.66667,13.33333,13.33333,12.66667],"texture":"#1"}}},{"from":[7.5,7,5],"to":[8.5,8,7],"rotation":{"angle":22.5,"axis":"x","origin":[7.5,7,5]},"faces":{"north":{"uv":[9.33333,12.66667,10,13.33333],"texture":"#1"},"east":{"uv":[7.33333,11.33333,8.66667,12],"texture":"#1"},"south":{"uv":[12.66667,9.33333,13.33333,10],"texture":"#1"},"west":{"uv":[11.33333,7.33333,12.66667,8],"texture":"#1"},"up":{"uv":[11.33333,5.33333,10.66667,4],"texture":"#1"},"down":{"uv":[12,8,11.33333,9.33333],"texture":"#1"}}},{"from":[7.7625,14.97574,6.8],"to":[8.2375,17.37574,9.2],"rotation":{"angle":-45,"axis":"x","origin":[8.2375,16.17574,8]},"faces":{"north":{"uv":[11.33333,12,11.66667,13.66667],"texture":"#1"},"east":{"uv":[7.33333,0,9,1.66667],"rotation":270,"texture":"#1"},"south":{"uv":[12,12,12.33333,13.66667],"texture":"#1"},"west":{"uv":[7.33333,0,9,1.66667],"texture":"#1"},"up":{"uv":[13,4.33333,12.66667,2.66667],"texture":"#1"},"down":{"uv":[4.33333,12.66667,4,14.33333],"texture":"#1"}}},{"from":[7.7625,25.68943,6.8],"to":[8.2375,27.11443,8.225],"rotation":{"angle":-45,"axis":"x","origin":[8.2375,26.88943,8]},"faces":{"north":{"uv":[12.66667,12,13,13],"texture":"#1"},"east":{"uv":[11.33333,6,12.33333,7],"rotation":270,"texture":"#1"},"south":{"uv":[13.33333,0,13.66667,1],"texture":"#1"},"west":{"uv":[11.33333,6,12.33333,7],"texture":"#1"},"up":{"uv":[13.66667,2.33333,13.33333,1.33333],"texture":"#1"},"down":{"uv":[13.66667,2.66667,13.33333,3.66667],"texture":"#1"}}},{"from":[7.6125,15.27574,7.1],"to":[8.3875,17.07574,8.9],"rotation":{"angle":-45,"axis":"x","origin":[8.1875,16.17574,8]},"faces":{"north":{"uv":[12,2.66667,12.5,3.83333],"texture":"#1"},"east":{"uv":[8.66667,8.66667,9.83333,9.83333],"rotation":270,"texture":"#1"},"south":{"uv":[12,4,12.5,5.16667],"texture":"#1"},"west":{"uv":[8.66667,8.66667,9.83333,9.83333],"texture":"#1"},"up":{"uv":[7.83333,13.16667,7.33333,12],"texture":"#1"},"down":{"uv":[8.5,12,8,13.16667],"texture":"#1"}}},{"from":[7.46,6.56645,4.42066],"to":[8.54,8.72645,5.50066],"rotation":{"angle":-22.5,"axis":"x","origin":[8,7.64645,4.96066]},"faces":{"north":{"uv":[10.66667,9.33333,11.33333,10.83333],"texture":"#1"},"east":{"uv":[11.33333,0,12,1.5],"texture":"#1"},"south":{"uv":[11.33333,2,12,3.5],"texture":"#1"},"west":{"uv":[11.33333,4,12,5.5],"texture":"#1"},"up":{"uv":[10.66667,13.33333,10,12.66667],"texture":"#1"},"down":{"uv":[13.33333,10,12.66667,10.66667],"texture":"#1"}}},{"from":[7.5,7,9],"to":[8.5,8,11],"rotation":{"angle":-22.5,"axis":"x","origin":[7.5,7,11]},"faces":{"north":{"uv":[13.33333,9.33333,12.66667,10],"texture":"#1"},"east":{"uv":[8.66667,11.33333,7.33333,12],"texture":"#1"},"south":{"uv":[10,12.66667,9.33333,13.33333],"texture":"#1"},"west":{"uv":[12.66667,7.33333,11.33333,8],"texture":"#1"},"up":{"uv":[11.33333,4,10.66667,5.33333],"texture":"#1"},"down":{"uv":[12,9.33333,11.33333,8],"texture":"#1"}}},{"from":[7.46,6.56645,10.49934],"to":[8.54,8.72645,11.57934],"rotation":{"angle":22.5,"axis":"x","origin":[8,7.64645,11.03934]},"faces":{"north":{"uv":[12,2,11.33333,3.5],"texture":"#1"},"east":{"uv":[12,0,11.33333,1.5],"texture":"#1"},"south":{"uv":[11.33333,9.33333,10.66667,10.83333],"texture":"#1"},"west":{"uv":[12,4,11.33333,5.5],"texture":"#1"},"up":{"uv":[10.66667,12.66667,10,13.33333],"texture":"#1"},"down":{"uv":[13.33333,10.66667,12.66667,10],"texture":"#1"}}},{"from":[7.775,8,7],"to":[8.225,26.2,9],"rotation":{"angle":0,"axis":"y","origin":[7.725,11.5,8]},"faces":{"north":{"uv":[5.33333,0,5.66667,12.16667],"texture":"#1"},"east":{"uv":[5.33333,0,4,12.16667],"texture":"#1"},"south":{"uv":[6,0,6.33333,12.16667],"texture":"#1"},"west":{"uv":[4,0,5.33333,12.16667],"texture":"#1"},"up":{"uv":[11,14,10.66667,12.66667],"texture":"#1"},"down":{"uv":[13,10.66667,12.66667,12],"texture":"#1"}}},{"from":[8,7.5,5.15],"to":[8,30.5,10.85],"rotation":{"angle":0,"axis":"y","origin":[8,7.5,4.85]},"faces":{"north":{"uv":[0.1,0.1,0.1,15.33333],"texture":"#1"},"east":{"uv":[3.83333,0,0,15.33333],"texture":"#1"},"south":{"uv":[0.1,0.1,0.1,15.33333],"texture":"#1"},"west":{"uv":[0,0,3.83333,15.33333],"texture":"#1"},"up":{"uv":[0,3.83333,0,0],"texture":"#1"},"down":{"uv":[0.1,0.1,0.1,3.83333],"texture":"#1"}}},{"from":[7.278,6.85,6.25],"to":[7.278,14.15,13.55],"rotation":{"angle":45,"axis":"x","origin":[8,9.7,8.1]},"faces":{"north":{"uv":[0.1,0.1,0.1,2.5],"texture":"#2"},"east":{"uv":[0.1,0.1,0.1,0],"texture":"#2"},"south":{"uv":[0.1,0.1,0.1,2.5],"texture":"#2"},"west":{"uv":[0,0,16,16],"texture":"#2"},"up":{"uv":[0.1,0.1,0.1,2.5],"texture":"#2"},"down":{"uv":[0.1,0.1,0.1,2.5],"texture":"#2"}}},{"from":[8.722,6.85,6.25],"to":[8.722,14.15,13.55],"rotation":{"angle":45,"axis":"x","origin":[8,9.7,8.1]},"faces":{"north":{"uv":[0.1,0.1,0.1,2.5],"texture":"#2"},"east":{"uv":[16,0,0,16],"texture":"#2"},"south":{"uv":[0.1,0.1,0.1,2.5],"texture":"#2"},"west":{"uv":[0.1,0.1,0.1,0],"texture":"#2"},"up":{"uv":[0.1,0.1,0.1,2.5],"texture":"#2"},"down":{"uv":[0.1,0.1,0.1,2.5],"texture":"#2"}}}],"gui_light":"front","display":{"thirdperson_righthand":{"rotation":[13.5,0,0],"translation":[0,3.25,2.25],"scale":[1.10938,1.10938,1.10938]},"thirdperson_lefthand":{"rotation":[13.5,0,0],"translation":[0,3.25,2.25],"scale":[1.10938,1.10938,1.10938]},"firstperson_righthand":{"rotation":[-10,18,6],"translation":[-0.75,2.5,1.5],"scale":[0.73633,0.73633,0.73633]},"firstperson_lefthand":{"rotation":[-10,18,6],"translation":[-0.75,2.5,1.5],"scale":[0.73633,0.73633,0.73633]},"ground":{"rotation":[0,0,80],"translation":[7.75,0.75,0],"scale":[0.81,0.81,0.81]},"gui":{"rotation":[90,-135,90],"translation":[-3.75,-3.75,0],"scale":[0.7168,0.7168,0.7168]},"head":{"scale":[0,0,0]},"fixed":{"rotation":[0,-90,0],"translation":[0,-16,-2.25],"scale":[2.35352,2.35352,2.35352]}}}