{
	"credit": "Made with Blockbench",
	"textures": {
		"1": "slayer_set:animation_1",
		"2": "slayer_set:fishing_rod_cast",
		"particle": "slayer_set:animation_1"
	},
	"elements": [
		{
			"from": [7.6, 4.3, 7.6],
			"to": [8.4, 8.3, 8.4],
			"rotation": {"angle": 0, "axis": "y", "origin": [7.5, 4.3, 7.5]},
			"faces": {
				"north": {"uv": [7, 0, 7.75, 4], "texture": "#2"},
				"east": {"uv": [8, 0, 8.75, 4], "texture": "#2"},
				"south": {"uv": [4, 8, 4.75, 12], "texture": "#2"},
				"west": {"uv": [8, 4, 8.75, 8], "texture": "#2"},
				"up": {"uv": [14.75, 1.75, 14, 1], "texture": "#2"}
			}
		},
		{
			"from": [7.7, 8.3, 7.7],
			"to": [8.3, 12.3, 8.3],
			"rotation": {"angle": 0, "axis": "y", "origin": [7.5, 8.3, 7.5]},
			"faces": {
				"north": {"uv": [10, 10, 10.5, 14], "texture": "#2"},
				"east": {"uv": [11, 0, 11.5, 4], "texture": "#2"},
				"south": {"uv": [11, 4, 11.5, 8], "texture": "#2"},
				"west": {"uv": [9, 11, 9.5, 15], "texture": "#2"},
				"up": {"uv": [14.5, 12.5, 14, 12], "texture": "#2"}
			}
		},
		{
			"from": [7.8, 12, 7.9],
			"to": [8.2, 14, 8.3],
			"rotation": {"angle": -22.5, "axis": "x", "origin": [7.5, 12, 7.6]},
			"faces": {
				"north": {"uv": [11, 12, 11.5, 14], "texture": "#2"},
				"east": {"uv": [12, 12, 12.5, 14], "texture": "#2"},
				"south": {"uv": [0, 13, 0.5, 15], "texture": "#2"},
				"west": {"uv": [1, 13, 1.5, 15], "texture": "#2"},
				"up": {"uv": [13.5, 14.5, 13, 14], "texture": "#2"}
			}
		},
		{
			"from": [7.5, 6.399, 6.925],
			"to": [8.5, 6.399, 8.325],
			"rotation": {"angle": 0, "axis": "y", "origin": [7.5, 6.299, 6.5]},
			"faces": {
				"north": {"uv": [0, 0, 1, 0], "texture": "#2"},
				"east": {"uv": [0, 0, 1.5, 0], "texture": "#2"},
				"south": {"uv": [0, 0, 1, 0], "texture": "#2"},
				"west": {"uv": [0, 0, 1.5, 0], "texture": "#2"},
				"up": {"uv": [13, 7.5, 12, 6], "texture": "#2"},
				"down": {"uv": [8, 12, 7, 13.5], "texture": "#2"}
			}
		},
		{
			"from": [7.5, 8.374, 6.925],
			"to": [8.5, 8.374, 8.325],
			"rotation": {"angle": 0, "axis": "y", "origin": [7.5, 8.274, 6.5]},
			"faces": {
				"north": {"uv": [0, 0, 1, 0], "texture": "#2"},
				"east": {"uv": [0, 0, 1.5, 0], "texture": "#2"},
				"south": {"uv": [0, 0, 1, 0], "texture": "#2"},
				"west": {"uv": [0, 0, 1.5, 0], "texture": "#2"},
				"up": {"uv": [13, 7.5, 12, 6], "texture": "#2"},
				"down": {"uv": [8, 12, 7, 13.5], "texture": "#2"}
			}
		},
		{
			"from": [7.5, 10.374, 6.925],
			"to": [8.5, 10.374, 8.325],
			"rotation": {"angle": 0, "axis": "y", "origin": [7.5, 10.274, 6.5]},
			"faces": {
				"north": {"uv": [0, 0, 1, 0], "texture": "#2"},
				"east": {"uv": [0, 0, 1.5, 0], "texture": "#2"},
				"south": {"uv": [0, 0, 1, 0], "texture": "#2"},
				"west": {"uv": [0, 0, 1.5, 0], "texture": "#2"},
				"up": {"uv": [13, 7.5, 12, 6], "texture": "#2"},
				"down": {"uv": [8, 12, 7, 13.5], "texture": "#2"}
			}
		},
		{
			"from": [7.62, 12.524, 6.943],
			"to": [8.38, 12.524, 8.007],
			"rotation": {"angle": -22.5, "axis": "x", "origin": [8, 12.524, 7.475]},
			"faces": {
				"north": {"uv": [0, 0, 1, 0], "texture": "#2"},
				"east": {"uv": [0, 0, 1.5, 0], "texture": "#2"},
				"south": {"uv": [0, 0, 1, 0], "texture": "#2"},
				"west": {"uv": [0, 0, 1.5, 0], "texture": "#2"},
				"up": {"uv": [13, 7.5, 12, 6], "texture": "#2"},
				"down": {"uv": [8, 12, 7, 13.5], "texture": "#2"}
			}
		},
		{
			"from": [7.62, 13.499, 6.368],
			"to": [8.38, 13.499, 7.432],
			"rotation": {"angle": -45, "axis": "x", "origin": [8, 13.499, 6.9]},
			"faces": {
				"north": {"uv": [0, 0, 1, 0], "texture": "#2"},
				"east": {"uv": [0, 0, 1.5, 0], "texture": "#2"},
				"south": {"uv": [0, 0, 1, 0], "texture": "#2"},
				"west": {"uv": [0, 0, 1.5, 0], "texture": "#2"},
				"up": {"uv": [13, 7.5, 12, 6], "texture": "#2"},
				"down": {"uv": [8, 12, 7, 13.5], "texture": "#2"}
			}
		},
		{
			"from": [8, 4, 4.4],
			"to": [8, 14, 8.4],
			"rotation": {"angle": 0, "axis": "y", "origin": [8, 1, 5.4]},
			"faces": {
				"north": {"uv": [0.1, 0.1, 0.1, 10], "texture": "#2"},
				"east": {"uv": [4, 0, 0, 10], "texture": "#2"},
				"south": {"uv": [0.1, 0.1, 0.1, 10], "texture": "#2"},
				"west": {"uv": [0, 0, 4, 10], "texture": "#2"},
				"up": {"uv": [0, 4, 0, 0], "texture": "#2"},
				"down": {"uv": [0.1, 0.1, 0.1, 4], "texture": "#2"}
			}
		},
		{
			"from": [7.35, -3.15, 7.35],
			"to": [8.65, -1.85, 8.65],
			"rotation": {"angle": -45, "axis": "x", "origin": [8, -2.5, 8]},
			"faces": {
				"north": {"uv": [11, 10, 12.25, 11.25], "texture": "#2"},
				"east": {"uv": [12, 0, 13.25, 1.25], "texture": "#2"},
				"south": {"uv": [12, 2, 13.25, 3.25], "texture": "#2"},
				"west": {"uv": [3, 12, 4.25, 13.25], "texture": "#2"},
				"up": {"uv": [13.25, 5.25, 12, 4], "texture": "#2"},
				"down": {"uv": [6.25, 12, 5, 13.25], "texture": "#2"}
			}
		},
		{
			"from": [7.45, 2.15, 7.35],
			"to": [8.55, 4.45, 9.65],
			"rotation": {"angle": -45, "axis": "x", "origin": [8, 2.8, 8]},
			"faces": {
				"north": {"uv": [9, 8, 10, 10.25], "texture": "#2"},
				"east": {"uv": [4, 0, 6.25, 2.25], "texture": "#2"},
				"south": {"uv": [0, 10, 1, 12.25], "texture": "#2"},
				"west": {"uv": [4, 3, 6.25, 5.25], "texture": "#2"},
				"up": {"uv": [2, 12.25, 1, 10], "texture": "#2"},
				"down": {"uv": [3, 10, 2, 12.25], "texture": "#2"}
			}
		},
		{
			"from": [7.25, 2.45, 7.65],
			"to": [8.75, 4.15, 9.35],
			"rotation": {"angle": -45, "axis": "x", "origin": [8, 2.8, 8]},
			"faces": {
				"north": {"uv": [9, 0, 10.5, 1.75], "texture": "#2"},
				"east": {"uv": [4, 6, 5.75, 7.75], "texture": "#2"},
				"south": {"uv": [9, 2, 10.5, 3.75], "texture": "#2"},
				"west": {"uv": [6, 6, 7.75, 7.75], "texture": "#2"},
				"up": {"uv": [10.5, 5.75, 9, 4], "texture": "#2"},
				"down": {"uv": [10.5, 6, 9, 7.75], "texture": "#2"}
			}
		},
		{
			"from": [7.5, -2.1, 7.5],
			"to": [8.5, -1.1, 8.5],
			"rotation": {"angle": 0, "axis": "y", "origin": [8, -1.6, 8]},
			"faces": {
				"north": {"uv": [12, 9, 13, 10], "texture": "#2"},
				"east": {"uv": [2, 13, 3, 14], "texture": "#2"},
				"south": {"uv": [13, 6, 14, 7], "texture": "#2"},
				"west": {"uv": [13, 7, 14, 8], "texture": "#2"},
				"up": {"uv": [9, 14, 8, 13], "texture": "#2"},
				"down": {"uv": [14, 8, 13, 9], "texture": "#2"}
			}
		},
		{
			"from": [7.6, -1.1, 7.6],
			"to": [8.4, 2.9, 8.4],
			"rotation": {"angle": 0, "axis": "y", "origin": [8, -0.6, 8]},
			"faces": {
				"north": {"uv": [5, 8, 5.75, 12], "texture": "#2"},
				"east": {"uv": [6, 8, 6.75, 12], "texture": "#2"},
				"south": {"uv": [7, 8, 7.75, 12], "texture": "#2"},
				"west": {"uv": [8, 8, 8.75, 12], "texture": "#2"},
				"up": {"uv": [5.75, 14.75, 5, 14], "texture": "#2"},
				"down": {"uv": [14.75, 5, 14, 5.75], "texture": "#2"}
			}
		},
		{
			"from": [7.5, -0.1, 7.5],
			"to": [8.5, 0.4, 8.5],
			"rotation": {"angle": 0, "axis": "y", "origin": [8, 0.4, 8]},
			"faces": {
				"north": {"uv": [6, 14, 7, 14.5], "texture": "#2"},
				"east": {"uv": [14, 6, 15, 6.5], "texture": "#2"},
				"south": {"uv": [7, 14, 8, 14.5], "texture": "#2"},
				"west": {"uv": [14, 7, 15, 7.5], "texture": "#2"},
				"up": {"uv": [14, 10, 13, 9], "texture": "#2"},
				"down": {"uv": [14, 10, 13, 11], "texture": "#2"}
			}
		},
		{
			"from": [7.5, 0.9, 7.5],
			"to": [8.5, 1.4, 8.5],
			"rotation": {"angle": 0, "axis": "y", "origin": [8, 1.4, 8]},
			"faces": {
				"north": {"uv": [8, 14, 9, 14.5], "texture": "#2"},
				"east": {"uv": [14, 8, 15, 8.5], "texture": "#2"},
				"south": {"uv": [14, 9, 15, 9.5], "texture": "#2"},
				"west": {"uv": [10, 14, 11, 14.5], "texture": "#2"},
				"up": {"uv": [14, 12, 13, 11], "texture": "#2"},
				"down": {"uv": [14, 12, 13, 13], "texture": "#2"}
			}
		},
		{
			"from": [7.55, 0.4, 7.55],
			"to": [8.45, 0.9, 8.45],
			"rotation": {"angle": 0, "axis": "y", "origin": [8, 0.9, 8]},
			"faces": {
				"north": {"uv": [14, 10, 15, 10.5], "texture": "#2"},
				"east": {"uv": [11, 14, 12, 14.5], "texture": "#2"},
				"south": {"uv": [14, 11, 15, 11.5], "texture": "#2"},
				"west": {"uv": [12, 14, 13, 14.5], "texture": "#2"},
				"up": {"uv": [14, 14, 13, 13], "texture": "#2"},
				"down": {"uv": [15, 0, 14, 1], "texture": "#2"}
			}
		},
		{
			"from": [7.5, 3.84448, 8.26353],
			"to": [8.5, 5.84448, 9.26353],
			"rotation": {"angle": 0, "axis": "x", "origin": [8, 4.84448, 8.76353]},
			"faces": {
				"north": {"uv": [8, 6, 7, 4], "rotation": 180, "texture": "#2"},
				"east": {"uv": [10, 8, 12, 9], "rotation": 90, "texture": "#2"},
				"south": {"uv": [4, 10, 3, 12], "texture": "#2"},
				"west": {"uv": [10, 9, 12, 10], "rotation": 270, "texture": "#2"},
				"up": {"uv": [12, 8, 13, 9], "texture": "#2"},
				"down": {"uv": [8, 12, 9, 13], "rotation": 180, "texture": "#2"}
			}
		},
		{
			"from": [8.672, -0.18137, 7.10563],
			"to": [8.672, 7.11863, 14.40563],
			"rotation": {"angle": 0, "axis": "x", "origin": [8, 5.06863, 9.65563]},
			"faces": {
				"north": {"uv": [0.1, 0.1, 0.1, 3.75], "rotation": 180, "texture": "#1"},
				"east": {"uv": [16, 0, 0, 16], "rotation": 270, "texture": "#1"},
				"south": {"uv": [0.1, 0.1, 0.1, 3.75], "texture": "#1"},
				"west": {"uv": [0.1, 0.1, 0.1, 0], "rotation": 90, "texture": "#1"},
				"up": {"uv": [0.1, 0.1, 0.1, 3.75], "rotation": 180, "texture": "#1"},
				"down": {"uv": [0.1, 0.1, 0.1, 3.75], "texture": "#1"}
			}
		},
		{
			"from": [7.328, -0.18137, 7.10563],
			"to": [7.328, 7.11863, 14.40563],
			"rotation": {"angle": 0, "axis": "x", "origin": [8, 5.06863, 9.65563]},
			"faces": {
				"north": {"uv": [0.1, 0.1, 0.1, 3.75], "rotation": 180, "texture": "#1"},
				"east": {"uv": [0.1, 0.1, 0.1, 0], "rotation": 270, "texture": "#1"},
				"south": {"uv": [0.1, 0.1, 0.1, 3.75], "texture": "#1"},
				"west": {"uv": [0, 0, 16, 16], "rotation": 90, "texture": "#1"},
				"up": {"uv": [0.1, 0.1, 0.1, 3.75], "rotation": 180, "texture": "#1"},
				"down": {"uv": [0.1, 0.1, 0.1, 3.75], "texture": "#1"}
			}
		}
	],
	"gui_light": "front",
	"display": {
		"thirdperson_righthand": {
			"rotation": [10, 0, 0],
			"translation": [0, 5.25, 2.75]
		},
		"thirdperson_lefthand": {
			"rotation": [10, 0, 0],
			"translation": [0, 5.25, 2.75]
		},
		"firstperson_righthand": {
			"rotation": [-80, 0, -24],
			"translation": [-3.5, 6.25, 4.5]
		},
		"firstperson_lefthand": {
			"rotation": [-80, 0, -24],
			"translation": [-3.5, 6.25, 4.5]
		},
		"ground": {
			"rotation": [0, 0, 83],
			"translation": [-1.5, 1.5, 0],
			"scale": [0.85547, 0.85547, 0.85547]
		},
		"gui": {
			"rotation": [90, -135, 90],
			"translation": [1.5, 2, 0]
		},
		"head": {
			"scale": [0, 0, 0]
		},
		"fixed": {
			"rotation": [0, -90, 0],
			"translation": [0, 5.5, -1.5],
			"scale": [2.10742, 2.10742, 2.10742]
		}
	},
	"groups": [
		{
			"name": "fishing_rod",
			"origin": [3.8, 13.474, 1.225],
			"color": 0,
			"children": [0, 1, 2, 3, 4, 5, 6, 7, 8]
		},
		{
			"name": "fish",
			"origin": [14.85, 18.5, 2.35],
			"color": 0,
			"children": []
		},
		9,
		10,
		11,
		12,
		13,
		14,
		15,
		16,
		17,
		18,
		19
	]
}