{"credit":"MadewithBlockbench","textures":{"1":"slayer_set:animation_1","2":"slayer_set:hammer","particle":"slayer_set:hammer"},"elements":[{"from":[7.35,-0.15,7.35],"to":[8.65,1.15,8.65],"rotation":{"angle":-45,"axis":"x","origin":[8,0.5,8]},"faces":{"north":{"uv":[12,9,13.25,10.25],"texture":"#2"},"east":{"uv":[11,12,12.25,13.25],"texture":"#2"},"south":{"uv":[13,0,14.25,1.25],"texture":"#2"},"west":{"uv":[2,13,3.25,14.25],"texture":"#2"},"up":{"uv":[14.25,6.25,13,5],"texture":"#2"},"down":{"uv":[14.25,7,13,8.25],"texture":"#2"}}},{"from":[7.45,11.65,7.35],"to":[8.55,13.95,9.65],"rotation":{"angle":-45,"axis":"x","origin":[8,12.3,8]},"faces":{"north":{"uv":[5,11,6,13.25],"texture":"#2"},"east":{"uv":[3,0,5.25,2.25],"texture":"#2"},"south":{"uv":[8,11,9,13.25],"texture":"#2"},"west":{"uv":[3,3,5.25,5.25],"texture":"#2"},"up":{"uv":[10,13.25,9,11],"texture":"#2"},"down":{"uv":[12,9,11,11.25],"texture":"#2"}}},{"from":[7.25,11.95,7.65],"to":[8.75,13.65,9.35],"rotation":{"angle":-45,"axis":"x","origin":[8,12.3,8]},"faces":{"north":{"uv":[11,0,12.5,1.75],"texture":"#2"},"east":{"uv":[10,3,11.75,4.75],"texture":"#2"},"south":{"uv":[3,11,4.5,12.75],"texture":"#2"},"west":{"uv":[6,10,7.75,11.75],"texture":"#2"},"up":{"uv":[12.5,6.75,11,5],"texture":"#2"},"down":{"uv":[12.5,7,11,8.75],"texture":"#2"}}},{"from":[7.5,0.9,7.5],"to":[8.5,1.9,8.5],"rotation":{"angle":0,"axis":"x","origin":[8,1.4,8]},"faces":{"north":{"uv":[10,13,11,14],"texture":"#2"},"east":{"uv":[13,12,14,13],"texture":"#2"},"south":{"uv":[13,13,14,14],"texture":"#2"},"west":{"uv":[14,3,15,4],"texture":"#2"},"up":{"uv":[15,5,14,4],"texture":"#2"},"down":{"uv":[6,14,5,15],"texture":"#2"}}},{"from":[7.6,1.9,7.6],"to":[8.4,5.9,8.4],"rotation":{"angle":0,"axis":"x","origin":[8,2.4,8]},"faces":{"north":{"uv":[2,9,2.75,13],"texture":"#2"},"east":{"uv":[10,7,10.75,11],"texture":"#2"},"south":{"uv":[0,11,0.75,15],"texture":"#2"},"west":{"uv":[1,11,1.75,15],"texture":"#2"},"up":{"uv":[1.75,15.75,1,15],"texture":"#2"},"down":{"uv":[15.75,1,15,1.75],"texture":"#2"}}},{"from":[7.6,10.9,7.6],"to":[8.4,11.9,8.4],"rotation":{"angle":0,"axis":"x","origin":[8,11.4,8]},"faces":{"north":{"uv":[14,13,14.75,14],"texture":"#2"},"east":{"uv":[14,14,14.75,15],"texture":"#2"},"south":{"uv":[0,15,0.75,16],"texture":"#2"},"west":{"uv":[15,0,15.75,1],"texture":"#2"},"up":{"uv":[2.75,15.75,2,15],"texture":"#2"},"down":{"uv":[3.75,15,3,15.75],"texture":"#2"}}},{"from":[7.5,2.9,7.5],"to":[8.5,3.4,8.5],"rotation":{"angle":0,"axis":"x","origin":[8,3.4,8]},"faces":{"north":{"uv":[15,3,16,3.5],"texture":"#2"},"east":{"uv":[15,4,16,4.5],"texture":"#2"},"south":{"uv":[5,15,6,15.5],"texture":"#2"},"west":{"uv":[15,5,16,5.5],"texture":"#2"},"up":{"uv":[7,15,6,14],"texture":"#2"},"down":{"uv":[9,14,8,15],"texture":"#2"}}},{"from":[7.5,3.9,7.5],"to":[8.5,4.4,8.5],"rotation":{"angle":0,"axis":"x","origin":[8,4.4,8]},"faces":{"north":{"uv":[6,15,7,15.5],"texture":"#2"},"east":{"uv":[15,6,16,6.5],"texture":"#2"},"south":{"uv":[7,15,8,15.5],"texture":"#2"},"west":{"uv":[15,7,16,7.5],"texture":"#2"},"up":{"uv":[10,15,9,14],"texture":"#2"},"down":{"uv":[15,9,14,10],"texture":"#2"}}},{"from":[7.55,3.4,7.55],"to":[8.45,3.9,8.45],"rotation":{"angle":0,"axis":"x","origin":[8,3.9,8]},"faces":{"north":{"uv":[8,15,9,15.5],"texture":"#2"},"east":{"uv":[15,8,16,8.5],"texture":"#2"},"south":{"uv":[9,15,10,15.5],"texture":"#2"},"west":{"uv":[15,9,16,9.5],"texture":"#2"},"up":{"uv":[11,15,10,14],"texture":"#2"},"down":{"uv":[15,10,14,11],"texture":"#2"}}},{"from":[7.5,13.34221,5.85918],"to":[8.5,14.34221,7.85918],"rotation":{"angle":22.5,"axis":"x","origin":[8,14.26463,7.04239]},"faces":{"north":{"uv":[11,14,12,15],"texture":"#2"},"east":{"uv":[12,3,14,4],"texture":"#2"},"south":{"uv":[12,14,13,15],"texture":"#2"},"west":{"uv":[12,4,14,5],"texture":"#2"},"up":{"uv":[11,13,10,11],"texture":"#2"},"down":{"uv":[7,12,6,14],"texture":"#2"}}},{"from":[7.5,13.34221,8.14082],"to":[8.5,14.34221,10.14082],"rotation":{"angle":-22.5,"axis":"x","origin":[8,14.26463,8.95761]},"faces":{"north":{"uv":[13,14,12,15],"texture":"#2"},"east":{"uv":[14,3,12,4],"texture":"#2"},"south":{"uv":[12,14,11,15],"texture":"#2"},"west":{"uv":[14,4,12,5],"texture":"#2"},"up":{"uv":[11,11,10,13],"texture":"#2"},"down":{"uv":[7,14,6,12],"texture":"#2"}}},{"from":[7.5,5.9,7.5],"to":[8.5,10.9,8.5],"rotation":{"angle":0,"axis":"y","origin":[7.1,3.8,7.1]},"faces":{"north":{"uv":[6,0,7,5],"texture":"#2"},"east":{"uv":[3,6,4,11],"texture":"#2"},"south":{"uv":[4,6,5,11],"texture":"#2"},"west":{"uv":[5,6,6,11],"texture":"#2"},"up":{"uv":[15,13,14,12],"texture":"#2"},"down":{"uv":[14,14,13,15],"texture":"#2"}}},{"from":[7,12,5],"to":[9,14,7],"rotation":{"angle":0,"axis":"y","origin":[7,0,0]},"faces":{"east":{"uv":[6,8,8,10],"texture":"#2"},"south":{"uv":[8,7,10,9],"texture":"#2"},"west":{"uv":[0,9,2,11],"texture":"#2"},"up":{"uv":[11,2,9,0],"texture":"#2"},"down":{"uv":[8,8,6,10],"texture":"#2"}}},{"from":[8,14.6,1.5],"to":[8,15.5,5.5],"rotation":{"angle":45,"axis":"z","origin":[8,13,3.5]},"faces":{"north":{"uv":[0.1,0.1,0.1,1],"texture":"#2"},"east":{"uv":[13,2,9,3],"texture":"#2"},"south":{"uv":[0.1,0.1,0.1,1],"texture":"#2"},"west":{"uv":[9,2,13,3],"texture":"#2"},"up":{"uv":[0,4,0,0],"texture":"#2"},"down":{"uv":[0.1,0.1,0.1,4],"texture":"#2"}}},{"from":[8,10.5,1.5],"to":[8,11.4,5.5],"rotation":{"angle":45,"axis":"z","origin":[8,13,3.5]},"faces":{"north":{"uv":[0,1,0,0],"texture":"#2"},"east":{"uv":[13,3,9,2],"texture":"#2"},"south":{"uv":[0,1,0,0],"texture":"#2"},"west":{"uv":[9,3,13,2],"texture":"#2"},"up":{"uv":[0,4,0,0],"texture":"#2"},"down":{"uv":[0.1,0.1,0.1,4],"texture":"#2"}}},{"from":[5.55,13.05,1.5],"to":[6.45,13.05,5.5],"rotation":{"angle":45,"axis":"z","origin":[8,13,3.5]},"faces":{"north":{"uv":[0.1,0.1,0.1,1],"rotation":90,"texture":"#2"},"east":{"uv":[0.1,0.1,0.1,4],"rotation":270,"texture":"#2"},"south":{"uv":[0.1,0.1,0.1,1],"rotation":270,"texture":"#2"},"west":{"uv":[0,4,0,0],"rotation":270,"texture":"#2"},"up":{"uv":[13,2,9,3],"rotation":270,"texture":"#2"},"down":{"uv":[9,2,13,3],"rotation":270,"texture":"#2"}}},{"from":[9.55,13.05,1.5],"to":[10.45,13.05,5.5],"rotation":{"angle":45,"axis":"z","origin":[8,13,3.5]},"faces":{"north":{"uv":[0,1,0,0],"rotation":90,"texture":"#2"},"east":{"uv":[0.1,0.1,0.1,4],"rotation":270,"texture":"#2"},"south":{"uv":[0,1,0,0],"rotation":270,"texture":"#2"},"west":{"uv":[0,4,0,0],"rotation":270,"texture":"#2"},"up":{"uv":[13,3,9,2],"rotation":270,"texture":"#2"},"down":{"uv":[9,3,13,2],"rotation":270,"texture":"#2"}}},{"from":[6.7,11.7,3],"to":[9.3,14.3,5],"rotation":{"angle":0,"axis":"y","origin":[7,0,0]},"faces":{"north":{"uv":[0,0,2.5,2.5],"texture":"#2"},"east":{"uv":[6,5,8,7.5],"texture":"#2"},"south":{"uv":[0,3,2.5,5.5],"texture":"#2"},"west":{"uv":[7,0,9,2.5],"texture":"#2"},"up":{"uv":[9.5,5,7,3],"texture":"#2"},"down":{"uv":[9.5,3,7,5],"texture":"#2"}}},{"from":[6.9,11.9,2.5],"to":[9.1,14.1,3],"rotation":{"angle":0,"axis":"y","origin":[8,13,2.5]},"faces":{"north":{"uv":[0,6,2.25,8.25],"texture":"#2"},"east":{"uv":[7,12,7.5,14.25],"texture":"#2"},"west":{"uv":[4,13,4.5,15.25],"texture":"#2"},"up":{"uv":[14.25,11.5,12,11],"texture":"#2"},"down":{"uv":[15.25,2,13,2.5],"texture":"#2"}}},{"from":[8,14.6,10.5],"to":[8,15.5,14.5],"rotation":{"angle":45,"axis":"z","origin":[8,13,12.5]},"faces":{"north":{"uv":[0.1,0.1,0.1,1],"texture":"#2"},"east":{"uv":[9,2,13,3],"texture":"#2"},"south":{"uv":[0.1,0.1,0.1,1],"texture":"#2"},"west":{"uv":[13,2,9,3],"texture":"#2"},"up":{"uv":[0.1,0.1,0.1,4],"texture":"#2"},"down":{"uv":[0,4,0,0],"texture":"#2"}}},{"from":[6.9,11.9,13],"to":[9.1,14.1,13.5],"rotation":{"angle":0,"axis":"y","origin":[8,13,13.5]},"faces":{"east":{"uv":[7.5,12,7,14.25],"texture":"#2"},"south":{"uv":[2.25,6,0,8.25],"texture":"#2"},"west":{"uv":[4.5,13,4,15.25],"texture":"#2"},"up":{"uv":[14.25,11,12,11.5],"texture":"#2"},"down":{"uv":[15.25,2.5,13,2],"texture":"#2"}}},{"from":[6.7,11.7,11],"to":[9.3,14.3,13],"rotation":{"angle":0,"axis":"y","origin":[7,0,16]},"faces":{"north":{"uv":[2.5,3,0,5.5],"texture":"#2"},"east":{"uv":[8,5,6,7.5],"texture":"#2"},"south":{"uv":[2.5,0,0,2.5],"texture":"#2"},"west":{"uv":[9,0,7,2.5],"texture":"#2"},"up":{"uv":[9.5,3,7,5],"texture":"#2"},"down":{"uv":[9.5,5,7,3],"texture":"#2"}}},{"from":[5.55,13.05,10.5],"to":[6.45,13.05,14.5],"rotation":{"angle":45,"axis":"z","origin":[8,13,12.5]},"faces":{"north":{"uv":[0,1,0,0],"rotation":270,"texture":"#2"},"east":{"uv":[0,4,0,0],"rotation":270,"texture":"#2"},"south":{"uv":[0,1,0,0],"rotation":90,"texture":"#2"},"west":{"uv":[0.1,0.1,0.1,4],"rotation":270,"texture":"#2"},"up":{"uv":[9,2,13,3],"rotation":270,"texture":"#2"},"down":{"uv":[13,2,9,3],"rotation":270,"texture":"#2"}}},{"from":[9.55,13.05,10.5],"to":[10.45,13.05,14.5],"rotation":{"angle":45,"axis":"z","origin":[8,13,12.5]},"faces":{"north":{"uv":[0.1,0.1,0.1,1],"rotation":270,"texture":"#2"},"east":{"uv":[0,4,0,0],"rotation":270,"texture":"#2"},"south":{"uv":[0.1,0.1,0.1,1],"rotation":90,"texture":"#2"},"west":{"uv":[0.1,0.1,0.1,4],"rotation":270,"texture":"#2"},"up":{"uv":[9,3,13,2],"rotation":270,"texture":"#2"},"down":{"uv":[13,3,9,2],"rotation":270,"texture":"#2"}}},{"from":[8,10.5,10.5],"to":[8,11.4,14.5],"rotation":{"angle":45,"axis":"z","origin":[8,13,12.5]},"faces":{"north":{"uv":[0,1,0,0],"texture":"#2"},"east":{"uv":[9,3,13,2],"texture":"#2"},"south":{"uv":[0,1,0,0],"texture":"#2"},"west":{"uv":[13,3,9,2],"texture":"#2"},"up":{"uv":[0.1,0.1,0.1,4],"texture":"#2"},"down":{"uv":[0,4,0,0],"texture":"#2"}}},{"from":[7,12,9],"to":[9,14,11],"rotation":{"angle":0,"axis":"y","origin":[7,0,16]},"faces":{"north":{"uv":[10,7,8,9],"texture":"#2"},"east":{"uv":[8,8,6,10],"texture":"#2"},"west":{"uv":[2,9,0,11],"texture":"#2"},"up":{"uv":[11,0,9,2],"texture":"#2"},"down":{"uv":[8,10,6,8],"texture":"#2"}}},{"from":[7.278,12.75,6.15],"to":[7.278,20.05,13.45],"rotation":{"angle":45,"axis":"x","origin":[8,15.5,8.1]},"faces":{"north":{"uv":[0.1,0.1,0.1,3.75],"texture":"#1"},"east":{"uv":[0.1,0.1,0.1,0],"texture":"#1"},"south":{"uv":[0.1,0.1,0.1,3.75],"texture":"#1"},"west":{"uv":[0,0,16,16],"texture":"#1"},"up":{"uv":[0.1,0.1,0.1,3.75],"texture":"#1"},"down":{"uv":[0.1,0.1,0.1,3.75],"texture":"#1"}}},{"from":[8.722,12.75,6.15],"to":[8.722,20.05,13.45],"rotation":{"angle":45,"axis":"x","origin":[8,15.5,8.1]},"faces":{"north":{"uv":[0.1,0.1,0.1,3.75],"texture":"#1"},"east":{"uv":[16,0,0,16],"texture":"#1"},"south":{"uv":[0.1,0.1,0.1,3.75],"texture":"#1"},"west":{"uv":[0.1,0.1,0.1,0],"texture":"#1"},"up":{"uv":[0.1,0.1,0.1,3.75],"texture":"#1"},"down":{"uv":[0.1,0.1,0.1,3.75],"texture":"#1"}}}],"gui_light":"front","display":{"thirdperson_righthand":{"rotation":[0,1,15],"translation":[-0.5,2.5,1.5],"scale":[1.13086,1.13086,1.13086]},"thirdperson_lefthand":{"rotation":[0,1,15],"translation":[-0.5,2.5,1.5],"scale":[1.13086,1.13086,1.13086]},"firstperson_righthand":{"rotation":[-21,12,12],"translation":[-2.25,4.25,2.5],"scale":[0.89063,0.87695,0.89063]},"firstperson_lefthand":{"rotation":[-21,12,12],"translation":[-2.25,4.25,2.5],"scale":[0.89063,0.87695,0.89063]},"ground":{"rotation":[0,0,80],"translation":[0.25,1.25,1],"scale":[0.91602,0.91602,0.91602]},"gui":{"rotation":[90,-135,90],"translation":[-1,-1.25,0]},"head":{"scale":[0,0,0]},"fixed":{"rotation":[0,-90,0],"translation":[0,1.75,-2.25],"scale":[2.49609,2.49609,2.49609]}}}