{"credit":"MadewithBlockbench","texture_size":[32,32],"textures":{"0":"slayer_set:helmet","1":"slayer_set:animation_1","particle":"slayer_set:helmet"},"elements":[{"from":[4.5,3.46574,11.925],"to":[11.5,10.46574,12.425],"rotation":{"angle":0,"axis":"y","origin":[8,6.96574,12.175]},"faces":{"north":{"uv":[0,4,3.5,7.5],"texture":"#0"},"east":{"uv":[10.5,10,10.75,13.5],"texture":"#0"},"south":{"uv":[3.5,4,7,7.5],"texture":"#0"},"west":{"uv":[0,11,0.25,14.5],"texture":"#0"},"up":{"uv":[14,4.25,10.5,4],"texture":"#0"},"down":{"uv":[14,4.5,10.5,4.75],"texture":"#0"}}},{"from":[11.5,3.46574,4.925],"to":[12,10.46574,11.925],"rotation":{"angle":0,"axis":"y","origin":[11.5,6.96574,8.425]},"faces":{"north":{"uv":[0.5,11,0.75,14.5],"texture":"#0"},"east":{"uv":[7,0,10.5,3.5],"texture":"#0"},"south":{"uv":[1,11,1.25,14.5],"texture":"#0"},"west":{"uv":[7,3.5,10.5,7],"texture":"#0"},"up":{"uv":[1.75,14.5,1.5,11],"texture":"#0"},"down":{"uv":[2.25,11,2,14.5],"texture":"#0"}}},{"from":[11.21967,3.46574,4.24822],"to":[11.71967,5.46574,5.24822],"rotation":{"angle":45,"axis":"y","origin":[11.46967,6.96574,4.74822]},"faces":{"north":{"uv":[12,6,12.25,7],"texture":"#0"},"east":{"uv":[4.5,9,5,10],"texture":"#0"},"south":{"uv":[12,7,12.25,8],"texture":"#0"},"west":{"uv":[11,11,11.5,12],"texture":"#0"},"up":{"uv":[12.75,2.5,12.5,2],"texture":"#0"},"down":{"uv":[2.75,12.5,2.5,13],"texture":"#0"}}},{"from":[9.29289,3.46574,4.21789],"to":[11.29289,5.46574,4.71789],"rotation":{"angle":0,"axis":"y","origin":[10.79289,4.46574,4.46789]},"faces":{"north":{"uv":[5,7.5,6,8.5],"texture":"#0"},"east":{"uv":[12,8,12.25,9],"texture":"#0"},"south":{"uv":[6,7.5,7,8.5],"texture":"#0"},"west":{"uv":[8.5,12,8.75,13],"texture":"#0"},"up":{"uv":[10,12.25,9,12],"texture":"#0"},"down":{"uv":[13,9,12,9.25],"texture":"#0"}}},{"from":[9.29289,8.46574,4.21789],"to":[11.29289,10.46574,4.71789],"rotation":{"angle":0,"axis":"y","origin":[10.79289,9.46574,4.46789]},"faces":{"north":{"uv":[7.5,10,8.5,11],"texture":"#0"},"east":{"uv":[12,9.5,12.25,10.5],"texture":"#0"},"south":{"uv":[8.5,10,9.5,11],"texture":"#0"},"west":{"uv":[10,12,10.25,13],"texture":"#0"},"up":{"uv":[13,10.75,12,10.5],"texture":"#0"},"down":{"uv":[12,12,11,12.25],"texture":"#0"}}},{"from":[8.76789,8.16574,4.19289],"to":[9.76789,11.06574,4.74289],"rotation":{"angle":22.5,"axis":"z","origin":[9.26789,9.46574,4.46789]},"faces":{"north":{"uv":[2.5,11,3,12.5],"texture":"#0"},"east":{"uv":[4.5,11.5,4.75,13],"texture":"#0"},"south":{"uv":[3,11,3.5,12.5],"texture":"#0"},"west":{"uv":[5,11.5,5.25,13],"texture":"#0"},"up":{"uv":[13,2.75,12.5,2.5],"texture":"#0"},"down":{"uv":[3.5,12.5,3,12.75],"texture":"#0"}}},{"from":[8.76789,2.86574,4.19289],"to":[9.76789,5.76574,4.74289],"rotation":{"angle":-22.5,"axis":"z","origin":[9.26789,4.46574,4.46789]},"faces":{"north":{"uv":[3.5,11,4,12.5],"texture":"#0"},"east":{"uv":[5.5,11.5,5.75,13],"texture":"#0"},"south":{"uv":[4,11,4.5,12.5],"texture":"#0"},"west":{"uv":[6,11.5,6.25,13],"texture":"#0"},"up":{"uv":[4,12.75,3.5,12.5],"texture":"#0"},"down":{"uv":[4.5,12.5,4,12.75],"texture":"#0"}}},{"from":[6.23211,2.86574,4.19289],"to":[7.23211,5.76574,4.74289],"rotation":{"angle":22.5,"axis":"z","origin":[6.73211,4.46574,4.46789]},"faces":{"north":{"uv":[4,11,3.5,12.5],"texture":"#0"},"east":{"uv":[6.25,11.5,6,13],"texture":"#0"},"south":{"uv":[4.5,11,4,12.5],"texture":"#0"},"west":{"uv":[5.75,11.5,5.5,13],"texture":"#0"},"up":{"uv":[3.5,12.75,4,12.5],"texture":"#0"},"down":{"uv":[4,12.5,4.5,12.75],"texture":"#0"}}},{"from":[11.21967,7.46574,4.24822],"to":[11.71967,10.46574,5.24822],"rotation":{"angle":45,"axis":"y","origin":[11.46967,11.96574,4.74822]},"faces":{"north":{"uv":[6.5,11.5,6.75,13],"texture":"#0"},"east":{"uv":[7.5,11,8,12.5],"texture":"#0"},"south":{"uv":[7,11.5,7.25,13],"texture":"#0"},"west":{"uv":[8,11,8.5,12.5],"texture":"#0"},"up":{"uv":[12.75,6.5,12.5,6],"texture":"#0"},"down":{"uv":[12.75,6.5,12.5,7],"texture":"#0"}}},{"from":[4.5,10.46574,4.625],"to":[11.5,10.96574,11.925],"rotation":{"angle":0,"axis":"z","origin":[8,6.71574,8.425]},"faces":{"north":{"uv":[10.5,5,14,5.25],"texture":"#0"},"east":{"uv":[10.5,3,14.125,3.25],"texture":"#0"},"south":{"uv":[10.5,5.5,14,5.75],"texture":"#0"},"west":{"uv":[10.5,3.5,14.125,3.75],"texture":"#0"},"up":{"uv":[3.5,3.625,0,0],"texture":"#0"},"down":{"uv":[7,0,3.5,3.625],"texture":"#0"}}},{"from":[7,8.54074,3.925],"to":[9,10.54074,4.825],"rotation":{"angle":-45,"axis":"z","origin":[8,9.54074,4.425]},"faces":{"north":{"uv":[9.5,10,10.5,11],"texture":"#0"},"east":{"uv":[11.5,0,12,1],"texture":"#0"},"south":{"uv":[10.5,0,11.5,1],"texture":"#0"},"west":{"uv":[11.5,1,12,2],"texture":"#0"},"up":{"uv":[12.5,2.5,11.5,2],"texture":"#0"},"down":{"uv":[12.5,2.5,11.5,3],"texture":"#0"}}},{"from":[7.2,8.74074,3.725],"to":[8.8,10.34074,3.925],"rotation":{"angle":-45,"axis":"z","origin":[8,9.54074,3.525]},"faces":{"north":{"uv":[10.5,6,11.25,6.75],"texture":"#0"},"east":{"uv":[12.5,7,12.625,7.75],"texture":"#0"},"south":{"uv":[8.5,11,9.25,11.75],"texture":"#0"},"west":{"uv":[7.5,12.5,7.625,13.25],"texture":"#0"},"up":{"uv":[13.25,8.125,12.5,8],"texture":"#0"},"down":{"uv":[13.25,8.5,12.5,8.625],"texture":"#0"}}},{"from":[6.5,2.96574,4.325],"to":[9.5,5.96574,4.325],"rotation":{"angle":-45,"axis":"z","origin":[8,4.46574,4.825]},"faces":{"north":{"uv":[4.5,10,6,11.5],"texture":"#0"},"east":{"uv":[0.1,0.1,0.1,1.5],"texture":"#0"},"south":{"uv":[4.5,10,6,11.5],"rotation":270,"texture":"#0"},"west":{"uv":[0.1,0.1,0.1,1.5],"texture":"#0"},"up":{"uv":[1.5,0,0,0],"texture":"#0"},"down":{"uv":[1.5,0,0,0],"texture":"#0"}}},{"from":[12,5.46574,7.925],"to":[12.5,7.46574,9.925],"rotation":{"angle":0,"axis":"z","origin":[12.5,6.46574,8.925]},"faces":{"north":{"uv":[12,11,12.25,12],"texture":"#0"},"east":{"uv":[10.5,1,11.5,2],"texture":"#0"},"south":{"uv":[12,12,12.25,13],"texture":"#0"},"west":{"uv":[10.5,2,11.5,3],"texture":"#0"},"up":{"uv":[12.75,1,12.5,0],"texture":"#0"},"down":{"uv":[12.75,1,12.5,2],"texture":"#0"}}},{"from":[12.155,5.72574,8.185],"to":[12.895,7.20574,9.665],"rotation":{"angle":-22.5,"axis":"z","origin":[12.525,6.46574,8.925]},"faces":{"north":{"uv":[11.5,6,11.875,6.75],"texture":"#0"},"east":{"uv":[9.5,11,10.25,11.75],"texture":"#0"},"south":{"uv":[11.5,11,11.875,11.75],"texture":"#0"},"west":{"uv":[11,10,11.75,10.75],"texture":"#0"},"up":{"uv":[12.375,0.75,12,0],"texture":"#0"},"down":{"uv":[12.375,1,12,1.75],"texture":"#0"}}},{"from":[4.70711,3.46574,4.21789],"to":[6.70711,5.46574,4.71789],"rotation":{"angle":0,"axis":"y","origin":[5.20711,4.46574,4.46789]},"faces":{"north":{"uv":[6,7.5,5,8.5],"texture":"#0"},"east":{"uv":[8.75,12,8.5,13],"texture":"#0"},"south":{"uv":[7,7.5,6,8.5],"texture":"#0"},"west":{"uv":[12.25,8,12,9],"texture":"#0"},"up":{"uv":[9,12.25,10,12],"texture":"#0"},"down":{"uv":[12,9,13,9.25],"texture":"#0"}}},{"from":[4.28033,7.46574,4.24822],"to":[4.78033,10.46574,5.24822],"rotation":{"angle":-45,"axis":"y","origin":[4.53033,11.96574,4.74822]},"faces":{"north":{"uv":[6.75,11.5,6.5,13],"texture":"#0"},"east":{"uv":[8.5,11,8,12.5],"texture":"#0"},"south":{"uv":[7.25,11.5,7,13],"texture":"#0"},"west":{"uv":[8,11,7.5,12.5],"texture":"#0"},"up":{"uv":[12.5,6.5,12.75,6],"texture":"#0"},"down":{"uv":[12.5,6.5,12.75,7],"texture":"#0"}}},{"from":[4.70711,8.46574,4.21789],"to":[6.70711,10.46574,4.71789],"rotation":{"angle":0,"axis":"y","origin":[5.20711,9.46574,4.46789]},"faces":{"north":{"uv":[8.5,10,7.5,11],"texture":"#0"},"east":{"uv":[10.25,12,10,13],"texture":"#0"},"south":{"uv":[9.5,10,8.5,11],"texture":"#0"},"west":{"uv":[12.25,9.5,12,10.5],"texture":"#0"},"up":{"uv":[12,10.75,13,10.5],"texture":"#0"},"down":{"uv":[11,12,12,12.25],"texture":"#0"}}},{"from":[6.23211,8.16574,4.19289],"to":[7.23211,11.06574,4.74289],"rotation":{"angle":-22.5,"axis":"z","origin":[6.73211,9.46574,4.46789]},"faces":{"north":{"uv":[3,11,2.5,12.5],"texture":"#0"},"east":{"uv":[5.25,11.5,5,13],"texture":"#0"},"south":{"uv":[3.5,11,3,12.5],"texture":"#0"},"west":{"uv":[4.75,11.5,4.5,13],"texture":"#0"},"up":{"uv":[12.5,2.75,13,2.5],"texture":"#0"},"down":{"uv":[3,12.5,3.5,12.75],"texture":"#0"}}},{"from":[4.28033,3.46574,4.24822],"to":[4.78033,5.46574,5.24822],"rotation":{"angle":-45,"axis":"y","origin":[4.53033,6.96574,4.74822]},"faces":{"north":{"uv":[12.25,6,12,7],"texture":"#0"},"east":{"uv":[11.5,11,11,12],"texture":"#0"},"south":{"uv":[12.25,7,12,8],"texture":"#0"},"west":{"uv":[5,9,4.5,10],"texture":"#0"},"up":{"uv":[12.5,2.5,12.75,2],"texture":"#0"},"down":{"uv":[2.5,12.5,2.75,13],"texture":"#0"}}},{"from":[4,3.46574,4.925],"to":[4.5,10.46574,11.925],"rotation":{"angle":0,"axis":"y","origin":[4.5,6.96574,8.425]},"faces":{"north":{"uv":[0.75,11,0.5,14.5],"texture":"#0"},"east":{"uv":[10.5,3.5,7,7],"texture":"#0"},"south":{"uv":[1.25,11,1,14.5],"texture":"#0"},"west":{"uv":[10.5,0,7,3.5],"texture":"#0"},"up":{"uv":[1.5,14.5,1.75,11],"texture":"#0"},"down":{"uv":[2,11,2.25,14.5],"texture":"#0"}}},{"from":[3.5,5.46574,7.925],"to":[4,7.46574,9.925],"rotation":{"angle":0,"axis":"z","origin":[3.5,6.46574,8.925]},"faces":{"north":{"uv":[12.25,11,12,12],"texture":"#0"},"east":{"uv":[11.5,2,10.5,3],"texture":"#0"},"south":{"uv":[12.25,12,12,13],"texture":"#0"},"west":{"uv":[11.5,1,10.5,2],"texture":"#0"},"up":{"uv":[12.5,1,12.75,0],"texture":"#0"},"down":{"uv":[12.5,1,12.75,2],"texture":"#0"}}},{"from":[3.105,5.72574,8.185],"to":[3.845,7.20574,9.665],"rotation":{"angle":22.5,"axis":"z","origin":[3.475,6.46574,8.925]},"faces":{"north":{"uv":[11.875,6,11.5,6.75],"texture":"#0"},"east":{"uv":[11.75,10,11,10.75],"texture":"#0"},"south":{"uv":[11.875,11,11.5,11.75],"texture":"#0"},"west":{"uv":[10.25,11,9.5,11.75],"texture":"#0"},"up":{"uv":[12,0.75,12.375,0],"texture":"#0"},"down":{"uv":[12,1,12.375,1.75],"texture":"#0"}}},{"from":[12.3,4.56574,8.325],"to":[12.3,7.56574,15.325],"rotation":{"angle":-22.5,"axis":"x","origin":[12.2,2.86574,4.225]},"faces":{"north":{"uv":[0.1,0.1,0.1,1.5],"texture":"#0"},"east":{"uv":[5,8.5,8.5,10],"texture":"#0"},"south":{"uv":[0.1,0.1,0.1,1.5],"texture":"#0"},"west":{"uv":[8.5,8.5,5,10],"texture":"#0"},"up":{"uv":[0,3.5,0,0],"texture":"#0"},"down":{"uv":[0.1,0.1,0.1,3.5],"texture":"#0"}}},{"from":[12.2,1.76574,4.125],"to":[12.2,4.76574,14.125],"rotation":{"angle":-22.5,"axis":"x","origin":[12.2,2.86574,4.225]},"faces":{"north":{"uv":[0.1,0.1,0.1,1.5],"texture":"#0"},"east":{"uv":[7,7,12,8.5],"texture":"#0"},"south":{"uv":[0.1,0.1,0.1,1.5],"texture":"#0"},"west":{"uv":[12,7,7,8.5],"texture":"#0"},"up":{"uv":[0,5,0,0],"texture":"#0"},"down":{"uv":[0.1,0.1,0.1,5],"texture":"#0"}}},{"from":[3.7,4.56574,8.325],"to":[3.7,7.56574,15.325],"rotation":{"angle":-22.5,"axis":"x","origin":[3.8,2.86574,4.225]},"faces":{"north":{"uv":[0.1,0.1,0.1,1.5],"texture":"#0"},"east":{"uv":[5,8.5,8.5,10],"texture":"#0"},"south":{"uv":[0.1,0.1,0.1,1.5],"texture":"#0"},"west":{"uv":[8.5,8.5,5,10],"texture":"#0"},"up":{"uv":[0,3.5,0,0],"texture":"#0"},"down":{"uv":[0.1,0.1,0.1,3.5],"texture":"#0"}}},{"from":[3.8,1.76574,4.125],"to":[3.8,4.76574,14.125],"rotation":{"angle":-22.5,"axis":"x","origin":[3.8,2.86574,4.225]},"faces":{"north":{"uv":[0.1,0.1,0.1,1.5],"texture":"#0"},"east":{"uv":[7,7,12,8.5],"texture":"#0"},"south":{"uv":[0.1,0.1,0.1,1.5],"texture":"#0"},"west":{"uv":[12,7,7,8.5],"texture":"#0"},"up":{"uv":[0,5,0,0],"texture":"#0"},"down":{"uv":[0.1,0.1,0.1,5],"texture":"#0"}}},{"from":[12.20711,10.67284,3.625],"to":[12.20711,12.67284,12.625],"rotation":{"angle":-45,"axis":"z","origin":[12.20711,11.67284,9.125]},"faces":{"north":{"uv":[0.1,0.1,0.1,1],"texture":"#0"},"east":{"uv":[0,9,4.5,10],"texture":"#0"},"south":{"uv":[0.1,0.1,0.1,1],"texture":"#0"},"west":{"uv":[4.5,9,0,10],"texture":"#0"},"up":{"uv":[0,4.5,0,0],"texture":"#0"},"down":{"uv":[0.1,0.1,0.1,4.5],"texture":"#0"}}},{"from":[3.79289,10.67284,3.625],"to":[3.79289,12.67284,12.625],"rotation":{"angle":45,"axis":"z","origin":[3.79289,11.67284,9.125]},"faces":{"north":{"uv":[0.1,0.1,0.1,1],"texture":"#0"},"east":{"uv":[0,9,4.5,10],"texture":"#0"},"south":{"uv":[0.1,0.1,0.1,1],"texture":"#0"},"west":{"uv":[4.5,9,0,10],"texture":"#0"},"up":{"uv":[0,4.5,0,0],"texture":"#0"},"down":{"uv":[0.1,0.1,0.1,4.5],"texture":"#0"}}},{"from":[3.278,7.85,8.45],"to":[3.278,15.15,15.75],"rotation":{"angle":45,"axis":"x","origin":[7.278,11.5,8.1]},"faces":{"north":{"uv":[0.1,0.1,0.1,1.875],"texture":"#1"},"east":{"uv":[0.1,0.1,0.1,0],"texture":"#1"},"south":{"uv":[0.1,0.1,0.1,1.875],"texture":"#1"},"west":{"uv":[0,0,16,16],"texture":"#1"},"up":{"uv":[0.1,0.1,0.1,1.875],"texture":"#1"},"down":{"uv":[0.1,0.1,0.1,1.875],"texture":"#1"}}},{"from":[12.722,7.85,8.45],"to":[12.722,15.15,15.75],"rotation":{"angle":45,"axis":"x","origin":[8.722,11.5,8.1]},"faces":{"north":{"uv":[0.1,0.1,0.1,1.875],"texture":"#1"},"east":{"uv":[16,0,0,16],"texture":"#1"},"south":{"uv":[0.1,0.1,0.1,1.875],"texture":"#1"},"west":{"uv":[0.1,0.1,0.1,0],"texture":"#1"},"up":{"uv":[0.1,0.1,0.1,1.875],"texture":"#1"},"down":{"uv":[0.1,0.1,0.1,1.875],"texture":"#1"}}}],"gui_light":"front","display":{"thirdperson_righthand":{"rotation":[34,0,0],"translation":[0,2.25,0],"scale":[0.6,0.6,0.6]},"thirdperson_lefthand":{"rotation":[34,0,0],"translation":[0,2.25,0],"scale":[0.6,0.6,0.6]},"firstperson_righthand":{"rotation":[12,132,0],"translation":[-1.5,5.75,-0.75]},"firstperson_lefthand":{"rotation":[12,132,0],"translation":[-1.5,5.75,-0.75]},"ground":{"translation":[0,5,0],"scale":[1.16406,1.16406,1.16406]},"gui":{"rotation":[21,162,0],"translation":[0,0.5,0],"scale":[1.11328,1.11328,1.11328]},"head":{"translation":[0,1.75,-1],"scale":[2,2,2]},"fixed":{"rotation":[-90,0,0],"translation":[0,-1.75,-15.75],"scale":[3.10742,3.10742,3.10742]}}}