{"credit":"MadewithBlockbench","texture_size":[20,20],"textures":{"1":"slayer_set:animation_1","2":"slayer_set:hoe","particle":"slayer_set:hoe"},"elements":[{"from":[7.35,-0.15,7.35],"to":[8.65,1.15,8.65],"rotation":{"angle":-45,"axis":"x","origin":[8,0.5,8]},"faces":{"north":{"uv":[11.2,3.2,12.2,4.2],"texture":"#2"},"east":{"uv":[4,11.2,5,12.2],"texture":"#2"},"south":{"uv":[11.2,4.8,12.2,5.8],"texture":"#2"},"west":{"uv":[5.6,11.2,6.6,12.2],"texture":"#2"},"up":{"uv":[9,12.2,8,11.2],"texture":"#2"},"down":{"uv":[12.2,8,11.2,9],"texture":"#2"}}},{"from":[7.45,11.65,7.35],"to":[8.55,13.95,9.65],"rotation":{"angle":-45,"axis":"x","origin":[8,12.3,8]},"faces":{"north":{"uv":[9.6,0,10.4,1.8],"texture":"#2"},"east":{"uv":[6.4,0,8.2,1.8],"texture":"#2"},"south":{"uv":[10.4,0,11.2,1.8],"texture":"#2"},"west":{"uv":[6.4,2.4,8.2,4.2],"texture":"#2"},"up":{"uv":[11.2,6.6,10.4,4.8],"texture":"#2"},"down":{"uv":[8,10.4,7.2,12.2],"texture":"#2"}}},{"from":[7.25,11.95,7.65],"to":[8.75,13.65,9.35],"rotation":{"angle":-45,"axis":"x","origin":[8,12.3,8]},"faces":{"north":{"uv":[2.4,8.8,3.6,10.2],"texture":"#2"},"east":{"uv":[7.2,7.2,8.6,8.6],"texture":"#2"},"south":{"uv":[7.2,8.8,8.4,10.2],"texture":"#2"},"west":{"uv":[8,5.6,9.4,7],"texture":"#2"},"up":{"uv":[10,8.6,8.8,7.2],"texture":"#2"},"down":{"uv":[10,8.8,8.8,10.2],"texture":"#2"}}},{"from":[7.5,0.9,7.5],"to":[8.5,1.9,8.5],"rotation":{"angle":0,"axis":"x","origin":[8,1.4,8]},"faces":{"north":{"uv":[11.2,6.4,12,7.2],"texture":"#2"},"east":{"uv":[11.2,10.4,12,11.2],"texture":"#2"},"south":{"uv":[11.2,11.2,12,12],"texture":"#2"},"west":{"uv":[0,12,0.8,12.8],"texture":"#2"},"up":{"uv":[12.8,0.8,12,0],"texture":"#2"},"down":{"uv":[1.6,12,0.8,12.8],"texture":"#2"}}},{"from":[7.6,1.9,7.6],"to":[8.4,5.9,8.4],"rotation":{"angle":0,"axis":"x","origin":[8,2.4,8]},"faces":{"north":{"uv":[0,8.8,0.6,12],"texture":"#2"},"east":{"uv":[8.8,0,9.4,3.2],"texture":"#2"},"south":{"uv":[0.8,8.8,1.4,12],"texture":"#2"},"west":{"uv":[1.6,8.8,2.2,12],"texture":"#2"},"up":{"uv":[4.6,13.4,4,12.8],"texture":"#2"},"down":{"uv":[13.4,4,12.8,4.6],"texture":"#2"}}},{"from":[7.6,10.9,7.6],"to":[8.4,11.9,8.4],"rotation":{"angle":0,"axis":"x","origin":[8,11.4,8]},"faces":{"north":{"uv":[1.6,12.8,2.2,13.6],"texture":"#2"},"east":{"uv":[12.8,1.6,13.4,2.4],"texture":"#2"},"south":{"uv":[12.8,2.4,13.4,3.2],"texture":"#2"},"west":{"uv":[12.8,3.2,13.4,4],"texture":"#2"},"up":{"uv":[5.4,13.4,4.8,12.8],"texture":"#2"},"down":{"uv":[13.4,4.8,12.8,5.4],"texture":"#2"}}},{"from":[7.5,2.9,7.5],"to":[8.5,3.4,8.5],"rotation":{"angle":0,"axis":"x","origin":[8,3.4,8]},"faces":{"north":{"uv":[5.6,12.8,6.4,13.2],"texture":"#2"},"east":{"uv":[12.8,5.6,13.6,6],"texture":"#2"},"south":{"uv":[6.4,12.8,7.2,13.2],"texture":"#2"},"west":{"uv":[12.8,6.4,13.6,6.8],"texture":"#2"},"up":{"uv":[12.8,1.6,12,0.8],"texture":"#2"},"down":{"uv":[2.4,12,1.6,12.8],"texture":"#2"}}},{"from":[7.5,3.9,7.5],"to":[8.5,4.4,8.5],"rotation":{"angle":0,"axis":"x","origin":[8,4.4,8]},"faces":{"north":{"uv":[7.2,12.8,8,13.2],"texture":"#2"},"east":{"uv":[12.8,7.2,13.6,7.6],"texture":"#2"},"south":{"uv":[8,12.8,8.8,13.2],"texture":"#2"},"west":{"uv":[12.8,8,13.6,8.4],"texture":"#2"},"up":{"uv":[12.8,2.4,12,1.6],"texture":"#2"},"down":{"uv":[12.8,2.4,12,3.2],"texture":"#2"}}},{"from":[7.55,3.4,7.55],"to":[8.45,3.9,8.45],"rotation":{"angle":0,"axis":"x","origin":[8,3.9,8]},"faces":{"north":{"uv":[8.8,12.8,9.6,13.2],"texture":"#2"},"east":{"uv":[12.8,8.8,13.6,9.2],"texture":"#2"},"south":{"uv":[12.8,9.6,13.6,10],"texture":"#2"},"west":{"uv":[12.8,10.4,13.6,10.8],"texture":"#2"},"up":{"uv":[12.8,7.2,12,6.4],"texture":"#2"},"down":{"uv":[12.8,7.2,12,8],"texture":"#2"}}},{"from":[7.75,11.64724,2.43202],"to":[8.25,12.64724,7.43202],"rotation":{"angle":-22.5,"axis":"x","origin":[8,11.97493,3.31575]},"faces":{"north":{"uv":[12.8,11.2,13.2,12],"texture":"#2"},"east":{"uv":[4,6.4,8,7.2],"texture":"#2"},"south":{"uv":[12,12.8,12.4,13.6],"texture":"#2"},"west":{"uv":[6.4,4.8,10.4,5.6],"texture":"#2"},"up":{"uv":[2.8,14.4,2.4,10.4],"texture":"#2"},"down":{"uv":[3.6,10.4,3.2,14.4],"texture":"#2"}}},{"from":[7.75,10.64724,9.13202],"to":[8.25,11.64724,12.13202],"rotation":{"angle":-22.5,"axis":"x","origin":[8,11.97493,3.31575]},"faces":{"north":{"uv":[0,13.6,0.4,14.4],"texture":"#2"},"east":{"uv":[8.8,3.2,11.2,4],"texture":"#2"},"south":{"uv":[13.6,0,14,0.8],"texture":"#2"},"west":{"uv":[8.8,4,11.2,4.8],"texture":"#2"},"up":{"uv":[10,13.6,9.6,11.2],"texture":"#2"},"down":{"uv":[10.8,11.2,10.4,13.6],"texture":"#2"}}},{"from":[8,9.24724,-0.76798],"to":[8,13.24724,7.23202],"rotation":{"angle":-22.5,"axis":"x","origin":[7.75,11.97493,3.31575]},"faces":{"north":{"uv":[0.1,0.1,0.1,3.2],"texture":"#2"},"east":{"uv":[0,0,6.4,3.2],"texture":"#2"},"south":{"uv":[0.1,0.1,0.1,3.2],"texture":"#2"},"west":{"uv":[0,3.2,6.4,6.4],"texture":"#2"},"up":{"uv":[0,6.4,0,0],"texture":"#2"},"down":{"uv":[0.1,0.1,0.1,6.4],"texture":"#2"}}},{"from":[7.755,11.93425,0.75657],"to":[8.245,12.93425,2.75657],"rotation":{"angle":-45,"axis":"x","origin":[8,11.97493,3.31575]},"faces":{"north":{"uv":[12.8,12,13.2,12.8],"texture":"#2"},"east":{"uv":[6.4,5.6,8,6.4],"texture":"#2"},"south":{"uv":[12.8,12.8,13.2,13.6],"texture":"#2"},"west":{"uv":[9.6,2.4,11.2,3.2],"texture":"#2"},"up":{"uv":[12.4,11.2,12,9.6],"texture":"#2"},"down":{"uv":[11.6,12,11.2,13.6],"texture":"#2"}}},{"from":[7.5,13.34221,5.85918],"to":[8.5,14.34221,7.85918],"rotation":{"angle":22.5,"axis":"x","origin":[8,14.26463,7.04239]},"faces":{"north":{"uv":[12,11.2,12.8,12],"texture":"#2"},"east":{"uv":[10.4,7.2,12,8],"texture":"#2"},"south":{"uv":[12,12,12.8,12.8],"texture":"#2"},"west":{"uv":[8,10.4,9.6,11.2],"texture":"#2"},"up":{"uv":[10.4,7.2,9.6,5.6],"texture":"#2"},"down":{"uv":[11.2,8,10.4,9.6],"texture":"#2"}}},{"from":[7.5,13.34221,8.14082],"to":[8.5,14.34221,10.14082],"rotation":{"angle":-22.5,"axis":"x","origin":[8,14.26463,8.95761]},"faces":{"north":{"uv":[0,12.8,0.8,13.6],"texture":"#2"},"east":{"uv":[9.6,10.4,11.2,11.2],"texture":"#2"},"south":{"uv":[12.8,0,13.6,0.8],"texture":"#2"},"west":{"uv":[10.4,9.6,12,10.4],"texture":"#2"},"up":{"uv":[12,1.6,11.2,0],"texture":"#2"},"down":{"uv":[12,1.6,11.2,3.2],"texture":"#2"}}},{"from":[7.5,5.9,7.5],"to":[8.5,10.9,8.5],"rotation":{"angle":0,"axis":"y","origin":[7.1,3.8,7.1]},"faces":{"north":{"uv":[4,7.2,4.8,11.2],"texture":"#2"},"east":{"uv":[4.8,7.2,5.6,11.2],"texture":"#2"},"south":{"uv":[5.6,7.2,6.4,11.2],"texture":"#2"},"west":{"uv":[6.4,7.2,7.2,11.2],"texture":"#2"},"up":{"uv":[1.6,13.6,0.8,12.8],"texture":"#2"},"down":{"uv":[13.6,0.8,12.8,1.6],"texture":"#2"}}},{"from":[8,7,13],"to":[8,10,18],"rotation":{"angle":-22.5,"axis":"x","origin":[8,0,0]},"faces":{"north":{"uv":[0.1,0.1,0.1,2.4],"texture":"#2"},"east":{"uv":[4,6.4,0,8.8],"texture":"#2"},"south":{"uv":[0.1,0.1,0.1,2.4],"texture":"#2"},"west":{"uv":[0,6.4,4,8.8],"texture":"#2"},"up":{"uv":[0,4,0,0],"texture":"#2"},"down":{"uv":[0.1,0.1,0.1,4],"texture":"#2"}}},{"from":[7.278,12.85,6.15],"to":[7.278,20.15,13.45],"rotation":{"angle":45,"axis":"x","origin":[8,15.5,8.1]},"faces":{"north":{"uv":[0.1,0.1,0.1,3],"texture":"#1"},"east":{"uv":[0.1,0.1,0.1,0],"texture":"#1"},"south":{"uv":[0.1,0.1,0.1,3],"texture":"#1"},"west":{"uv":[0,0,16,16],"texture":"#1"},"up":{"uv":[0.1,0.1,0.1,3],"texture":"#1"},"down":{"uv":[0.1,0.1,0.1,3],"texture":"#1"}}},{"from":[8.722,12.85,6.15],"to":[8.722,20.15,13.45],"rotation":{"angle":45,"axis":"x","origin":[8,15.5,8.1]},"faces":{"north":{"uv":[0.1,0.1,0.1,3],"texture":"#1"},"east":{"uv":[16,0,0,16],"texture":"#1"},"south":{"uv":[0.1,0.1,0.1,3],"texture":"#1"},"west":{"uv":[0.1,0.1,0.1,0],"texture":"#1"},"up":{"uv":[0.1,0.1,0.1,3],"texture":"#1"},"down":{"uv":[0.1,0.1,0.1,3],"texture":"#1"}}}],"gui_light":"front","display":{"thirdperson_righthand":{"rotation":[0,1,15],"translation":[-0.5,2.5,1.5],"scale":[1.13086,1.13086,1.13086]},"thirdperson_lefthand":{"rotation":[0,1,15],"translation":[-0.5,2.5,1.5],"scale":[1.13086,1.13086,1.13086]},"firstperson_righthand":{"rotation":[-6,21,7.5],"translation":[-1.75,4.5,3],"scale":[0.77734,0.77734,0.77734]},"firstperson_lefthand":{"rotation":[-6,21,7.5],"translation":[-1.75,4.5,3],"scale":[0.77734,0.77734,0.77734]},"ground":{"rotation":[0,0,80],"translation":[0.25,1.25,1],"scale":[0.91602,0.91602,0.91602]},"gui":{"rotation":[90,-135,90],"translation":[-0.75,-1.5,0],"scale":[0.9707,0.9707,0.97266]},"head":{"scale":[0,0,0]},"fixed":{"rotation":[0,-90,0],"translation":[0,2.25,-2.25],"scale":[2.41211,2.41211,2.41211]}}}