{"credit":"MadewithBlockbench","texture_size":[12,12],"textures":{"0":"slayer_set:key","particle":"slayer_set:key"},"elements":[{"from":[7.5,7.5,6.725],"to":[8.5,8.5,9.725],"rotation":{"angle":0,"axis":"y","origin":[7.5,7.5,4.725]},"faces":{"north":{"uv":[6.66667,5.33333,8,6.66667],"texture":"#0"},"east":{"uv":[5.33333,0,9.33333,1.33333],"texture":"#0"},"south":{"uv":[6.66667,9.33333,8,10.66667],"texture":"#0"},"west":{"uv":[5.33333,1.33333,9.33333,2.66667],"texture":"#0"},"up":{"uv":[6.66667,6.66667,5.33333,2.66667],"texture":"#0"},"down":{"uv":[5.33333,5.33333,4,9.33333],"texture":"#0"}}},{"from":[7.4,7.4,4.725],"to":[8.6,8.7,6.725],"rotation":{"angle":0,"axis":"y","origin":[7.5,7.5,1.725]},"faces":{"north":{"uv":[4,9.33333,5.66667,11],"texture":"#0"},"east":{"uv":[6.66667,2.66667,9.33333,4.33333],"texture":"#0"},"south":{"uv":[9.33333,8,11,9.66667],"texture":"#0"},"west":{"uv":[5.33333,6.66667,8,8.33333],"texture":"#0"},"up":{"uv":[1.66667,10.66667,0,8],"texture":"#0"},"down":{"uv":[9.66667,5.33333,8,8],"texture":"#0"}}},{"from":[7.45,6.5,9.725],"to":[8.55,8.5,11.725],"rotation":{"angle":45,"axis":"x","origin":[8.05,8,11.225]},"faces":{"north":{"uv":[2.66667,8,4,10.66667],"texture":"#0"},"east":{"uv":[0,2.66667,2.66667,5.33333],"texture":"#0"},"south":{"uv":[8,8,9.33333,10.66667],"texture":"#0"},"west":{"uv":[2.66667,2.66667,5.33333,5.33333],"texture":"#0"},"up":{"uv":[10.66667,2.66667,9.33333,0],"texture":"#0"},"down":{"uv":[10.66667,2.66667,9.33333,5.33333],"texture":"#0"}}},{"from":[8,8.6,3.225],"to":[8,10.1,7.225],"rotation":{"angle":-45,"axis":"z","origin":[8,8,5.225]},"faces":{"north":{"uv":[0.1,0.1,0.1,2],"texture":"#0"},"east":{"uv":[5.33333,0,0,2],"texture":"#0"},"south":{"uv":[0.1,0.1,0.1,2],"texture":"#0"},"west":{"uv":[0,0,5.33333,2],"texture":"#0"},"up":{"uv":[0,5.33333,0,0],"texture":"#0"},"down":{"uv":[0.1,0.1,0.1,5.33333],"texture":"#0"}}},{"from":[8,5.9,3.225],"to":[8,7.4,7.225],"rotation":{"angle":-45,"axis":"z","origin":[8,8,5.225]},"faces":{"north":{"uv":[0,2,0,0],"texture":"#0"},"east":{"uv":[5.33333,2,0,0],"texture":"#0"},"south":{"uv":[0,2,0,0],"texture":"#0"},"west":{"uv":[0,2,5.33333,0],"texture":"#0"},"up":{"uv":[0,5.33333,0,0],"texture":"#0"},"down":{"uv":[0.1,0.1,0.1,5.33333],"texture":"#0"}}},{"from":[8,5.9,3.225],"to":[8,7.4,7.225],"rotation":{"angle":45,"axis":"z","origin":[8,8,5.225]},"faces":{"north":{"uv":[0,2,0,0],"texture":"#0"},"east":{"uv":[5.33333,2,0,0],"texture":"#0"},"south":{"uv":[0,2,0,0],"texture":"#0"},"west":{"uv":[0,2,5.33333,0],"texture":"#0"},"up":{"uv":[0,5.33333,0,0],"texture":"#0"},"down":{"uv":[0.1,0.1,0.1,5.33333],"texture":"#0"}}},{"from":[8,8.6,3.225],"to":[8,10.1,7.225],"rotation":{"angle":45,"axis":"z","origin":[8,8,5.225]},"faces":{"north":{"uv":[0.1,0.1,0.1,2],"texture":"#0"},"east":{"uv":[5.33333,0,0,2],"texture":"#0"},"south":{"uv":[0.1,0.1,0.1,2],"texture":"#0"},"west":{"uv":[0,0,5.33333,2],"texture":"#0"},"up":{"uv":[0,5.33333,0,0],"texture":"#0"},"down":{"uv":[0.1,0.1,0.1,5.33333],"texture":"#0"}}},{"from":[8,8.8,9.275],"to":[8,10.1,12.275],"rotation":{"angle":0,"axis":"y","origin":[8,8.8,9.275]},"faces":{"north":{"uv":[0.1,0.1,0.1,1.66667],"texture":"#0"},"east":{"uv":[4,5.33333,0,7],"texture":"#0"},"south":{"uv":[0.1,0.1,0.1,1.66667],"texture":"#0"},"west":{"uv":[0,5.33333,4,7],"texture":"#0"},"up":{"uv":[0,4,0,0],"texture":"#0"},"down":{"uv":[0.1,0.1,0.1,4],"texture":"#0"}}},{"from":[8,5.9,9.275],"to":[8,7.2,12.275],"rotation":{"angle":0,"axis":"y","origin":[8,7.2,9.275]},"faces":{"north":{"uv":[0,1.66667,0,0],"texture":"#0"},"east":{"uv":[4,7,0,5.33333],"texture":"#0"},"south":{"uv":[0,1.66667,0,0],"texture":"#0"},"west":{"uv":[0,7,4,5.33333],"texture":"#0"},"up":{"uv":[0,4,0,0],"texture":"#0"},"down":{"uv":[0.1,0.1,0.1,4],"texture":"#0"}}}],"gui_light":"front","display":{"thirdperson_righthand":{"rotation":[68.25,0,0],"translation":[0,2.5,0.75]},"thirdperson_lefthand":{"rotation":[68.25,0,0],"translation":[0,2.5,0.75]},"firstperson_righthand":{"rotation":[16.5,0,-46],"translation":[-3.25,5.5,3.75],"scale":[0.78516,0.78516,0.78516]},"firstperson_lefthand":{"rotation":[16.5,0,-46],"translation":[-3.25,5.5,3.75],"scale":[0.78516,0.78516,0.78516]},"ground":{"rotation":[45,0,0],"translation":[0,3,0]},"gui":{"rotation":[116,135,90],"translation":[-0.25,-0.5,0],"scale":[1.43359,1.43359,1.43359]},"head":{"scale":[0,0,0]},"fixed":{"rotation":[-90,0,90],"translation":[-0.5,0.5,-3.25],"scale":[2.53125,2.53125,2.53125]}}}