{"credit":"MadewithBlockbench","textures":{"1":"slayer_set:pickaxe","2":"slayer_set:animation_1","particle":"slayer_set:animation_1"},"elements":[{"from":[7.35,-0.15,7.35],"to":[8.65,1.15,8.65],"rotation":{"angle":-45,"axis":"x","origin":[8,0.5,8]},"faces":{"north":{"uv":[12,0,13.25,1.25],"texture":"#1"},"east":{"uv":[12,2,13.25,3.25],"texture":"#1"},"south":{"uv":[12,4,13.25,5.25],"texture":"#1"},"west":{"uv":[5,12,6.25,13.25],"texture":"#1"},"up":{"uv":[8.25,13.25,7,12],"texture":"#1"},"down":{"uv":[13.25,7,12,8.25],"texture":"#1"}}},{"from":[7.45,11.65,7.35],"to":[8.55,13.95,9.65],"rotation":{"angle":-45,"axis":"x","origin":[8,12.3,8]},"faces":{"north":{"uv":[11,0,12,2.25],"texture":"#1"},"east":{"uv":[0,4,2.25,6.25],"texture":"#1"},"south":{"uv":[3,11,4,13.25],"texture":"#1"},"west":{"uv":[3,4,5.25,6.25],"texture":"#1"},"up":{"uv":[12,5.25,11,3],"texture":"#1"},"down":{"uv":[5,11,4,13.25],"texture":"#1"}}},{"from":[7.25,11.95,7.65],"to":[8.75,13.65,9.35],"rotation":{"angle":-45,"axis":"x","origin":[8,12.3,8]},"faces":{"north":{"uv":[9,0,10.5,1.75],"texture":"#1"},"east":{"uv":[3,7,4.75,8.75],"texture":"#1"},"south":{"uv":[9,2,10.5,3.75],"texture":"#1"},"west":{"uv":[7,6,8.75,7.75],"texture":"#1"},"up":{"uv":[4.5,10.75,3,9],"texture":"#1"},"down":{"uv":[10.5,6,9,7.75],"texture":"#1"}}},{"from":[7.5,0.9,7.5],"to":[8.5,1.9,8.5],"rotation":{"angle":0,"axis":"x","origin":[8,1.4,8]},"faces":{"north":{"uv":[2,12,3,13],"texture":"#1"},"east":{"uv":[12,9,13,10],"texture":"#1"},"south":{"uv":[12,10,13,11],"texture":"#1"},"west":{"uv":[11,12,12,13],"texture":"#1"},"up":{"uv":[13,13,12,12],"texture":"#1"},"down":{"uv":[1,13,0,14],"texture":"#1"}}},{"from":[7.6,1.9,7.6],"to":[8.4,5.9,8.4],"rotation":{"angle":0,"axis":"x","origin":[8,2.4,8]},"faces":{"north":{"uv":[5,7,5.75,11],"texture":"#1"},"east":{"uv":[8,0,8.75,4],"texture":"#1"},"south":{"uv":[7,8,7.75,12],"texture":"#1"},"west":{"uv":[8,8,8.75,12],"texture":"#1"},"up":{"uv":[14.75,2.75,14,2],"texture":"#1"},"down":{"uv":[3.75,14,3,14.75],"texture":"#1"}}},{"from":[7.6,10.9,7.6],"to":[8.4,11.9,8.4],"rotation":{"angle":0,"axis":"x","origin":[8,11.4,8]},"faces":{"north":{"uv":[14,0,14.75,1],"texture":"#1"},"east":{"uv":[1,14,1.75,15],"texture":"#1"},"south":{"uv":[14,1,14.75,2],"texture":"#1"},"west":{"uv":[2,14,2.75,15],"texture":"#1"},"up":{"uv":[14.75,3.75,14,3],"texture":"#1"},"down":{"uv":[4.75,14,4,14.75],"texture":"#1"}}},{"from":[7.5,2.9,7.5],"to":[8.5,3.4,8.5],"rotation":{"angle":0,"axis":"x","origin":[8,3.4,8]},"faces":{"north":{"uv":[14,4,15,4.5],"texture":"#1"},"east":{"uv":[5,14,6,14.5],"texture":"#1"},"south":{"uv":[14,5,15,5.5],"texture":"#1"},"west":{"uv":[6,14,7,14.5],"texture":"#1"},"up":{"uv":[2,14,1,13],"texture":"#1"},"down":{"uv":[3,13,2,14],"texture":"#1"}}},{"from":[7.5,3.9,7.5],"to":[8.5,4.4,8.5],"rotation":{"angle":0,"axis":"x","origin":[8,4.4,8]},"faces":{"north":{"uv":[14,9,15,9.5],"texture":"#1"},"east":{"uv":[10,14,11,14.5],"texture":"#1"},"south":{"uv":[14,10,15,10.5],"texture":"#1"},"west":{"uv":[11,14,12,14.5],"texture":"#1"},"up":{"uv":[14,11,13,10],"texture":"#1"},"down":{"uv":[12,13,11,14],"texture":"#1"}}},{"from":[7.55,3.4,7.55],"to":[8.45,3.9,8.45],"rotation":{"angle":0,"axis":"x","origin":[8,3.9,8]},"faces":{"north":{"uv":[14,6,15,6.5],"texture":"#1"},"east":{"uv":[7,14,8,14.5],"texture":"#1"},"south":{"uv":[14,7,15,7.5],"texture":"#1"},"west":{"uv":[8,14,9,14.5],"texture":"#1"},"up":{"uv":[14,7,13,6],"texture":"#1"},"down":{"uv":[10,13,9,14],"texture":"#1"}}},{"from":[7.75,11.64724,2.43202],"to":[8.25,12.64724,7.43202],"rotation":{"angle":-22.5,"axis":"x","origin":[8,11.97493,3.31575]},"faces":{"north":{"uv":[14,8,14.5,9],"texture":"#1"},"east":{"uv":[6,4,11,5],"texture":"#1"},"south":{"uv":[9,14,9.5,15],"texture":"#1"},"west":{"uv":[6,5,11,6],"texture":"#1"},"up":{"uv":[9.5,13,9,8],"texture":"#1"},"down":{"uv":[10.5,8,10,13],"texture":"#1"}}},{"from":[8,9.24724,-0.76798],"to":[8,13.24724,7.23202],"rotation":{"angle":-22.5,"axis":"x","origin":[7.75,11.97493,3.31575]},"faces":{"north":{"uv":[0.1,0.1,0.1,4],"texture":"#1"},"east":{"uv":[0,4,8,0],"rotation":180,"texture":"#1"},"south":{"uv":[0.1,0.1,0.1,4],"texture":"#1"},"west":{"uv":[0,0,8,4],"texture":"#1"},"up":{"uv":[0,8,0,0],"texture":"#1"},"down":{"uv":[0.1,0.1,0.1,8],"texture":"#1"}}},{"from":[7.755,11.93425,0.75657],"to":[8.245,12.93425,2.75657],"rotation":{"angle":-45,"axis":"x","origin":[8,11.97493,3.31575]},"faces":{"north":{"uv":[14,11,14.5,12],"texture":"#1"},"east":{"uv":[11,11,13,12],"texture":"#1"},"south":{"uv":[12,14,12.5,15],"texture":"#1"},"west":{"uv":[0,12,2,13],"texture":"#1"},"up":{"uv":[13.5,14,13,12],"texture":"#1"},"down":{"uv":[0.5,14,0,16],"texture":"#1"}}},{"from":[7.5,13.34221,5.85918],"to":[8.5,14.34221,7.85918],"rotation":{"angle":22.5,"axis":"x","origin":[8,14.26463,7.04239]},"faces":{"north":{"uv":[13,9,14,10],"texture":"#1"},"east":{"uv":[5,11,7,12],"texture":"#1"},"south":{"uv":[10,13,11,14],"texture":"#1"},"west":{"uv":[11,6,13,7],"texture":"#1"},"up":{"uv":[12,9,11,7],"texture":"#1"},"down":{"uv":[12,9,11,11],"texture":"#1"}}},{"from":[7.75,11.64724,8.56798],"to":[8.25,12.64724,13.56798],"rotation":{"angle":22.5,"axis":"x","origin":[8,11.97493,12.68425]},"faces":{"north":{"uv":[9.5,14,9,15],"texture":"#1"},"east":{"uv":[11,4,6,5],"texture":"#1"},"south":{"uv":[14.5,8,14,9],"texture":"#1"},"west":{"uv":[11,5,6,6],"texture":"#1"},"up":{"uv":[9.5,8,9,13],"texture":"#1"},"down":{"uv":[10.5,13,10,8],"texture":"#1"}}},{"from":[7.5,13.34221,8.14082],"to":[8.5,14.34221,10.14082],"rotation":{"angle":-22.5,"axis":"x","origin":[8,14.26463,8.95761]},"faces":{"north":{"uv":[11,13,10,14],"texture":"#1"},"east":{"uv":[7,11,5,12],"texture":"#1"},"south":{"uv":[14,9,13,10],"texture":"#1"},"west":{"uv":[13,6,11,7],"texture":"#1"},"up":{"uv":[12,7,11,9],"texture":"#1"},"down":{"uv":[12,11,11,9],"texture":"#1"}}},{"from":[7.755,11.93425,13.24343],"to":[8.245,12.93425,15.24343],"rotation":{"angle":45,"axis":"x","origin":[8,11.97493,12.68425]},"faces":{"north":{"uv":[12.5,14,12,15],"texture":"#1"},"east":{"uv":[13,11,11,12],"texture":"#1"},"south":{"uv":[14.5,11,14,12],"texture":"#1"},"west":{"uv":[2,12,0,13],"texture":"#1"},"up":{"uv":[13.5,12,13,14],"texture":"#1"},"down":{"uv":[0.5,16,0,14],"texture":"#1"}}},{"from":[8,9.24724,8.76798],"to":[8,13.24724,16.76798],"rotation":{"angle":22.5,"axis":"x","origin":[7.75,11.97493,12.68425]},"faces":{"north":{"uv":[0.1,0.1,0.1,4],"texture":"#1"},"east":{"uv":[8,4,0,0],"rotation":180,"texture":"#1"},"south":{"uv":[0.1,0.1,0.1,4],"texture":"#1"},"west":{"uv":[8,0,0,4],"texture":"#1"},"up":{"uv":[0.1,0.1,0.1,8],"texture":"#1"},"down":{"uv":[0,8,0,0],"texture":"#1"}}},{"from":[7.5,5.9,7.5],"to":[8.5,10.9,8.5],"rotation":{"angle":0,"axis":"y","origin":[7.1,3.8,7.1]},"faces":{"north":{"uv":[3,7,2,12],"texture":"#1"},"east":{"uv":[1,7,0,12],"texture":"#1"},"south":{"uv":[0,7,1,12],"texture":"#1"},"west":{"uv":[2,7,3,12],"texture":"#1"},"up":{"uv":[14,12,13,11],"texture":"#1"},"down":{"uv":[13,13,12,14],"texture":"#1"}}},{"from":[7.278,12.85,6.15],"to":[7.278,20.15,13.45],"rotation":{"angle":45,"axis":"x","origin":[8,15.5,8.1]},"faces":{"north":{"uv":[0.1,0.1,0.1,3.75],"texture":"#2"},"south":{"uv":[0.1,0.1,0.1,3.75],"texture":"#2"},"west":{"uv":[0,0,16,16],"texture":"#2"},"up":{"uv":[0.1,0.1,0.1,3.75],"texture":"#2"},"down":{"uv":[0.1,0.1,0.1,3.75],"texture":"#2"}}},{"from":[8.722,12.85,6.15],"to":[8.722,20.15,13.45],"rotation":{"angle":45,"axis":"x","origin":[8,15.5,8.1]},"faces":{"north":{"uv":[0.1,0.1,0.1,3.75],"texture":"#2"},"east":{"uv":[16,0,0,16],"texture":"#2"},"south":{"uv":[0.1,0.1,0.1,3.75],"texture":"#2"},"up":{"uv":[0.1,0.1,0.1,3.75],"texture":"#2"},"down":{"uv":[0.1,0.1,0.1,3.75],"texture":"#2"}}}],"gui_light":"front","display":{"thirdperson_righthand":{"rotation":[0,1,15],"translation":[-1.25,3,1.5],"scale":[1.13086,1.13086,1.13086]},"thirdperson_lefthand":{"rotation":[0,1,15],"translation":[-1.25,3,1.5],"scale":[1.13086,1.13086,1.13086]},"firstperson_righthand":{"rotation":[-21,5,7.5],"translation":[-2,5,2.5],"scale":[0.89063,0.87695,0.89063]},"firstperson_lefthand":{"rotation":[-21,5,7.5],"translation":[-2,5,2.5],"scale":[0.89063,0.87695,0.89063]},"ground":{"rotation":[0,0,80],"translation":[0.25,1.25,1],"scale":[0.91602,0.91602,0.91602]},"gui":{"rotation":[90,-135,90],"translation":[-0.75,-1.25,0],"scale":[0.96875,0.96875,0.96875]},"head":{"scale":[0,0,0]},"fixed":{"rotation":[0,-90,0],"translation":[0,2.25,-2.25],"scale":[2.41211,2.41211,2.41211]}}}