{"credit":"MadewithBlockbench","texture_size":[24,24],"textures":{"1":"slayer_set:animation_1","2":"slayer_set:shield","particle":"slayer_set:shield"},"elements":[{"from":[9.58523,5.11477,8.7],"to":[10.88523,6.41477,10],"rotation":{"angle":-45,"axis":"z","origin":[8,8,8]},"faces":{"north":{"uv":[0,12,0.83333,12.83333],"texture":"#2"},"east":{"uv":[9.33333,11.33333,10.16667,12.16667],"texture":"#2"},"south":{"uv":[11.33333,9.33333,12.16667,10.16667],"texture":"#2"},"west":{"uv":[10.66667,11.33333,11.5,12.16667],"texture":"#2"},"up":{"uv":[12.83333,0.83333,12,0],"rotation":90,"texture":"#2"},"down":{"uv":[12.83333,1.33333,12,2.16667],"rotation":270,"texture":"#2"}}},{"from":[3.7769,9.9231,6.1],"to":[6.0769,12.2231,7.2],"rotation":{"angle":-45,"axis":"z","origin":[8,8,8]},"faces":{"north":{"uv":[8,0,9.5,1.5],"texture":"#2"},"east":{"uv":[10.66667,1.33333,11.33333,2.83333],"texture":"#2"},"south":{"uv":[7.33333,7.33333,8.83333,8.83333],"texture":"#2"},"west":{"uv":[10.66667,3.33333,11.33333,4.83333],"texture":"#2"},"up":{"uv":[11.33333,8.16667,10.66667,6.66667],"rotation":90,"texture":"#2"},"down":{"uv":[8,10.66667,7.33333,12.16667],"rotation":270,"texture":"#2"}}},{"from":[4.0769,10.2231,5.9],"to":[5.7769,11.9231,7.4],"rotation":{"angle":-45,"axis":"z","origin":[8,8,8]},"faces":{"north":{"uv":[8,3.33333,9.16667,4.5],"texture":"#2"},"east":{"uv":[10,5.33333,11,6.5],"texture":"#2"},"south":{"uv":[8,2,9.16667,3.16667],"texture":"#2"},"west":{"uv":[10,8.66667,11,9.83333],"texture":"#2"},"up":{"uv":[11,11.16667,10,10],"rotation":90,"texture":"#2"},"down":{"uv":[11.66667,0,10.66667,1.16667],"rotation":270,"texture":"#2"}}},{"from":[7.5,5.23891,8.85],"to":[8.5,6.23891,9.85],"rotation":{"angle":0,"axis":"x","origin":[8,8,8]},"faces":{"north":{"uv":[4,12.66667,4.66667,13.33333],"texture":"#2"},"east":{"uv":[10,6.66667,10.66667,7.33333],"texture":"#2"},"south":{"uv":[12,6.66667,12.66667,7.33333],"texture":"#2"},"west":{"uv":[3.33333,12.66667,4,13.33333],"texture":"#2"},"up":{"uv":[13.33333,4.66667,12.66667,4],"rotation":90,"texture":"#2"},"down":{"uv":[5.33333,12.66667,4.66667,13.33333],"rotation":270,"texture":"#2"}}},{"from":[7.5,9.73891,8.85],"to":[8.5,10.73891,9.85],"rotation":{"angle":0,"axis":"x","origin":[8,8,8]},"faces":{"north":{"uv":[12.66667,12,13.33333,12.66667],"texture":"#2"},"east":{"uv":[12.66667,10.66667,13.33333,11.33333],"texture":"#2"},"south":{"uv":[11.33333,12.66667,12,13.33333],"texture":"#2"},"west":{"uv":[12.66667,11.33333,13.33333,12],"texture":"#2"},"up":{"uv":[13.33333,13.33333,12.66667,12.66667],"rotation":90,"texture":"#2"},"down":{"uv":[0.66667,13.33333,0,14],"rotation":270,"texture":"#2"}}},{"from":[7.6,9.83891,6.85],"to":[8.4,10.63891,8.85],"rotation":{"angle":0,"axis":"x","origin":[8,8,8]},"faces":{"north":{"uv":[3.33333,13.33333,3.83333,13.83333],"texture":"#2"},"east":{"uv":[12,3.33333,13.33333,3.83333],"texture":"#2"},"south":{"uv":[13.33333,2.66667,13.83333,3.16667],"texture":"#2"},"west":{"uv":[12,3.33333,13.33333,3.83333],"texture":"#2"},"up":{"uv":[13.33333,3.83333,12,3.33333],"rotation":90,"texture":"#2"},"down":{"uv":[13.33333,3.33333,12,3.83333],"rotation":270,"texture":"#2"}}},{"from":[7.6,5.33891,6.85],"to":[8.4,6.13891,8.85],"rotation":{"angle":0,"axis":"x","origin":[8,8,8]},"faces":{"north":{"uv":[3.33333,13.33333,3.83333,13.83333],"texture":"#2"},"east":{"uv":[12,3.33333,13.33333,3.83333],"texture":"#2"},"south":{"uv":[13.33333,2.66667,13.83333,3.16667],"texture":"#2"},"west":{"uv":[12,3.33333,13.33333,3.83333],"texture":"#2"},"up":{"uv":[13.33333,3.83333,12,3.33333],"rotation":90,"texture":"#2"},"down":{"uv":[13.33333,3.33333,12,3.83333],"rotation":270,"texture":"#2"}}},{"from":[7.6,6.23891,8.95],"to":[8.4,10.23891,9.75],"rotation":{"angle":0,"axis":"x","origin":[8,8,8]},"faces":{"north":{"uv":[10,2.66667,10.5,5.33333],"texture":"#2"},"east":{"uv":[8.66667,9.33333,9.16667,12],"texture":"#2"},"south":{"uv":[9.33333,8.66667,9.83333,11.33333],"texture":"#2"},"west":{"uv":[10,0,10.5,2.66667],"texture":"#2"},"up":{"uv":[13.83333,1.83333,13.33333,1.33333],"rotation":90,"texture":"#2"},"down":{"uv":[13.83333,2,13.33333,2.5],"rotation":270,"texture":"#2"}}},{"from":[7.5,7.23891,8.85],"to":[8.5,7.73891,9.85],"rotation":{"angle":0,"axis":"x","origin":[8,8,8]},"faces":{"north":{"uv":[4.66667,13.33333,5.33333,13.66667],"texture":"#2"},"east":{"uv":[13.33333,3.33333,14,3.66667],"texture":"#2"},"south":{"uv":[4,13.33333,4.66667,13.66667],"texture":"#2"},"west":{"uv":[13.33333,4,14,4.33333],"texture":"#2"},"up":{"uv":[13.33333,5.33333,12.66667,4.66667],"rotation":90,"texture":"#2"},"down":{"uv":[13.33333,5.33333,12.66667,6],"rotation":270,"texture":"#2"}}},{"from":[7.5,8.23891,8.85],"to":[8.5,8.73891,9.85],"rotation":{"angle":0,"axis":"x","origin":[8,8,8]},"faces":{"north":{"uv":[13.33333,6.66667,14,7],"texture":"#2"},"east":{"uv":[13.33333,4.66667,14,5],"texture":"#2"},"south":{"uv":[13.33333,5.33333,14,5.66667],"texture":"#2"},"west":{"uv":[13.33333,6,14,6.33333],"texture":"#2"},"up":{"uv":[13.33333,6.66667,12.66667,6],"rotation":90,"texture":"#2"},"down":{"uv":[13.33333,6.66667,12.66667,7.33333],"rotation":270,"texture":"#2"}}},{"from":[7.55,7.73891,8.9],"to":[8.45,8.23891,9.8],"rotation":{"angle":0,"axis":"x","origin":[8,8,8]},"faces":{"north":{"uv":[13.33333,8,14,8.33333],"texture":"#2"},"east":{"uv":[7.33333,13.33333,8,13.66667],"texture":"#2"},"south":{"uv":[13.33333,7.33333,14,7.66667],"texture":"#2"},"west":{"uv":[8,13.33333,8.66667,13.66667],"texture":"#2"},"up":{"uv":[8,13.33333,7.33333,12.66667],"rotation":90,"texture":"#2"},"down":{"uv":[13.33333,7.33333,12.66667,8],"rotation":270,"texture":"#2"}}},{"from":[8.6,4.33891,6.4],"to":[9.6,12.33891,6.9],"rotation":{"angle":0,"axis":"y","origin":[8,8,8]},"faces":{"north":{"uv":[4.66667,6.66667,5.33333,12],"texture":"#2"},"east":{"uv":[5.33333,8.66667,5.66667,14],"texture":"#2"},"south":{"uv":[4,6.66667,4.66667,12],"texture":"#2"},"west":{"uv":[6,8.66667,6.33333,14],"texture":"#2"},"up":{"uv":[11.66667,14,11.33333,13.33333],"rotation":90,"texture":"#2"},"down":{"uv":[13.66667,11.33333,13.33333,12],"rotation":270,"texture":"#2"}}},{"from":[7.15329,3.38798,6.4025],"to":[8.15329,4.38798,6.8975],"rotation":{"angle":22.5,"axis":"z","origin":[8,8,8]},"faces":{"north":{"uv":[10.66667,12.66667,11.33333,13.33333],"texture":"#2"},"east":{"uv":[10,13.33333,10.33333,14],"texture":"#2"},"south":{"uv":[12.66667,10,13.33333,10.66667],"texture":"#2"},"west":{"uv":[13.33333,10,13.66667,10.66667],"texture":"#2"},"up":{"uv":[11,14,10.66667,13.33333],"rotation":90,"texture":"#2"},"down":{"uv":[13.66667,10.66667,13.33333,11.33333],"rotation":270,"texture":"#2"}}},{"from":[5.4528,3.06307,6.405],"to":[6.4528,4.06307,6.895],"rotation":{"angle":45,"axis":"z","origin":[8,8,8]},"faces":{"north":{"uv":[10,12.66667,10.66667,13.33333],"texture":"#2"},"east":{"uv":[8.66667,13.33333,9,14],"texture":"#2"},"south":{"uv":[12.66667,9.33333,13.33333,10],"texture":"#2"},"west":{"uv":[13.33333,8.66667,13.66667,9.33333],"texture":"#2"},"up":{"uv":[9.66667,14,9.33333,13.33333],"rotation":90,"texture":"#2"},"down":{"uv":[13.66667,9.33333,13.33333,10],"rotation":270,"texture":"#2"}}},{"from":[6.4,4.33891,6.4],"to":[7.4,12.33891,6.9],"rotation":{"angle":0,"axis":"y","origin":[8,8,8]},"faces":{"north":{"uv":[5.33333,6.66667,4.66667,12],"texture":"#2"},"east":{"uv":[6.33333,8.66667,6,14],"texture":"#2"},"south":{"uv":[4.66667,6.66667,4,12],"texture":"#2"},"west":{"uv":[5.66667,8.66667,5.33333,14],"texture":"#2"},"up":{"uv":[11.66667,13.33333,11.33333,14],"rotation":90,"texture":"#2"},"down":{"uv":[13.66667,12,13.33333,11.33333],"rotation":270,"texture":"#2"}}},{"from":[7.84671,3.38798,6.4025],"to":[8.84671,4.38798,6.8975],"rotation":{"angle":-22.5,"axis":"z","origin":[8,8,8]},"faces":{"north":{"uv":[11.33333,12.66667,10.66667,13.33333],"texture":"#2"},"east":{"uv":[13.66667,10,13.33333,10.66667],"texture":"#2"},"south":{"uv":[13.33333,10,12.66667,10.66667],"texture":"#2"},"west":{"uv":[10.33333,13.33333,10,14],"texture":"#2"},"up":{"uv":[11,13.33333,10.66667,14],"rotation":90,"texture":"#2"},"down":{"uv":[13.66667,11.33333,13.33333,10.66667],"rotation":270,"texture":"#2"}}},{"from":[9.5472,3.06307,6.405],"to":[10.5472,4.06307,6.895],"rotation":{"angle":-45,"axis":"z","origin":[8,8,8]},"faces":{"north":{"uv":[10.66667,12.66667,10,13.33333],"texture":"#2"},"east":{"uv":[13.66667,8.66667,13.33333,9.33333],"texture":"#2"},"south":{"uv":[13.33333,9.33333,12.66667,10],"texture":"#2"},"west":{"uv":[9,13.33333,8.66667,14],"texture":"#2"},"up":{"uv":[9.66667,13.33333,9.33333,14],"rotation":90,"texture":"#2"},"down":{"uv":[13.66667,10,13.33333,9.33333],"rotation":270,"texture":"#2"}}},{"from":[10.43207,10.86058,6.15],"to":[12.43207,11.86058,7.15],"rotation":{"angle":22.5,"axis":"z","origin":[8,8,8]},"faces":{"north":{"uv":[11.33333,7.33333,12.66667,8],"texture":"#2"},"east":{"uv":[8,12.66667,8.66667,13.33333],"texture":"#2"},"south":{"uv":[8,4.66667,9.33333,5.33333],"texture":"#2"},"west":{"uv":[12.66667,8,13.33333,8.66667],"texture":"#2"},"up":{"uv":[7.33333,6.66667,6.66667,5.33333],"rotation":90,"texture":"#2"},"down":{"uv":[12,8,11.33333,9.33333],"rotation":270,"texture":"#2"}}},{"from":[10.32518,3.27482,6.4125],"to":[12.72518,5.67482,6.8875],"rotation":{"angle":-45,"axis":"z","origin":[8,8,8]},"faces":{"north":{"uv":[7.33333,5.33333,9,7],"texture":"#2"},"east":{"uv":[12,11.33333,12.33333,13],"texture":"#2"},"south":{"uv":[5.33333,6.66667,7,8.33333],"texture":"#2"},"west":{"uv":[1.33333,12.66667,1.66667,14.33333],"texture":"#2"},"up":{"uv":[2.33333,14.33333,2,12.66667],"rotation":90,"texture":"#2"},"down":{"uv":[3,12.66667,2.66667,14.33333],"rotation":270,"texture":"#2"}}},{"from":[10.62518,3.57482,6.2625],"to":[12.42518,5.37482,7.0375],"rotation":{"angle":-45,"axis":"z","origin":[8,8,8]},"faces":{"north":{"uv":[9.33333,7.33333,10.5,8.5],"texture":"#2"},"east":{"uv":[12,4,12.5,5.16667],"texture":"#2"},"south":{"uv":[7.33333,9.33333,8.5,10.5],"texture":"#2"},"west":{"uv":[12,5.33333,12.5,6.5],"texture":"#2"},"up":{"uv":[12.5,9.16667,12,8],"rotation":90,"texture":"#2"},"down":{"uv":[9.16667,12,8.66667,13.16667],"rotation":270,"texture":"#2"}}},{"from":[8.36017,12.68897,6.11],"to":[9.44017,14.84897,7.19],"rotation":{"angle":-22.5,"axis":"z","origin":[8,8,8]},"faces":{"north":{"uv":[11.33333,5.33333,12,6.83333],"texture":"#2"},"east":{"uv":[8,10.66667,8.66667,12.16667],"texture":"#2"},"south":{"uv":[11.33333,1.33333,12,2.83333],"texture":"#2"},"west":{"uv":[11.33333,3.33333,12,4.83333],"texture":"#2"},"up":{"uv":[13.33333,9.33333,12.66667,8.66667],"rotation":90,"texture":"#2"},"down":{"uv":[10,12.66667,9.33333,13.33333],"rotation":270,"texture":"#2"}}},{"from":[3.56793,10.86058,6.15],"to":[5.56793,11.86058,7.15],"rotation":{"angle":-22.5,"axis":"z","origin":[8,8,8]},"faces":{"north":{"uv":[12.66667,7.33333,11.33333,8],"texture":"#2"},"east":{"uv":[13.33333,8,12.66667,8.66667],"texture":"#2"},"south":{"uv":[9.33333,4.66667,8,5.33333],"texture":"#2"},"west":{"uv":[8.66667,12.66667,8,13.33333],"texture":"#2"},"up":{"uv":[7.33333,5.33333,6.66667,6.66667],"rotation":90,"texture":"#2"},"down":{"uv":[12,9.33333,11.33333,8],"rotation":270,"texture":"#2"}}},{"from":[6.55983,12.68897,6.11],"to":[7.63983,14.84897,7.19],"rotation":{"angle":22.5,"axis":"z","origin":[8,8,8]},"faces":{"north":{"uv":[12,5.33333,11.33333,6.83333],"texture":"#2"},"east":{"uv":[12,3.33333,11.33333,4.83333],"texture":"#2"},"south":{"uv":[12,1.33333,11.33333,2.83333],"texture":"#2"},"west":{"uv":[8.66667,10.66667,8,12.16667],"texture":"#2"},"up":{"uv":[13.33333,8.66667,12.66667,9.33333],"rotation":90,"texture":"#2"},"down":{"uv":[10,13.33333,9.33333,12.66667],"rotation":270,"texture":"#2"}}},{"from":[5.5,2.1,6.65],"to":[10.5,12.1,6.65],"rotation":{"angle":0,"axis":"y","origin":[8,8,8]},"faces":{"north":{"uv":[3.33333,0,6.66667,6.66667],"texture":"#2"},"east":{"uv":[0.1,0.1,0.1,6.66667],"texture":"#2"},"south":{"uv":[0,0,3.33333,6.66667],"texture":"#2"},"west":{"uv":[0.1,0.1,0.1,6.66667],"texture":"#2"},"up":{"uv":[0,3.33333,0,0],"rotation":90,"texture":"#2"},"down":{"uv":[0.1,0.1,0.1,3.33333],"rotation":270,"texture":"#2"}}},{"from":[9.79308,3.1,5.79605],"to":[11.19308,12.1,5.79605],"rotation":{"angle":-22.5,"axis":"y","origin":[8,8,8]},"faces":{"north":{"uv":[2.66667,6.66667,3.66667,12.66667],"texture":"#2"},"east":{"uv":[0.1,0.1,0.1,6],"texture":"#2"},"south":{"uv":[1.33333,6.66667,2.33333,12.66667],"texture":"#2"},"west":{"uv":[0.1,0.1,0.1,6],"texture":"#2"},"up":{"uv":[0,1,0,0],"rotation":90,"texture":"#2"},"down":{"uv":[0.1,0.1,0.1,1],"rotation":270,"texture":"#2"}}},{"from":[4.80692,3.1,5.79605],"to":[6.20692,12.1,5.79605],"rotation":{"angle":22.5,"axis":"y","origin":[8,8,8]},"faces":{"north":{"uv":[3.66667,6.66667,2.66667,12.66667],"texture":"#2"},"east":{"uv":[0.1,0.1,0.1,6],"texture":"#2"},"south":{"uv":[2.33333,6.66667,1.33333,12.66667],"texture":"#2"},"west":{"uv":[0.1,0.1,0.1,6],"texture":"#2"},"up":{"uv":[0.1,0.1,0.1,1],"rotation":90,"texture":"#2"},"down":{"uv":[0,1,0,0],"rotation":270,"texture":"#2"}}},{"from":[7,3.9,6.45],"to":[9,11.4,6.85],"rotation":{"angle":0,"axis":"y","origin":[8,8,8]},"faces":{"north":{"uv":[6.66667,0,8,5],"texture":"#2"},"east":{"uv":[6.66667,8.66667,7,13.66667],"texture":"#2"},"south":{"uv":[0,6.66667,1.33333,11.66667],"texture":"#2"},"west":{"uv":[9.33333,2,9.66667,7],"texture":"#2"},"up":{"uv":[13.66667,1.33333,13.33333,0],"rotation":90,"texture":"#2"},"down":{"uv":[1,13.33333,0.66667,14.66667],"rotation":270,"texture":"#2"}}},{"from":[4.35,11.45,6],"to":[11.65,18.75,6],"rotation":{"angle":0,"axis":"y","origin":[8,15.1,6]},"faces":{"north":{"uv":[0,0,16,16],"texture":"#1"},"east":{"uv":[0.1,0.1,0.1,2.5],"texture":"#1"},"south":{"uv":[0.1,0.1,0.1,0],"texture":"#1"},"west":{"uv":[0.1,0.1,0.1,2.5],"texture":"#1"},"up":{"uv":[0.1,0.1,0.1,2.5],"rotation":90,"texture":"#1"},"down":{"uv":[0.1,0.1,0.1,2.5],"rotation":270,"texture":"#1"}}}],"gui_light":"front","display":{"thirdperson_righthand":{"rotation":[0,-90,0],"translation":[3.5,-2,1.5],"scale":[1.5,1.5,1.5]},"thirdperson_lefthand":{"rotation":[0,-90,0],"translation":[3.5,-2,1.5],"scale":[1.5,1.5,1.5]},"firstperson_righthand":{"translation":[-4,2.5,5.25]},"firstperson_lefthand":{"translation":[-4,2.5,5.25]},"ground":{"rotation":[74,46,0],"translation":[0,0.5,0],"scale":[1.22852,1.22852,1.22852]},"gui":{"rotation":[0,180,0],"translation":[0,-1.25,0]},"head":{"scale":[0,0,0]},"fixed":{"translation":[0,0,-1.25],"scale":[2.78516,2.78516,2.78516]}}}