{"credit":"MadewithBlockbench","textures":{"1":"slayer_set:animation_1","2":"slayer_set:shovel","particle":"slayer_set:shovel"},"elements":[{"from":[7.35,-0.15,7.35],"to":[8.65,1.15,8.65],"rotation":{"angle":-45,"axis":"x","origin":[8,0.5,8]},"faces":{"north":{"uv":[9,10,10.25,11.25],"texture":"#2"},"east":{"uv":[0,11,1.25,12.25],"texture":"#2"},"south":{"uv":[11,0,12.25,1.25],"texture":"#2"},"west":{"uv":[2,11,3.25,12.25],"texture":"#2"},"up":{"uv":[12.25,3.25,11,2],"texture":"#2"},"down":{"uv":[12.25,4,11,5.25],"texture":"#2"}}},{"from":[7.45,9.65,7.35],"to":[8.55,11.95,9.65],"rotation":{"angle":-45,"axis":"x","origin":[8,10.3,8]},"faces":{"north":{"uv":[9,0,10,2.25],"texture":"#2"},"east":{"uv":[4,0,6.25,2.25],"texture":"#2"},"south":{"uv":[9,3,10,5.25],"texture":"#2"},"west":{"uv":[4,3,6.25,5.25],"texture":"#2"},"up":{"uv":[11,2.25,10,0],"texture":"#2"},"down":{"uv":[11,3,10,5.25],"texture":"#2"}}},{"from":[7.25,9.95,7.65],"to":[8.75,11.65,9.35],"rotation":{"angle":-45,"axis":"x","origin":[8,10.3,8]},"faces":{"north":{"uv":[4,8,5.5,9.75],"texture":"#2"},"east":{"uv":[2,5,3.75,6.75],"texture":"#2"},"south":{"uv":[8,6,9.5,7.75],"texture":"#2"},"west":{"uv":[4,6,5.75,7.75],"texture":"#2"},"up":{"uv":[9.5,9.75,8,8],"texture":"#2"},"down":{"uv":[1.5,9,0,10.75],"texture":"#2"}}},{"from":[7.5,0.9,7.5],"to":[8.5,1.9,8.5],"rotation":{"angle":0,"axis":"x","origin":[8,1.4,8]},"faces":{"north":{"uv":[10,9,11,10],"texture":"#2"},"east":{"uv":[6,11,7,12],"texture":"#2"},"south":{"uv":[7,11,8,12],"texture":"#2"},"west":{"uv":[11,7,12,8],"texture":"#2"},"up":{"uv":[12,9,11,8],"texture":"#2"},"down":{"uv":[12,9,11,10],"texture":"#2"}}},{"from":[7.6,1.9,7.6],"to":[8.4,5.9,8.4],"rotation":{"angle":0,"axis":"x","origin":[8,2.4,8]},"faces":{"north":{"uv":[6,6,6.75,10],"texture":"#2"},"east":{"uv":[7,0,7.75,4],"texture":"#2"},"south":{"uv":[2,7,2.75,11],"texture":"#2"},"west":{"uv":[3,7,3.75,11],"texture":"#2"},"up":{"uv":[12.75,12.75,12,12],"texture":"#2"},"down":{"uv":[0.75,13,0,13.75],"texture":"#2"}}},{"from":[7.6,8.9,7.6],"to":[8.4,9.9,8.4],"rotation":{"angle":0,"axis":"x","origin":[8,9.4,8]},"faces":{"north":{"uv":[10,12,10.75,13],"texture":"#2"},"east":{"uv":[12,10,12.75,11],"texture":"#2"},"south":{"uv":[11,12,11.75,13],"texture":"#2"},"west":{"uv":[12,11,12.75,12],"texture":"#2"},"up":{"uv":[13.75,0.75,13,0],"texture":"#2"},"down":{"uv":[1.75,13,1,13.75],"texture":"#2"}}},{"from":[7.5,2.9,7.5],"to":[8.5,3.4,8.5],"rotation":{"angle":0,"axis":"x","origin":[8,3.4,8]},"faces":{"north":{"uv":[13,1,14,1.5],"texture":"#2"},"east":{"uv":[2,13,3,13.5],"texture":"#2"},"south":{"uv":[13,2,14,2.5],"texture":"#2"},"west":{"uv":[3,13,4,13.5],"texture":"#2"},"up":{"uv":[12,11,11,10],"texture":"#2"},"down":{"uv":[12,11,11,12],"texture":"#2"}}},{"from":[7.5,3.9,7.5],"to":[8.5,4.4,8.5],"rotation":{"angle":0,"axis":"x","origin":[8,4.4,8]},"faces":{"north":{"uv":[13,3,14,3.5],"texture":"#2"},"east":{"uv":[13,4,14,4.5],"texture":"#2"},"south":{"uv":[13,5,14,5.5],"texture":"#2"},"west":{"uv":[6,13,7,13.5],"texture":"#2"},"up":{"uv":[7,13,6,12],"texture":"#2"},"down":{"uv":[13,6,12,7],"texture":"#2"}}},{"from":[7.55,3.4,7.55],"to":[8.45,3.9,8.45],"rotation":{"angle":0,"axis":"x","origin":[8,3.9,8]},"faces":{"north":{"uv":[13,6,14,6.5],"texture":"#2"},"east":{"uv":[7,13,8,13.5],"texture":"#2"},"south":{"uv":[13,7,14,7.5],"texture":"#2"},"west":{"uv":[8,13,9,13.5],"texture":"#2"},"up":{"uv":[8,13,7,12],"texture":"#2"},"down":{"uv":[13,7,12,8],"texture":"#2"}}},{"from":[7.75,11.86522,5.59625],"to":[8.25,15.86522,6.59625],"rotation":{"angle":0,"axis":"x","origin":[8,11.86522,4.99625]},"faces":{"north":{"uv":[4,10,4.5,14],"texture":"#2"},"east":{"uv":[0,5,1,9],"texture":"#2"},"south":{"uv":[5,10,5.5,14],"texture":"#2"},"west":{"uv":[1,5,2,9],"texture":"#2"},"up":{"uv":[13.5,9,13,8],"texture":"#2"},"down":{"uv":[9.5,13,9,14],"texture":"#2"}}},{"from":[7.5,11.34221,5.85918],"to":[8.5,12.34221,7.85918],"rotation":{"angle":22.5,"axis":"x","origin":[8,12.26463,7.04239]},"faces":{"north":{"uv":[8,12,9,13],"texture":"#2"},"east":{"uv":[6,10,8,11],"texture":"#2"},"south":{"uv":[12,8,13,9],"texture":"#2"},"west":{"uv":[10,6,12,7],"texture":"#2"},"up":{"uv":[11,9,10,7],"texture":"#2"},"down":{"uv":[9,10,8,12],"texture":"#2"}}},{"from":[7.75,11.86522,9.40375],"to":[8.25,15.86522,10.40375],"rotation":{"angle":0,"axis":"x","origin":[8,11.86522,11.00375]},"faces":{"north":{"uv":[5.5,10,5,14],"texture":"#2"},"east":{"uv":[1,5,0,9],"texture":"#2"},"south":{"uv":[4.5,10,4,14],"texture":"#2"},"west":{"uv":[2,5,1,9],"texture":"#2"},"up":{"uv":[13.5,8,13,9],"texture":"#2"},"down":{"uv":[9.5,14,9,13],"texture":"#2"}}},{"from":[7.5,11.34221,8.14082],"to":[8.5,12.34221,10.14082],"rotation":{"angle":-22.5,"axis":"x","origin":[8,12.26463,8.95761]},"faces":{"north":{"uv":[13,8,12,9],"texture":"#2"},"east":{"uv":[8,10,6,11],"texture":"#2"},"south":{"uv":[9,12,8,13],"texture":"#2"},"west":{"uv":[12,6,10,7],"texture":"#2"},"up":{"uv":[11,7,10,9],"texture":"#2"},"down":{"uv":[9,12,8,10],"texture":"#2"}}},{"from":[7.5,5.9,7.5],"to":[8.5,8.9,8.5],"rotation":{"angle":0,"axis":"y","origin":[7.1,3.8,7.1]},"faces":{"north":{"uv":[7,7,8,10],"texture":"#2"},"east":{"uv":[8,7,7,10],"texture":"#2"},"south":{"uv":[9,3,8,6],"texture":"#2"},"west":{"uv":[8,3,9,6],"texture":"#2"},"up":{"uv":[10,13,9,12],"texture":"#2"},"down":{"uv":[13,9,12,10],"texture":"#2"}}},{"from":[8,12,6],"to":[8,17,10],"rotation":{"angle":0,"axis":"y","origin":[8,6,7]},"faces":{"north":{"uv":[0.1,0.1,0.1,5],"texture":"#2"},"east":{"uv":[4,0,0,5],"texture":"#2"},"south":{"uv":[0.1,0.1,0.1,5],"texture":"#2"},"west":{"uv":[0,0,4,5],"texture":"#2"},"up":{"uv":[0,4,0,0],"texture":"#2"},"down":{"uv":[0.1,0.1,0.1,4],"texture":"#2"}}},{"from":[7.278,10.45,6.55],"to":[7.278,17.75,13.85],"rotation":{"angle":45,"axis":"x","origin":[8,13.8,8.9]},"faces":{"north":{"uv":[0.1,0.1,0.1,3.75],"texture":"#1"},"east":{"uv":[0.1,0.1,0.1,0],"texture":"#1"},"south":{"uv":[0.1,0.1,0.1,3.75],"texture":"#1"},"west":{"uv":[0,0,16,16],"texture":"#1"},"up":{"uv":[0.1,0.1,0.1,3.75],"texture":"#1"},"down":{"uv":[0.1,0.1,0.1,3.75],"texture":"#1"}}},{"from":[8.722,10.45,6.55],"to":[8.722,17.75,13.85],"rotation":{"angle":45,"axis":"x","origin":[8,13.8,8.9]},"faces":{"north":{"uv":[0.1,0.1,0.1,3.75],"texture":"#1"},"east":{"uv":[16,0,0,16],"texture":"#1"},"south":{"uv":[0.1,0.1,0.1,3.75],"texture":"#1"},"west":{"uv":[0.1,0.1,0.1,0],"texture":"#1"},"up":{"uv":[0.1,0.1,0.1,3.75],"texture":"#1"},"down":{"uv":[0.1,0.1,0.1,3.75],"texture":"#1"}}}],"gui_light":"front","display":{"thirdperson_righthand":{"rotation":[0,1,15],"translation":[-0.5,2.5,1.5],"scale":[1.13086,1.13086,1.13086]},"thirdperson_lefthand":{"rotation":[0,1,15],"translation":[-0.5,2.5,1.5],"scale":[1.13086,1.13086,1.13086]},"firstperson_righthand":{"rotation":[-21,12,12],"translation":[-0.75,3.75,2.5],"scale":[0.89063,0.87695,0.89063]},"firstperson_lefthand":{"rotation":[-21,12,12],"translation":[-0.75,3.75,2.5],"scale":[0.89063,0.87695,0.89063]},"ground":{"rotation":[0,0,80],"translation":[0.25,1.25,1],"scale":[0.91602,0.91602,0.91602]},"gui":{"rotation":[90,-135,90],"translation":[-0.75,-0.75,0]},"head":{"scale":[0,0,0]},"fixed":{"rotation":[0,-90,0],"translation":[0,2.25,-2.25],"scale":[2.41211,2.41211,2.41211]}}}