{"credit":"MadewithBlockbench","textures":{"1":"slayer_set:animation_2","2":"slayer_set:staff","particle":"slayer_set:staff"},"elements":[{"from":[7.35,-0.15,7.35],"to":[8.65,1.15,8.65],"rotation":{"angle":-45,"axis":"x","origin":[8,0.5,8]},"faces":{"north":{"uv":[7,12,8.25,13.25],"texture":"#2"},"east":{"uv":[12,7,13.25,8.25],"texture":"#2"},"south":{"uv":[12,9,13.25,10.25],"texture":"#2"},"west":{"uv":[12,11,13.25,12.25],"texture":"#2"},"up":{"uv":[1.25,14.25,0,13],"texture":"#2"},"down":{"uv":[14.25,0,13,1.25],"texture":"#2"}}},{"from":[7.45,14.65,7.35],"to":[8.55,16.95,9.65],"rotation":{"angle":-45,"axis":"x","origin":[8,15.3,8]},"faces":{"north":{"uv":[10,10,11,12.25],"texture":"#2"},"east":{"uv":[4,0,6.25,2.25],"texture":"#2"},"south":{"uv":[11,0,12,2.25],"texture":"#2"},"west":{"uv":[4,3,6.25,5.25],"texture":"#2"},"up":{"uv":[12,5.25,11,3],"texture":"#2"},"down":{"uv":[12,10,11,12.25],"texture":"#2"}}},{"from":[7.25,14.95,7.65],"to":[8.75,16.65,9.35],"rotation":{"angle":-45,"axis":"x","origin":[8,15.3,8]},"faces":{"north":{"uv":[4,10,5.5,11.75],"texture":"#2"},"east":{"uv":[7,4,8.75,5.75],"texture":"#2"},"south":{"uv":[10,6,11.5,7.75],"texture":"#2"},"west":{"uv":[4,8,5.75,9.75],"texture":"#2"},"up":{"uv":[9.5,11.75,8,10],"texture":"#2"},"down":{"uv":[11.5,8,10,9.75],"texture":"#2"}}},{"from":[7.5,0.9,7.5],"to":[8.5,1.9,8.5],"rotation":{"angle":0,"axis":"x","origin":[8,1.4,8]},"faces":{"north":{"uv":[9,12,10,13],"texture":"#2"},"east":{"uv":[2,13,3,14],"texture":"#2"},"south":{"uv":[13,2,14,3],"texture":"#2"},"west":{"uv":[3,13,4,14],"texture":"#2"},"up":{"uv":[14,4,13,3],"texture":"#2"},"down":{"uv":[5,13,4,14],"texture":"#2"}}},{"from":[7.6,1.9,7.6],"to":[8.4,5.9,8.4],"rotation":{"angle":0,"axis":"x","origin":[8,2.4,8]},"faces":{"north":{"uv":[6,8,6.75,12],"texture":"#2"},"east":{"uv":[8,6,8.75,10],"texture":"#2"},"south":{"uv":[7,8,7.75,12],"texture":"#2"},"west":{"uv":[0,9,0.75,13],"texture":"#2"},"up":{"uv":[14.75,12.75,14,12],"texture":"#2"},"down":{"uv":[13.75,14,13,14.75],"texture":"#2"}}},{"from":[7.6,8.9,7.6],"to":[8.4,9.9,8.4],"rotation":{"angle":0,"axis":"x","origin":[8,9.4,8]},"faces":{"north":{"uv":[14,10,14.75,11],"texture":"#2"},"east":{"uv":[11,14,11.75,15],"texture":"#2"},"south":{"uv":[14,11,14.75,12],"texture":"#2"},"west":{"uv":[12,14,12.75,15],"texture":"#2"},"up":{"uv":[14.75,13.75,14,13],"texture":"#2"},"down":{"uv":[14.75,14,14,14.75],"texture":"#2"}}},{"from":[7.5,2.9,7.5],"to":[8.5,3.4,8.5],"rotation":{"angle":0,"axis":"x","origin":[8,3.4,8]},"faces":{"north":{"uv":[1,15,2,15.5],"texture":"#2"},"east":{"uv":[15,1,16,1.5],"texture":"#2"},"south":{"uv":[2,15,3,15.5],"texture":"#2"},"west":{"uv":[15,2,16,2.5],"texture":"#2"},"up":{"uv":[6,14,5,13],"texture":"#2"},"down":{"uv":[14,5,13,6],"texture":"#2"}}},{"from":[7.5,3.9,7.5],"to":[8.5,4.4,8.5],"rotation":{"angle":0,"axis":"x","origin":[8,4.4,8]},"faces":{"north":{"uv":[3,15,4,15.5],"texture":"#2"},"east":{"uv":[15,3,16,3.5],"texture":"#2"},"south":{"uv":[4,15,5,15.5],"texture":"#2"},"west":{"uv":[15,4,16,4.5],"texture":"#2"},"up":{"uv":[14,7,13,6],"texture":"#2"},"down":{"uv":[10,13,9,14],"texture":"#2"}}},{"from":[7.55,3.4,7.55],"to":[8.45,3.9,8.45],"rotation":{"angle":0,"axis":"x","origin":[8,3.9,8]},"faces":{"north":{"uv":[5,15,6,15.5],"texture":"#2"},"east":{"uv":[15,5,16,5.5],"texture":"#2"},"south":{"uv":[6,15,7,15.5],"texture":"#2"},"west":{"uv":[15,6,16,6.5],"texture":"#2"},"up":{"uv":[11,14,10,13],"texture":"#2"},"down":{"uv":[12,13,11,14],"texture":"#2"}}},{"from":[7.5,9.9,7.5],"to":[8.5,10.9,8.5],"rotation":{"angle":0,"axis":"x","origin":[8,10.4,8]},"faces":{"north":{"uv":[12,13,13,14],"texture":"#2"},"east":{"uv":[13,13,14,14],"texture":"#2"},"south":{"uv":[2,14,3,15],"texture":"#2"},"west":{"uv":[14,2,15,3],"texture":"#2"},"up":{"uv":[4,15,3,14],"texture":"#2"},"down":{"uv":[15,3,14,4],"texture":"#2"}}},{"from":[7.6,10.9,7.6],"to":[8.4,14.9,8.4],"rotation":{"angle":0,"axis":"x","origin":[8,11.4,8]},"faces":{"north":{"uv":[9,0,9.75,4],"texture":"#2"},"east":{"uv":[1,9,1.75,13],"texture":"#2"},"south":{"uv":[2,9,2.75,13],"texture":"#2"},"west":{"uv":[3,9,3.75,13],"texture":"#2"},"up":{"uv":[0.75,15.75,0,15],"texture":"#2"},"down":{"uv":[15.75,0,15,0.75],"texture":"#2"}}},{"from":[7.5,11.9,7.5],"to":[8.5,12.4,8.5],"rotation":{"angle":0,"axis":"x","origin":[8,12.4,8]},"faces":{"north":{"uv":[15,7,16,7.5],"texture":"#2"},"east":{"uv":[8,15,9,15.5],"texture":"#2"},"south":{"uv":[15,8,16,8.5],"texture":"#2"},"west":{"uv":[9,15,10,15.5],"texture":"#2"},"up":{"uv":[5,15,4,14],"texture":"#2"},"down":{"uv":[15,4,14,5],"texture":"#2"}}},{"from":[7.5,12.9,7.5],"to":[8.5,13.4,8.5],"rotation":{"angle":0,"axis":"x","origin":[8,13.4,8]},"faces":{"north":{"uv":[15,9,16,9.5],"texture":"#2"},"east":{"uv":[10,15,11,15.5],"texture":"#2"},"south":{"uv":[15,10,16,10.5],"texture":"#2"},"west":{"uv":[11,15,12,15.5],"texture":"#2"},"up":{"uv":[6,15,5,14],"texture":"#2"},"down":{"uv":[15,5,14,6],"texture":"#2"}}},{"from":[7.55,12.4,7.55],"to":[8.45,12.9,8.45],"rotation":{"angle":0,"axis":"x","origin":[8,12.9,8]},"faces":{"north":{"uv":[15,11,16,11.5],"texture":"#2"},"east":{"uv":[12,15,13,15.5],"texture":"#2"},"south":{"uv":[15,12,16,12.5],"texture":"#2"},"west":{"uv":[13,15,14,15.5],"texture":"#2"},"up":{"uv":[7,15,6,14],"texture":"#2"},"down":{"uv":[15,6,14,7],"texture":"#2"}}},{"from":[7.75,16.48156,4.70168],"to":[8.25,18.48156,5.70168],"rotation":{"angle":-22.5,"axis":"x","origin":[8,16.80478,5.48201]},"faces":{"north":{"uv":[7,14,7.5,16],"texture":"#2"},"east":{"uv":[12,0,13,2],"texture":"#2"},"south":{"uv":[14,7,14.5,9],"texture":"#2"},"west":{"uv":[12,2,13,4],"texture":"#2"},"up":{"uv":[15.5,14,15,13],"texture":"#2"},"down":{"uv":[14.5,15,14,16],"texture":"#2"}}},{"from":[7.5,16.02445,5.15879],"to":[8.5,17.02445,7.15879],"rotation":{"angle":22.5,"axis":"x","origin":[8,16.80478,5.48201]},"faces":{"north":{"uv":[8,14,9,15],"texture":"#2"},"east":{"uv":[4,12,6,13],"texture":"#2"},"south":{"uv":[9,14,10,15],"texture":"#2"},"west":{"uv":[12,4,14,5],"texture":"#2"},"up":{"uv":[13,7,12,5],"texture":"#2"},"down":{"uv":[7,12,6,14],"texture":"#2"}}},{"from":[7.5,5.9,7.5],"to":[8.5,8.9,8.5],"rotation":{"angle":0,"axis":"y","origin":[7.1,3.8,7.1]},"faces":{"north":{"uv":[9,4,10,7],"texture":"#2"},"east":{"uv":[9,7,10,10],"texture":"#2"},"south":{"uv":[10,0,11,3],"texture":"#2"},"west":{"uv":[10,3,11,6],"texture":"#2"},"up":{"uv":[15,10,14,9],"texture":"#2"},"down":{"uv":[11,14,10,15],"texture":"#2"}}},{"from":[8,14,3],"to":[8,21,7],"rotation":{"angle":-22.5,"axis":"x","origin":[8,17.5,5]},"faces":{"north":{"uv":[0.1,0.1,0.1,7],"texture":"#2"},"east":{"uv":[4,0,0,7],"texture":"#2"},"south":{"uv":[0.1,0.1,0.1,7],"texture":"#2"},"west":{"uv":[0,0,4,7],"texture":"#2"},"up":{"uv":[0,4,0,0],"texture":"#2"},"down":{"uv":[0.1,0.1,0.1,4],"texture":"#2"}}},{"from":[8,14,9],"to":[8,21,13],"rotation":{"angle":22.5,"axis":"x","origin":[8,17.5,11]},"faces":{"north":{"uv":[0.1,0.1,0.1,7],"texture":"#2"},"east":{"uv":[0,0,4,7],"texture":"#2"},"south":{"uv":[0.1,0.1,0.1,7],"texture":"#2"},"west":{"uv":[4,0,0,7],"texture":"#2"},"up":{"uv":[0.1,0.1,0.1,4],"texture":"#2"},"down":{"uv":[0,4,0,0],"texture":"#2"}}},{"from":[7.5,16.02445,8.84121],"to":[8.5,17.02445,10.84121],"rotation":{"angle":-22.5,"axis":"x","origin":[8,16.80478,10.51799]},"faces":{"north":{"uv":[10,14,9,15],"texture":"#2"},"east":{"uv":[6,12,4,13],"texture":"#2"},"south":{"uv":[9,14,8,15],"texture":"#2"},"west":{"uv":[14,4,12,5],"texture":"#2"},"up":{"uv":[13,5,12,7],"texture":"#2"},"down":{"uv":[7,14,6,12],"texture":"#2"}}},{"from":[7.75,16.48156,10.29832],"to":[8.25,18.48156,11.29832],"rotation":{"angle":22.5,"axis":"x","origin":[8,16.80478,10.51799]},"faces":{"north":{"uv":[14.5,7,14,9],"texture":"#2"},"east":{"uv":[13,0,12,2],"texture":"#2"},"south":{"uv":[7.5,14,7,16],"texture":"#2"},"west":{"uv":[13,2,12,4],"texture":"#2"},"up":{"uv":[15.5,13,15,14],"texture":"#2"},"down":{"uv":[14.5,16,14,15],"texture":"#2"}}},{"from":[7,18.6,7],"to":[9,20.6,9],"rotation":{"angle":-45,"axis":"x","origin":[8,19.6,8]},"faces":{"north":{"uv":[7,0,9,2],"texture":"#2"},"east":{"uv":[7,0,9,2],"texture":"#2"},"south":{"uv":[7,0,9,2],"texture":"#2"},"west":{"uv":[7,0,9,2],"texture":"#2"},"up":{"uv":[9,2,7,0],"texture":"#2"},"down":{"uv":[9,0,7,2],"texture":"#2"}}},{"from":[8,15.85,4.35],"to":[8,23.15,11.65],"rotation":{"angle":45,"axis":"y","origin":[8,19.5,8]},"faces":{"north":{"uv":[0.1,0.1,0.1,3.75],"texture":"#1"},"east":{"uv":[16,0,0,16],"texture":"#1"},"south":{"uv":[0.1,0.1,0.1,3.75],"texture":"#1"},"west":{"uv":[0,0,16,16],"texture":"#1"},"up":{"uv":[0.1,0.1,0.1,3.75],"texture":"#1"},"down":{"uv":[0.1,0.1,0.1,3.75],"texture":"#1"}}},{"from":[8,15.85,4.35],"to":[8,23.15,11.65],"rotation":{"angle":-45,"axis":"y","origin":[8,19.5,8]},"faces":{"north":{"uv":[0.1,0.1,0.1,3.75],"texture":"#1"},"east":{"uv":[16,0,0,16],"texture":"#1"},"south":{"uv":[0.1,0.1,0.1,3.75],"texture":"#1"},"west":{"uv":[0,0,16,16],"texture":"#1"},"up":{"uv":[0.1,0.1,0.1,3.75],"texture":"#1"},"down":{"uv":[0.1,0.1,0.1,3.75],"texture":"#1"}}}],"gui_light":"front","display":{"thirdperson_righthand":{"rotation":[40,37,3],"translation":[0,-1,1]},"thirdperson_lefthand":{"rotation":[40,37,3],"translation":[0,-1,1]},"firstperson_righthand":{"rotation":[-10,15,10],"translation":[0.25,0.75,1],"scale":[0.86133,0.86133,0.86133]},"firstperson_lefthand":{"rotation":[-10,15,10],"translation":[0.25,0.75,1],"scale":[0.86133,0.86133,0.86133]},"ground":{"rotation":[0,0,83],"translation":[2,-1.5,0],"scale":[0.86914,0.86914,0.86914]},"gui":{"rotation":[90,-135,90],"translation":[-2.5,-2.75,0],"scale":[0.74609,0.74609,0.74609]},"head":{"scale":[0,0,0]},"fixed":{"rotation":[0,-90,0],"translation":[0,-5.75,-1.5],"scale":[2.16602,2.16602,2.16602]}}}